corpus_id,manuscript_reference_number,citation_key,year,title,authors,journal_venue,doi_or_stable_url,manuscript_reference,review_role,coding_source,coding_completeness,study_type,av_cav_technology,primary_theme,relevance_tier,av_cav_decision_lever,design_method,coordination_implementation_mode,operational_application,facility_system_scale,mixed_traffic_condition,evidence_setting,congestion_mechanism,congestion_metric,key_finding,main_limitation,lane_changing_modeled,routing_modeled,source_ids,source,verification_status,audit_note,legacy_control_dimension,legacy_control_method,legacy_traffic_setting,legacy_congestion_mechanism,legacy_evaluation_metrics
M001,1,Adam 2025,2025,A Systematic Review of the Impact of Autonomous Vehicles on Transportation Networks,Reem Adam | Ahmed Alhammadi | Akmal Abdelfatah | Tarig Ali,Journal of Sustainable Development of Energy Water and Environment Systems,https://doi.org/10.13044/j.sdewes.d13.0583,"Adam, R., Alhammadi, A., Abdelfatah, A., & Ali, T. (2025). A Systematic Review of the Impact of Autonomous Vehicles on Transportation Networks. Journal of Sustainable Development of Energy, Water and Environment Systems, 13(3), 1-26. https://doi.org/10.13044/j.sdewes.d13.0583",Included only as system context,Authoritative 216-record matrix; manuscript-linked retained reference,Coded record available in authoritative matrix; current-taxonomy fields harmonized for corpus,"Systematic
 review",AV | CAV,Network-level AV impacts,Tier 2,Lane choice,Not applicable,Not applicable / not clearly specified,Routing / dynamic traffic assignment / managed-lane operation,Mixed networks with AV-exclusive lanes,AV | CAV; Penetration/controllable-share assumption; Controller/driver heterogeneity,Network/demand model,Bottleneck activation/throughput | Network congestion distribution | Lane-changing friction / gaps,travel time | delay | throughput/capacity | speed/stability | conflicts,Adam et al. 2025 reviewed AV impacts on transportation networks using PRISMA-style literature review methods. The review reports that AVs can reduce travel time delay and congestion at suitable penetration rates but dedicated AV lanes may worsen congestion for non-AV traffic at low penetration or poor placement.,Secondary review evidence rather than original modeling. Findings aggregate heterogeneous studies with different scenarios assumptions and validation levels.,Yes,Yes,Perplexity table P20,Perplexity selected table,matched to uploaded coded matrix,Excluded from application-map support if foundational/review-only.,Route/network/lane-use,Review/survey,Mixed networks with AV-exclusive lanes,Bottleneck activation/throughput | Network congestion distribution | Lane-changing friction / gaps,travel time | delay | throughput/capacity | speed/stability | conflicts
M002,2,Majeed Algomaiah 2022,2022,Enhancing Work Zone Capacity by a Cooperative Late Merge System Using Decentralized and Centralized Control Strategies,Majeed Algomaiah and Zhixia Li,"Journal of Transportation Engineering, Part A: Systems",https://doi.org/10.1061/JTEPBS.0000632,"Algomaiah, M., & Li, Z. (2022). Enhancing work zone capacity by a cooperative late merge system using decentralized and centralized control strategies. Journal of Transportation Engineering, Part A: Systems. https://doi.org/10.1061/JTEPBS.0000632",Included as direct evidence,Authoritative 216-record matrix; manuscript-linked retained reference,Coded record available in authoritative matrix; current-taxonomy fields harmonized for corpus,Microscopic simulation (VISSIM); optimization/control,CV; CAV,Direct bottleneck/congestion mitigation,Tier 1,Desired speed; Merge/yield/gap-acceptance decision,Optimal control,Centralized; Distributed/decentralized; Cooperative V2V; Infrastructure-assisted V2I/I2V,Cooperative merging / coordinated gap creation / ramp coordination; Integrated longitudinal–lateral bottleneck control; Speed harmonization / dynamic headway / bottleneck-inflow regulation,work zone; lane-drop bottleneck; merge/merging area,CV; CAV; Compliance assumption; Communication-reliability assumption,Simulation,Bottleneck activation/throughput; Capacity drop; Queue formation/discharge; Lane-changing friction / gaps,throughput/capacity; delay; queue length; speed/headway; lane-changing duration,"Algomaiah and Li (2022) studied cooperative late merge systems for CV/CAV work-zone lane closures using decentralized V2V/I2V cooperation and centralized CAV speed harmonization/gap optimization. The VISSIM simulations found the decentralized CLMS increased capacity by 17% and the centralized CLMS by 45% versus a traditional work zone, with reduced delay and queue length.","Simulation-only evidence for a particular two-lane highway lane-closure scenario; assumptions include DSRC communication, compliance rates, CAV headways, and 100% CAV for the centralized case. Authors identify future needs for multilane closures, alternative lane-changing models, late-merge-area sensitivity, and platoon-size analysis.",Yes,No/unclear,Undermind #90,Undermind catalog,matched to uploaded coded matrix,,Longitudinal; Lateral/merging; Cooperative,Cooperative late merge; Optimization/optimal control; Speed harmonization,work zone; lane-drop bottleneck; merge/merging area,Bottleneck activation/throughput; Capacity drop; Queue formation/discharge; Lane-changing friction / gaps,throughput/capacity; delay; queue length; speed/headway; lane-changing duration
M003,3,Gihyeob An 2019,2019,Lane-Changing Trajectory Optimization to Minimize Traffic Flow Disturbance in a Connected Automated Driving Environment,Gihyeob An and Alireza Talebpour,2019 IEEE Intelligent Transportation Systems Conference (ITSC),https://doi.org/10.1109/ITSC.2019.8916942,"An, G., & Talebpour, A. (2019). Lane-changing trajectory optimization to minimize traffic flow disturbance in a connected automated driving environment. 2019 IEEE Intelligent Transportation Systems Conference (ITSC). https://doi.org/10.1109/ITSC.2019.8916942",Included as direct evidence,Authoritative 216-record matrix; manuscript-linked retained reference,Coded record available in authoritative matrix; current-taxonomy fields harmonized for corpus,Analytical/modeling + simulation,CAV; AV; V2V,Direct bottleneck/congestion mitigation,Tier 1,Acceleration/deceleration; Desired time headway/spacing gap; Lane-change timing/execution,MPC; Optimal control,Cooperative V2V,Integrated longitudinal–lateral bottleneck control,lane-changing scenario; platoon; freeway/highway segment,CAV; AV; V2V; Penetration/controllable-share assumption; Communication-reliability assumption,Analytical/theoretical; Simulation,Lane-changing friction / gaps; Shockwave propagation; Stop-and-go waves / flow stability,total deceleration effort; acceleration; jerk; shockwave magnitude; speed recovery,"An and Talebpour 2019 studied joint optimization of a CAV lane-changing trajectory and MPC-based longitudinal response of the impacted target-lane vehicle. The study found that optimizing a sixth-order polynomial lane-change trajectory reduced total deceleration effort and produced less severe shockwaves, but the evaluation used simplified analytical and simulation scenarios with 100% CAV platoons.","Limited to discretionary lane-change scenarios, assumed V2V information and known MPC structure, used small simulated platoons with 100% CAV market penetration, and did not validate in field traffic.",Yes,No,Undermind #50,Undermind catalog,matched to uploaded coded matrix,,Lateral; Longitudinal; Cooperative,MPC; Optimization/optimal control; Trajectory optimization; Lane-changing control,lane-changing scenario; platoon; freeway/highway segment,Lane-changing friction / gaps; Shockwave propagation; Stop-and-go waves / flow stability,total deceleration effort; acceleration; jerk; shockwave magnitude; speed recovery
M004,4,An et al. 2023,2023,Speed Harmonization for Partially Connected and Automated Traffic,"Lianhua An, Xianfeng Yang, Dong-Kyu Kim, Jia Hu, Guan Wang, and Zhigang Xu",IEEE Transactions on Intelligent Transportation Systems,https://doi.org/10.1109/TITS.2023.3287336,"An, L., Yang, X., Kim, D.-K., Hu, J., Wang, G., & Xu, Z. (2023). Speed harmonization for partially connected and automated traffic. IEEE Transactions on Intelligent Transportation Systems. https://doi.org/10.1109/TITS.2023.3287336",Included as direct evidence,Authoritative 216-record matrix; manuscript-linked retained reference,Coded record available in authoritative matrix; current-taxonomy fields harmonized for corpus,Analytical/control design + microscopic simulation,CAV in mixed traffic,Longitudinal control,Tier 1,Desired speed,Rule-based/control law,Individual/onboard or not clearly specified,Speed harmonization / dynamic headway / bottleneck-inflow regulation,multi-lane freeway; on-ramp bottleneck,CAV in mixed traffic; HDV/mixed-traffic behavior,Analytical/theoretical; Simulation,Capacity drop; Bottleneck activation/throughput; Traffic breakdown; Stop-and-go waves,control accuracy; settling time; flow rate; cumulative delay; stops,An et al. 2023 proposed a speed harmonization controller that regulates total traffic flow by adjusting only CAV target cruising speeds in partially connected automated traffic. The study reported over 80% control accuracy and showed that bottleneck control increased flow rate by about 6% reduced stops by up to 90% and reduced delay by about 5% by preventing breakdown and capacity drop.,Simulation-only evidence; performance degrades for target demand drops above 20%; relies on traffic-state measurement and density estimates; benchmark is no-control rather than a broad set of competing controllers.,No/unclear,No,Undermind #12; Undermind #148,Undermind catalog,matched to uploaded coded matrix,,Longitudinal,Feedback linearization; PID; speed harmonization,multi-lane freeway; on-ramp bottleneck,Capacity drop; Bottleneck activation/throughput; Traffic breakdown; Stop-and-go waves,control accuracy; settling time; flow rate; cumulative delay; stops
M005,5,Yu Bai 2022,2022,Cooperative weaving for connected and automated vehicles to reduce traffic oscillation,"Yu Bai, Yu Zhang, Xin Li, and Jia Hu",Transportmetrica A: Transport Science,https://doi.org/10.1080/23249935.2019.1645758,"Bai, Y., Zhang, Y., Li, X., & Hu, J. (2022). Cooperative weaving for connected and automated vehicles to reduce traffic oscillation. Transportmetrica A: Transport Science. https://doi.org/10.1080/23249935.2019.1645758",Included as direct evidence,Authoritative 216-record matrix; manuscript-linked retained reference,Coded record available in authoritative matrix; current-taxonomy fields harmonized for corpus,Simulation with MPC cooperative motion planning,CAV,Direct bottleneck/congestion mitigation,Tier 1,Not clearly specified,MPC,Cooperative V2V,Cooperative merging / coordinated gap creation / ramp coordination; Integrated longitudinal–lateral bottleneck control,weaving/diverge; freeway bottleneck,CAV; Communication-reliability assumption,Simulation,Lane-changing friction / gaps; Stop-and-go waves / flow stability; Bottleneck activation/throughput,speed reduction; traffic oscillation reduction; speed profiles; computation time,Bai et al. 2022 proposed an MPC cooperative weaving planner for CAVs in freeway weaving areas. The simulation found traffic oscillation reductions of 2.7% to 28.0% versus an IDM human-driver baseline using speed reduction of tail vehicles and computation time under 20 ms.,Simulation-only evidence; all vehicles in the scope of interest are assumed to be CAVs; simplified six-vehicle weaving case; baseline assumes polite drivers and ignores stochasticity and imprecision; robustness and field validation are left for future work.,Yes,No/unclear,Undermind #173,Undermind catalog,matched to uploaded coded matrix,,Longitudinal; Lateral/merging; Cooperative,MPC; Cooperative motion planning,weaving/diverge; freeway bottleneck,Lane-changing friction / gaps; Stop-and-go waves / flow stability; Bottleneck activation/throughput,speed reduction; traffic oscillation reduction; speed profiles; computation time
M006,6,J. Banks 1991,1991,THE TWO-CAPACITY PHENOMENON: SOME THEORETICAL ISSUES,James H. Banks,Transportation Research Record,http://onlinepubs.trb.org/Onlinepubs/trr/1991/1320/1320-027.pdf,"Banks, J. H. (1991). The two-capacity phenomenon: Some theoretical issues. Transportation Research Record. http://onlinepubs.trb.org/Onlinepubs/trr/1991/1320/1320-027.pdf",Included as mechanism-supporting evidence,Authoritative 216-record matrix; manuscript-linked retained reference,Coded record available in authoritative matrix; current-taxonomy fields harmonized for corpus,Empirical and theoretical analysis,N/A or needs verification,Foundational traffic-flow theory,Tier 3,Acceleration/deceleration; Desired time headway/spacing gap,Other / not clearly specified,Not applicable / not clearly specified,Not applicable,freeway bottlenecks; San Diego freeway sites,N/A or needs verification,Analytical/theoretical,Capacity drop; Bottleneck activation/throughput; Stop-and-go waves / flow stability; Queueing/delay,throughput/capacity; detector counts; time headway; time gap; speed and flow,Banks 1991 examined the two-capacity phenomenon using San Diego freeway bottleneck observations and car-following theory. The study found downstream flow often decreased after queue formation and attributed most of the drop to increased vehicle passage time after speed reductions with breakdown triggered by speed instability.,Limited to four San Diego bottlenecks; theoretical explanation depended on simplified linear car-following assumptions and several validity questions remained,No/unclear,No/unclear,Undermind #186,Undermind catalog,matched to uploaded coded matrix,Excluded from application-map support if foundational/review-only.,Longitudinal; Traffic-flow theory,Empirical traffic-flow analysis; Car-following theory,freeway bottlenecks; San Diego freeway sites,Capacity drop; Bottleneck activation/throughput; Stop-and-go waves / flow stability; Queueing/delay,throughput/capacity; detector counts; time headway; time gap; speed and flow
M007,7,Cai 2024,2024,A Graph Reinforcement Leaning-Based Approach for Merging of Mixed Traffic Vehicles on On-Ramp,"Baigen Cai, Yan Cao, Linguo Chai, Wei Shangguan, Yue Cao, Jin Gao, and Junjie Chen",2024 IEEE 27th International Conference on Intelligent Transportation Systems (ITSC),https://doi.org/10.1109/ITSC58415.2024.10919644,"Cai, B., Cao, Y., Chai, L., Shangguan, W., Cao, Y., Gao, J., & Chen, J. (2024). A graph reinforcement learning-based approach for merging of mixed traffic vehicles on on-ramp. 2024 IEEE 27th International Conference on Intelligent Transportation Systems (ITSC). https://doi.org/10.1109/ITSC58415.2024.10919644",Included as direct evidence,Authoritative 216-record matrix; manuscript-linked retained reference,Coded record available in authoritative matrix; current-taxonomy fields harmonized for corpus,Simulation; DRL control,CAV; HDV mixed traffic,Direct bottleneck/congestion mitigation,Tier 1,Acceleration/deceleration; Lane-change timing/execution,RL/MARL,Cooperative V2V,Cooperative merging / coordinated gap creation / ramp coordination; Integrated longitudinal–lateral bottleneck control,on-ramp merge; merge/merging area; mixed traffic,CAV; HDV mixed traffic; HDV/mixed-traffic behavior; Communication-reliability assumption,Simulation,Bottleneck activation/throughput; Queue formation/discharge; Merging turbulence; Stop-and-go waves / flow stability,traffic speed; queuing time; simulation time,"Cai et al. (2024) proposed a GCN-Rainbow DQN controller for cooperative CAV acceleration and left-lane-change decisions in mixed on-ramp traffic. The method increased traffic speed and reduced ramp queuing time across 700, 900, and 1200 veh/h scenarios compared with Rainbow DQN and rule-based IDM plus LC2013 control.",Simulation-only SUMO evidence; HDV behavior fixed by IDM and LC2013; communication delays ignored; scenario uses a limited 150 m control area and simplified vehicle counts.,Yes,No/unclear,Undermind #121,Undermind catalog,matched to uploaded coded matrix,,Longitudinal; Lateral/merging; Cooperative,RL/MARL,on-ramp merge; merge/merging area; mixed traffic,Bottleneck activation/throughput; Queue formation/discharge; Merging turbulence; Stop-and-go waves / flow stability,traffic speed; queuing time; simulation time
M008,8,Cassidy and Bertini 1999,1999,Some traffic features at freeway bottlenecks,M. Cassidy and R. Bertini,Transportation Research Part B: Methodological,https://doi.org/10.1016/S0191-2615%2898%2900023-X,"Cassidy, M., & Bertini, R. (1999). Some traffic features at freeway bottlenecks. Transportation Research Part B: Methodological. https://doi.org/10.1016/S0191-2615(98)00023-X",Included as mechanism-supporting evidence,Authoritative 216-record matrix; manuscript-linked retained reference,Coded record available in authoritative matrix; current-taxonomy fields harmonized for corpus,Empirical field data analysis,N/A,Foundational theory,Tier 3,Not applicable,Not applicable,Not applicable / not clearly specified,Not applicable,freeway bottleneck; freeway segment/corridor,N/A,Analytical/theoretical; Observational/open-road data,Capacity drop; Queue discharge; Bottleneck activation/throughput,queue discharge flow; pre-queue flow; cumulative vehicle counts; cumulative occupancy; percent flow reduction,Cassidy and Bertini 1999 examined loop-detector data from two Toronto freeway bottlenecks. The study found that average queue discharge rates were about 8 to 10 percent lower than pre-queue flows and that discharge flows were nearly stationary around a fixed rate after queue formation.,two freeway sites only; observational evidence; causes of flow drops not identified; regional generalizability uncertain,No,No,Undermind #168,Undermind catalog,matched to uploaded coded matrix,Excluded from application-map support if foundational/review-only.,N/A,N/A,freeway bottleneck; freeway segment/corridor,Capacity drop; Queue discharge; Bottleneck activation/throughput,queue discharge flow; pre-queue flow; cumulative vehicle counts; cumulative occupancy; percent flow reduction
M009,9,Chakraborty et al. 2021,2021,Freeway network design with exclusive lanes for automated vehicles under endogenous mobility demand,Shantanu Chakraborty; David Rey; Michael W. Levin; S. Travis Waller,"Transportation Research Part C: Emerging Technologies, 133, 103440",https://doi.org/10.1016/j.trc.2021.103440,"Chakraborty, S., Rey, D., Levin, M. W., & Waller, S. T. (2021). Freeway network design with exclusive lanes for automated vehicles under endogenous mobility demand. Transportation Research Part C: Emerging Technologies. https://doi.org/10.1016/j.trc.2021.103440",Included only as system context,Manual full-text coding from uploaded PDF,Substantively coded from full text,Network design optimization with system-optimum dynamic traffic assignment and endogenous demand,AV and legacy vehicles; mixed fleet with endogenous mode/demand split,Network-level managed-lane design and endogenous demand,Retained manuscript corpus,Lane choice; Route choice; Entry/access/release decision,Optimal control,Centralized network optimization / infrastructure allocation,Routing / dynamic traffic assignment / managed-lane operation,Freeway network; network scale,AV/LV demand split; endogenous mobility demand; mixed-vehicle network,Network/demand model,Queue formation/discharge; Shifted/redistributed congestion; physical spillback represented only indirectly,Network travel time / system performance; queueing effects; lane-allocation effects,Optimizes AV-exclusive lane placement while accounting for endogenous AV/LV demand and system-optimum dynamic traffic assignment; the optimal freeway lane design is non-trivial when demand split is endogenous.,"Numerical evaluation on hypothetical freeway networks; inference depends on network, demand-choice, and assignment assumptions.",Aggregate/lane-based network representation,Yes,,Manuscript reference + uploaded PDF/audit verification,verified outside coded matrix — uploaded full-text PDF,Full text supplied and manually reviewed. Operational/network study added to the application-mechanism audit. Primary application: AV-exclusive/managed-lane network design with system-optimum DTA and endogenous demand. Direct map support: queue formation/discharge and shifted/redistributed congestion; physical spillback treated only as indirect because spatial queue propagation is represented but spillback is not reported as a measured outcome.,,,,,
M010,10,Danjue Chen 2021,2021,Harnessing connected and automated vehicle technologies to control lane changes at freeway merge bottlenecks in mixed traffic,"Danjue Chen, Anupam Srivastava, and Soyoung Ahn",Transportation Research Part C: Emerging Technologies,https://doi.org/10.1016/j.trc.2020.102950,"Chen, D., Srivastava, A., & Ahn, S. (2021). Harnessing connected and automated vehicle technologies to control lane changes at freeway merge bottlenecks in mixed traffic. Transportation Research Part C: Emerging Technologies. https://doi.org/10.1016/j.trc.2020.102950",Included as direct evidence,Authoritative 216-record matrix; manuscript-linked retained reference,Coded record available in authoritative matrix; current-taxonomy fields harmonized for corpus,Analytical/modeling + numerical analysis,CAV; mixed traffic,Direct bottleneck/congestion mitigation,Tier 1,Acceleration/deceleration; Desired time headway/spacing gap; Lane-change timing/execution; Merge/yield/gap-acceptance decision,Not applicable,Cooperative V2V,Cooperative merging / coordinated gap creation / ramp coordination,merge/merging area; freeway bottleneck; freeway segment/corridor,CAV; mixed traffic; HDV/mixed-traffic behavior,Analytical/theoretical,Lane-changing friction / gaps; Capacity drop; Bottleneck activation/throughput; Stop-and-go waves,throughput/capacity; unutilized capacity; speed/stability; string stability/wave damping,Chen 2021 proposed three CAV-enabled lane-changing controls at freeway merge bottlenecks including gap closure batch lane-changing and gap redistribution. The analytical and numerical results showed that combinations such as batch lane-changing plus gap redistribution can reduce lane-change voids and improve bottleneck throughput but the framework relies on simplified car-following assumptions and mostly theoretical numerical evaluation.,Analytical and numerical evidence only; assumes simplified Newell car-following and deterministic elements; initially considers one mainline lane; stochasticity and multi-lane complications require future research.,Yes,No/unclear,Undermind #3,Undermind catalog,matched to uploaded coded matrix,,Lateral/merging,Traffic-flow modeling; Cooperative merging control; Gap management,merge/merging area; freeway bottleneck; freeway segment/corridor,Lane-changing friction / gaps; Capacity drop; Bottleneck activation/throughput; Stop-and-go waves,throughput/capacity; unutilized capacity; speed/stability; string stability/wave damping
M011,11,Jieming Chen 2024,2024,An Integrated Approach to Optimal Merging Sequence Generation and Trajectory Planning of Connected Automated Vehicles for Freeway On-Ramp Merging Sections,"Jieming Chen, Yue Zhou, and E-S Chung",IEEE Transactions on Intelligent Transportation Systems,https://doi.org/10.1109/TITS.2023.3315650,"Chen, J., Zhou, Y., & Chung, E. (2023). An integrated approach to optimal merging sequence generation and trajectory planning of connected automated vehicles for freeway on-ramp merging sections. IEEE Transactions on Intelligent Transportation Systems, 25(2), 1897-1912. https://doi.org/10.1109/TITS.2023.3315650",Included as direct evidence,Authoritative 216-record matrix; manuscript-linked retained reference,Coded record available in authoritative matrix; current-taxonomy fields harmonized for corpus,Analytical/modeling + simulation,CAV; AV,Direct bottleneck/congestion mitigation,Tier 1,Merge/yield/gap-acceptance decision,Optimal control,Cooperative V2V,Cooperative merging / coordinated gap creation / ramp coordination; Integrated longitudinal–lateral bottleneck control,on-ramp merge; freeway bottleneck; freeway segment/corridor,CAV; AV; HDV/mixed-traffic behavior,Analytical/theoretical; Simulation,Merging turbulence; Bottleneck activation/throughput; Speed variance,travel delay; speed variation; time gap/safety; computation time,Chen 2024 proposed an integrated MINLP approach that jointly optimizes CAV merging sequence and continuous-time trajectories at freeway on-ramp merging sections. The study reported lower travel delay than benchmark CAV merging methods and reduced speed variation while maintaining time-gap safety but evidence is simulation-based with mainly CAV-only assumptions.,Limited to one mainline lane and one on-ramp in the main model. Lane-changing by mainline vehicles is not modeled. The authors note future work should extend to multilane scenarios and relax the 100% CAV assumption for mixed traffic.,Merging modeled; lane-changing not explicitly modeled,No/unclear,Undermind #35,Undermind catalog,matched to uploaded coded matrix,,Lateral/merging; Longitudinal,MINLP; Optimal control; Trajectory planning; Cooperative merging,on-ramp merge; freeway bottleneck; freeway segment/corridor,Merging turbulence; Bottleneck activation/throughput; Speed variance,travel delay; speed variation; time gap/safety; computation time
M012,12,Sungyong Chung 2024,2024,Gap setting control strategy for connected and automated vehicles in freeway lane-drop bottlenecks,"Sungyong Chung, Dongju Ka, Yongju Kim, and Chungwon Lee",IET Intelligent Transport Systems,https://doi.org/10.1049/itr2.12538,"Chung, S., Ka, D., Kim, Y., & Lee, C. (2024). Gap setting control strategy for connected and automated vehicles in freeway lane-drop bottlenecks. IET Intelligent Transport Systems. https://doi.org/10.1049/itr2.12538",Included as direct evidence,Authoritative 216-record matrix; manuscript-linked retained reference,Coded record available in authoritative matrix; current-taxonomy fields harmonized for corpus,Simulation,ACC; CAV; AV,Direct bottleneck/congestion mitigation,Tier 1,Desired time headway/spacing gap,Rule-based/control law,Individual/onboard or not clearly specified,Cooperative merging / coordinated gap creation / ramp coordination; Speed harmonization / dynamic headway / bottleneck-inflow regulation,freeway bottleneck; freeway segment/corridor,ACC; CAV; AV; Penetration/controllable-share assumption; HDV/mixed-traffic behavior; Compliance assumption,Analytical/theoretical; Simulation,Capacity drop; Bottleneck activation/throughput; Lane-changing friction / gaps; Queue formation/discharge,travel time; delay; number of stops; conflicts; throughput; density/occupancy; market penetration sensitivity,Chung et al. 2024 proposed inflow control and combined control that adjust CAV/ACC gap settings at lane-drop bottlenecks using PID occupancy feedback and a new merging-oriented gap setting. VISSIM simulations showed lower travel time delay stops and conflicts while maintaining high throughput with stronger benefits at higher CAV market penetration rates and a 9.7% average travel-time reduction in a calibrated real-world network scenario.,Simulation-based evidence only; lateral behavior of CAVs was assumed similar to HDVs; only selected commercial AV gap settings were calibrated; effectiveness depends on CAV penetration and driver compliance when implemented through VMS; field tests are still needed.,Yes,No/unclear,Undermind #14,Undermind catalog,matched to uploaded coded matrix,,Longitudinal; Lateral support,PID feedback/control-theoretic; Gap-setting control,freeway bottleneck; freeway segment/corridor,Capacity drop; Bottleneck activation/throughput; Lane-changing friction / gaps; Queue formation/discharge,travel time; delay; number of stops; conflicts; throughput; density/occupancy; market penetration sensitivity
M013,13,Shumo Cui 2017,2017,Stabilizing traffic flow via a single autonomous vehicle: Possibilities and limitations,"Shumo Cui, Benjamin Seibold, Raphael E. Stern, and Daniel B. Work",2017 IEEE Intelligent Vehicles Symposium (IV),https://doi.org/10.1109/IVS.2017.7995897,"Cui, S., Seibold, B., Stern, R. E., & Work, D. B. (2017). Stabilizing traffic flow via a single autonomous vehicle: Possibilities and limitations. 2017 IEEE Intelligent Vehicles Symposium (IV). https://doi.org/10.1109/IVS.2017.7995897",Included as direct evidence,Authoritative 216-record matrix; manuscript-linked retained reference,Coded record available in authoritative matrix; current-taxonomy fields harmonized for corpus,Analytical/control-theoretic study with simulation,AV,Sparse AV traffic smoothing / stop-and-go wave damping,Tier 1,Acceleration/deceleration; Desired time headway/spacing gap,Rule-based/control law,Individual/onboard or not clearly specified,Traffic smoothing / mobile-actuator control,Ring road; mixed car-following simulation,AV,Analytical/theoretical; Simulation,Stop-and-go waves; string instability; noise amplification,Eigenvalues; stability condition; control gain; perturbation growth; velocity standard deviation,"Cui et al. studied whether a single AV can locally stabilize otherwise unstable human car-following flow on a ring road. The study showed that a single AV can theoretically stabilize the linearized noiseless system, but persistent noise is amplified with distance from the AV, limiting practical stabilization to roughly 20–40 vehicles under the tested conditions.","Analytical and simulation-based ring-road study; assumes simplified car-following dynamics and one AV with equilibrium-speed feedback, excludes lane changing and real multilane cut-ins, and notes that large gaps or noise impose practical limits before field validation.",No,No,Undermind #152; Perplexity table P7,Undermind catalog; Perplexity selected table,matched to uploaded coded matrix,,Longitudinal,Control-theoretic feedback; sparse AV stabilization,Ring road; mixed car-following simulation,Stop-and-go waves; string instability; noise amplification,Eigenvalues; stability condition; control gain; perturbation growth; velocity standard deviation
M014,14,Daganzo 1994,1994,The cell transmission model: A dynamic representation of highway traffic consistent with the hydrodynamic theory,Carlos F. Daganzo,"Transportation Research Part B: Methodological, 28(4), 269–287",https://doi.org/10.1016/0191-2615(94)90002-7,"Daganzo, C. F. (1994). The cell transmission model: A dynamic representation of highway traffic consistent with the hydrodynamic theory. Transportation research part B: methodological, 28(4), 269-287.",Included as mechanism-supporting evidence,Manual full-text coding from uploaded PDF,Mechanism-supporting coding from full text,Foundational analytical/macroscopic traffic-flow model,Not applicable,Foundational traffic-flow theory,Mechanism-supporting,Not applicable,Not applicable,Not applicable,Not applicable,Highway link / freeway,Not applicable,Analytical/theoretical,Queue formation/discharge; shockwave propagation; stop-and-go traffic,Flow; density; queue propagation/dissipation; shockwave location,"Introduces the cell transmission model as a discrete representation of hydrodynamic traffic flow that reproduces queue building, propagation, dissipation, and shockwave behavior.",Foundational traffic-flow model; does not by itself evaluate AV/CAV congestion-control effectiveness.,No,No,,Manuscript reference + uploaded PDF/audit verification,verified outside coded matrix — uploaded full-text PDF,"Full text supplied and verified. Foundational cell-transmission-model paper on queue building, propagation, dissipation, and shockwaves. Retained as mechanism-supporting/foundational evidence; not used as an operational application row or Figure 2 marker-support study.",,,,,
M015,15,Daganzo 1995,1995,"The cell transmission model, part II: Network traffic",Carlos F. Daganzo,"Transportation Research Part B: Methodological, 29(2), 79–93",https://doi.org/10.1016/0191-2615(94)00022-R,"Daganzo, C. F. (1995). The cell transmission model, part II: network traffic. Transportation Research Part B: Methodological, 29(2), 79-93.",Included as mechanism-supporting evidence,Manual full-text coding from uploaded PDF,Mechanism-supporting coding from full text,Foundational network traffic-flow model,Not applicable,Foundational traffic-flow/network theory,Mechanism-supporting,Not applicable,Not applicable,Not applicable,Not applicable,Road network / freeway network,Not applicable,Analytical/theoretical; Network/demand model,Queue formation/discharge; finite-capacity network congestion; physical queue propagation/spillback,Link occupancy; inflow/outflow; queue/storage states; network travel conditions,"Extends the cell transmission model to network traffic and finite-capacity junction interactions, providing a kinematic-wave-consistent basis for network traffic and dynamic assignment analysis.",Foundational network-flow model; not an AV/CAV control-effectiveness study.,No,Route/path representation supported at network level,,Manuscript reference + uploaded PDF/audit verification,verified outside coded matrix — uploaded full-text PDF,"Full text supplied and verified. Foundational network extension of the cell transmission model, including finite-capacity network traffic and dynamic traffic assignment foundations. Mechanism-supporting/foundational only; not used as operational application-map support.",,,,,
M016,16,Daganzo 2002,2002,Ten strategies for freeway congestion mitigation with advanced technologies,Carlos F. Daganzo; Jorge Laval; Juan Carlos Muñoz,California PATH Research Report UCB-ITS-PRR-2002-3,https://escholarship.org/uc/item/4kd6v6qf,"Daganzo, C. F., Laval, J., & Muñoz, J. C. (2002). Ten strategies for freeway congestion mitigation with advanced technologies.",Included as direct evidence,Authoritative 216-record matrix; manuscript-linked retained reference,Coded record available in authoritative matrix; current-taxonomy fields harmonized for corpus,Conceptual strategy report,N/A,Direct bottleneck/congestion mitigation,Tier 3,Desired speed; Lane choice; Entry/access/release decision,Rule-based/control law,Individual/onboard or not clearly specified,Speed harmonization / dynamic headway / bottleneck-inflow regulation,Freeway bottleneck; freeway corridor,N/A,Not clearly specified,Bottleneck activation/throughput; lane-changing friction / gaps; queueing/delay,throughput/capacity; delay/travel time/queue; speed/flow,Daganzo et al. 2002 proposed ten technology-enabled freeway congestion mitigation strategies targeting bottleneck capacity and total delay. The report argued that dynamic lane assignments ramp metering HOV management speed limits diversion and shoulder-lane use can be field-tested with direct performance measures but it is not an AV/CAV control paper.,Conceptual report; strategies require field testing; benefits are argued from traffic-flow reasoning and prior observations rather than evaluated with a unified simulation or field experiment in this report.,Yes conceptual,Yes conceptual,Perplexity bibliography,Perplexity bibliography,matched to uploaded coded matrix,,Network/control; Lateral/merging,Traffic management; ramp metering; VSL/speed control,Freeway bottleneck; freeway corridor,Bottleneck activation/throughput; lane-changing friction / gaps; queueing/delay,throughput/capacity; delay/travel time/queue; speed/flow
M017,17,Yu Du 2023,2023,Adaptive Control with Moving Actuators at Motorway Bottlenecks with Connected and Automated Vehicles,"Yu Du, Michail A. Makridis, Chris M.J. Tampère, Anastasios Kouvelas, and Wei ShangGuan",Transportation Research Part C: Emerging Technologies,https://doi.org/10.1016/j.trc.2023.104319,"Du, Y., Makridis, M. A., Tampère, C. M. J., Kouvelas, A., & ShangGuan, W. (2023). Adaptive control with moving actuators at motorway bottlenecks with connected and automated vehicles. Transportation Research Part C: Emerging Technologies. https://doi.org/10.1016/j.trc.2023.104319",Included as direct evidence,Authoritative 216-record matrix; manuscript-linked retained reference,Coded record available in authoritative matrix; current-taxonomy fields harmonized for corpus,Microsimulation and control design,CAV; mixed HDV-CAV,Direct bottleneck/congestion mitigation,Tier 1,Desired speed,Optimal control; Rule-based/control law,Individual/onboard or not clearly specified,Speed harmonization / dynamic headway / bottleneck-inflow regulation; Traffic smoothing / mobile-actuator control,motorway bottleneck; freeway segment/corridor,CAV; mixed HDV-CAV; Penetration/controllable-share assumption; HDV/mixed-traffic behavior,Analytical/theoretical; Simulation,Bottleneck activation/throughput; spillback; lane-changing friction,throughput/capacity; delay/travel time/queue; speed/stability; density/occupancy,Du et al. 2023 proposed adaptive speed control using CAVs as moving actuators upstream of motorway bottlenecks in mixed traffic. The Aimsun Antwerp case study found lower density and delay plus higher speed and flow even at low CAV penetration rates with rush-hour delay reductions around 18 to 26 percent in the region of interest when penetration exceeded 20 percent.,Simulation-only evidence from one Antwerp case. Low penetration reduces actuator availability. Extra lane changes may create uncertainty. Lane-change plus speed control and interacting bottlenecks are left for future work.,Yes,No/unclear,Undermind #4,Undermind catalog,matched to uploaded coded matrix,,Longitudinal,Feedback/control-theoretic; LQR; Moving-actuator speed control; FD-based activation,motorway bottleneck; freeway segment/corridor,Bottleneck activation/throughput; spillback; lane-changing friction,throughput/capacity; delay/travel time/queue; speed/stability; density/occupancy
M018,18,Elmorshedy et al. 2023,2023,Freeway Congestion Management With Reinforcement Learning Headway Control of Connected and Autonomous Vehicles,"Lina Elmorshedy, Ilia Smirnov, and Baher Abdulhai",Transportation Research Record,https://doi.org/10.1177/03611981231152459,"Elmorshedy, L., Smirnov, I., & Abdulhai, B. (2023). Freeway congestion management with reinforcement learning headway control of connected and autonomous vehicles. Transportation Research Record. https://doi.org/10.1177/03611981231152459",Included as direct evidence,Authoritative 216-record matrix; manuscript-linked retained reference,Coded record available in authoritative matrix; current-taxonomy fields harmonized for corpus,Analytical/modeling + microscopic simulation,ACC; CAV; AV,Direct bottleneck/congestion mitigation,Tier 1,Desired time headway/spacing gap,RL/MARL,Individual/onboard or not clearly specified,Speed harmonization / dynamic headway / bottleneck-inflow regulation,freeway bottleneck; on-ramp merge; freeway segment/corridor,ACC; CAV; AV,Analytical/theoretical; Simulation,bottleneck activation; capacity loss; traffic breakdown; demand pacing,average network delay; freeway delay; ramp delay; throughput; flow-density diagram; flow; speed,Elmorshedy et al. 2023 developed a PPO-based RL headway controller that dynamically assigns ACC time headways by freeway section near an on-ramp bottleneck. The study showed that static short-headway strategies still broke down and that dynamic ramp-only headway control reduced total delay by 56.71 percent relative to uncontrolled ACC and by 32.43 percent relative to 0.8 s headway while shifting the bottleneck toward free-flow operation.,Simulation-only Aimsun study with 100 percent ACC vehicles high-demand on-ramp scenario assumed infrastructure control of headways and a tradeoff of increased ramp delay when ramp headways meter demand.,Yes,No,Undermind #31,Undermind catalog,matched to uploaded coded matrix,,Longitudinal,RL/MARL; PPO; Headway control; Demand pacing,freeway bottleneck; on-ramp merge; freeway segment/corridor,bottleneck activation; capacity loss; traffic breakdown; demand pacing,average network delay; freeway delay; ramp delay; throughput; flow-density diagram; flow; speed
M019,19,A. Ghiasi 2019,2019,A mixed traffic speed harmonization model with connected autonomous vehicles,"A. Ghiasi, X. Li, and Jiaqi Ma",Transportation Research Part C: Emerging Technologies,https://doi.org/10.1016/j.trc.2019.05.005,"Ghiasi, A., Li, X., & Ma, J. (2019). A mixed traffic speed harmonization model with connected autonomous vehicles. Transportation Research Part C: Emerging Technologies. https://doi.org/10.1016/j.trc.2019.05.005",Included as direct evidence,Authoritative 216-record matrix; manuscript-linked retained reference,Coded record available in authoritative matrix; current-taxonomy fields harmonized for corpus,Analytical/modeling + simulation,CAV; CV; HV,Direct bottleneck/congestion mitigation,Tier 1,Acceleration/deceleration; Desired speed,Optimal control,Individual/onboard or not clearly specified,Speed harmonization / dynamic headway / bottleneck-inflow regulation,freeway bottleneck; freeway segment/corridor,CAV; CV; HV,Analytical/theoretical; Simulation,Stop-and-go waves / flow stability; Bottleneck activation/throughput,throughput/capacity; speed/stability; fuel/emissions/energy; safety surrogate,Ghiasi et al. 2019 proposed CAV trajectory smoothing for mixed HV-CV-CAV freeway traffic near a bottleneck. The simulations showed smoother trajectories and improvements in throughput speed variation fuel consumption and surrogate safety by damping backward deceleration waves.,Simulation-only evidence with stochastic car-following; developed mainly for a single-lane freeway without lane changing or overtaking; multi-lane extension and real-world trajectory validation remain future work,No,No,Undermind #7,Undermind catalog,matched to uploaded coded matrix,,Longitudinal,Trajectory optimization; speed harmonization; prediction-based control,freeway bottleneck; freeway segment/corridor,Stop-and-go waves / flow stability; Bottleneck activation/throughput,throughput/capacity; speed/stability; fuel/emissions/energy; safety surrogate
M020,20,Goñi-Ros et al. 2016,2016,Optimization of traffic flow at freeway sags by controlling the acceleration of vehicles equipped with in-car systems,"Bernat Goñi-Ros, Victor L. Knoop, Toshimichi Takahashi, Ichiro Sakata, Bart van Arem, and Serge P. Hoogendoorn",Transportation Research Part C: Emerging Technologies,https://doi.org/10.1016/j.trc.2016.06.022,"Goñi-Ros, B., Knoop, V. L., Takahashi, T., Sakata, I., van Arem, B., & Hoogendoorn, S. P. (2016). Optimization of traffic flow at freeway sags by controlling the acceleration of vehicles equipped with in-car systems. Transportation Research Part C: Emerging Technologies. https://doi.org/10.1016/j.trc.2016.06.022",Included as direct evidence,Authoritative 216-record matrix; manuscript-linked retained reference,Coded record available in authoritative matrix; current-taxonomy fields harmonized for corpus,Analytical/modeling + simulation,in-car system; ACC/CACC-compatible AV,Direct bottleneck/congestion mitigation,Tier 1,Acceleration/deceleration,Optimal control,Centralized; Cooperative V2V,Speed harmonization / dynamic headway / bottleneck-inflow regulation,sag curve; freeway bottleneck; freeway segment/corridor,in-car system; ACC/CACC-compatible AV; Penetration/controllable-share assumption,Analytical/theoretical; Simulation,Bottleneck activation/throughput; stop-and-go waves; sag-induced congestion,delay/travel time/queue; throughput/capacity; speed/stability,Goñi-Ros et al. 2016 formulated a centralized optimal control problem that regulates acceleration of a small number of equipped vehicles on a single-lane freeway sag. The study found that a deceleration-acceleration-deceleration-acceleration maneuver can temporarily raise sag outflow and delay congestion formation with average vehicle delay reductions of about 2 to 11 percent compared with no control.,Simulation and optimization only. Single-lane sag without ramps or lane changing. Low penetration rates. Global optimality is not guaranteed. Implementation through a specific in-car system is left for future work.,No,No,Undermind #26,Undermind catalog,matched to uploaded coded matrix,,Longitudinal,Optimization/optimal control,sag curve; freeway bottleneck; freeway segment/corridor,Bottleneck activation/throughput; stop-and-go waves; sag-induced congestion,delay/travel time/queue; throughput/capacity; speed/stability
M021,21,Bernat Goñi-Ros 2019,2019,Using advanced adaptive cruise control systems to reduce congestion at sags: An evaluation based on microscopic traffic simulation,"Bernat Goñi-Ros, Wouter J. Schakel, Alexandros E. Papacharalampous, Meng Wang, Victor L. Knoop, Ichiro Sakata, Bart van Arem, and Serge P. Hoogendoorn",Transportation Research Part C: Emerging Technologies,https://doi.org/10.1016/j.trc.2019.02.021,"Goñi-Ros, B., Schakel, W. J., Papacharalampous, A. E., Wang, M., Knoop, V. L., Sakata, I., van Arem, B., & Hoogendoorn, S. P. (2019). Using advanced adaptive cruise control systems to reduce congestion at sags: An evaluation based on microscopic traffic simulation. Transportation Research Part C: Emerging Technologies. https://doi.org/10.1016/j.trc.2019.02.021",Included as direct evidence,Authoritative 216-record matrix; manuscript-linked retained reference,Coded record available in authoritative matrix; current-taxonomy fields harmonized for corpus,Microscopic traffic simulation,ACC; C-ACC,Direct bottleneck/congestion mitigation,Tier 1,Not clearly specified,Rule-based/control law,Cooperative V2V,Speed harmonization / dynamic headway / bottleneck-inflow regulation; Traffic smoothing / mobile-actuator control,sag curve; freeway bottleneck; freeway segment/corridor,ACC; C-ACC; Penetration/controllable-share assumption,Simulation,Sag bottleneck activation; capacity drop; queue formation/discharge; stop-and-go waves,average travel time; average vehicle delay; maximum queue length; speed-contour plots; queue discharge capacity; sag capacity,"Goñi-Ros et al. 2019 evaluated basic ACC, traffic-state-adaptive ACC, and cooperative ACC for congestion mitigation at freeway sags using microscopic simulation. The study found that congestion decreased as ACC penetration increased, that high B-ACC penetration could prevent sag congestion, and that TSA-ACC and C-ACC reduced congestion more than B-ACC mainly by increasing queue discharge capacity.",Simulation-only study with manually tuned controller parameters and assumed ACC behavior; the authors note that controller optimization and technical implementation characteristics were outside the study scope.,Yes,No/unclear,Undermind #21,Undermind catalog,matched to uploaded coded matrix,,Longitudinal,ACC/CACC; traffic-state-adaptive ACC; microscopic simulation,sag curve; freeway bottleneck; freeway segment/corridor,Sag bottleneck activation; capacity drop; queue formation/discharge; stop-and-go waves,average travel time; average vehicle delay; maximum queue length; speed-contour plots; queue discharge capacity; sag capacity
M022,22,Ziyuan Gu 2022,2022,Network traffic instability with automated driving and cooperative merging,"Ziyuan Gu, Zelin Wang, Zhiyuan Liu, and Meead Saberi",Transportation Research Part C: Emerging Technologies,https://doi.org/10.1016/j.trc.2022.103626,"Gu, Z., Wang, Z., Liu, Z., & Saberi, M. (2022). Network traffic instability with automated driving and cooperative merging. Transportation Research Part C: Emerging Technologies. https://doi.org/10.1016/j.trc.2022.103626",Included as direct evidence,Authoritative 216-record matrix; manuscript-linked retained reference,Coded record available in authoritative matrix; current-taxonomy fields harmonized for corpus,Theoretical network traffic-flow analysis; SUMO microsimulation,AV; CAV; connected HV,Negative or mixed effects,Tier 1,Lane choice; Merge/yield/gap-acceptance decision; Route choice,Other / not clearly specified,Cooperative V2V,Cooperative merging / coordinated gap creation / ramp coordination; Routing / dynamic traffic assignment / managed-lane operation,merge/merging area; network; motorway segment,AV; CAV; connected HV,Analytical/theoretical; Simulation,Turning/merging-induced network instability; NFD bifurcation; capacity drop; stop-and-go waves / flow stability; network congestion distribution,NFD/MFD bifurcation point; FD/NFD scatter; network flow/capacity; density; vehicle trajectories,"Gu et al. (2022) studied network traffic instability caused by turning and merging maneuvers using two-ring NFD/MFD theory and SUMO simulations of HVs, AVs, and CAVs. The study found that instability persists under automation and non-cooperative AVs can worsen stability under frequent merging, while CAV cooperative merging reduces scatter, maintains higher network flows, and delays bifurcation.","Simulation/theory-based evidence; stylized two-ring network and assumed car-following parameters; calibration/validation of some parameters was outside scope, although a real Sydney motorway segment was also tested.",Yes,Yes,Undermind #103,Undermind catalog,matched to uploaded coded matrix,,Lateral/merging; Route/network/lane-use; Cooperative,Cooperative merging; CIDM/IDM/HDM microsimulation; NFD/MFD analysis; adaptive routing/signal comparison,merge/merging area; network; motorway segment,Turning/merging-induced network instability; NFD bifurcation; capacity drop; stop-and-go waves / flow stability; network congestion distribution,NFD/MFD bifurcation point; FD/NFD scatter; network flow/capacity; density; vehicle trajectories
M023,23,Gunter et al. 2021,2021,Are Commercially Implemented Adaptive Cruise Control Systems String Stable?,"George Gunter, Derek Gloudemans, Raphael E. Stern, Sean McQuade, Rahul Bhadani, Matt Bunting, Maria Laura Delle Monache, Roman Lysecky, Benjamin Seibold, Jonathan Sprinkle, Benedetto Piccoli, and Daniel B. Work","IEEE Transactions on Intelligent Transportation Systems, 22(11), 6992–7003",https://doi.org/10.1109/TITS.2020.3000682,"Gunter, G., Gloudemans, D., Stern, R. E., McQuade, S., Bhadani, R., Bunting, M., Delle Monache, M. L., Lysecky, R., Seibold, B., Sprinkle, J., Piccoli, B., & Work, D. B. (2021). Are commercially implemented adaptive cruise control systems string stable? IEEE Transactions on Intelligent Transportation Systems, 22(11), 6992–7003. https://doi.org/10.1109/TITS.2020.3000682",Included as direct evidence,Authoritative 216-record matrix; manuscript-linked retained reference,Coded record available in authoritative matrix; current-taxonomy fields harmonized for corpus,Field experiment; empirical model calibration; string-stability analysis; platoon simulation/validation,Commercial ACC,Longitudinal control,Tier 2,Acceleration/deceleration; Desired time headway/spacing gap,Rule-based/control law,Cooperative V2V,Traffic smoothing / mobile-actuator control,ACC platoon / car-following field test; single-lane platoon,Commercial ACC; HDV/mixed-traffic behavior; Controller/driver heterogeneity,Analytical/theoretical; Simulation; Field experiment,Stop-and-go waves / flow stability; String instability; Phantom jams,string stability/wave damping; speed disturbance amplification; speed/spacing error; ACC disengagement,"Gunter et al. (2021) tested seven commercially available 2018 ACC vehicle models using more than 1,200 miles of car-following data and calibrated delay-differential car-following models. All tested ACC systems were string unstable, and an eight-vehicle platoon experiment amplified a 6 mph lead-vehicle disturbance to a 25 mph disturbance, causing the final ACC vehicle to disengage; this provides direct evidence that current commercial ACC can worsen disturbance propagation rather than damp stop-and-go waves.",Empirical evidence is limited to seven 2018 models from two makes and selected min/max following settings; ACC logic is black-box and approximated by fitted models; no direct network-scale congestion mitigation test; authors note higher-fidelity models and comparisons with human drivers are future work.,No,No,Undermind #53,Undermind catalog,matched to uploaded coded matrix,,Longitudinal,ACC/CACC; Empirical calibration; String-stability analysis,ACC platoon / car-following field test; single-lane platoon,Stop-and-go waves / flow stability; String instability; Phantom jams,string stability/wave damping; speed disturbance amplification; speed/spacing error; ACC disengagement
M024,24,Guo et al. 2022,2022,Evaluating the Effectiveness of Integrated Connected Automated Vehicle Applications Applied to Freeway Managed Lanes,"Yi Guo, Jiaqi Ma, Edward Leslie, and Zhitong Huang",IEEE Transactions on Intelligent Transportation Systems,https://doi.org/10.1109/TITS.2020.3012678,"Guo, Y., Ma, J., Leslie, E., & Huang, Z. (2022). Evaluating the effectiveness of integrated connected automated vehicle applications applied to freeway managed lanes. IEEE Transactions on Intelligent Transportation Systems. https://doi.org/10.1109/TITS.2020.3012678",Included as direct evidence,Authoritative 216-record matrix; manuscript-linked retained reference,Coded record available in authoritative matrix; current-taxonomy fields harmonized for corpus,Microscopic simulation; algorithm development; partial field-model validation,CAV; connected vehicles; VAD,Longitudinal control; cooperative merging; speed harmonization; managed-lane/lane-use control,Tier 1,Desired speed; Lane choice; Merge/yield/gap-acceptance decision; Entry/access/release decision,Other / not clearly specified,Cooperative V2V,Cooperative merging / coordinated gap creation / ramp coordination; Platooning; Routing / dynamic traffic assignment / managed-lane operation; Speed harmonization / dynamic headway / bottleneck-inflow regulation,freeway managed lane; merge area,CAV; connected vehicles; VAD; Penetration/controllable-share assumption; Communication-reliability assumption,Simulation,Bottleneck activation/throughput; Network congestion distribution; Merging turbulence,throughput/delay/capacity,"Guo et al. (2022) evaluated bundled CAV applications for freeway managed lanes, combining CACC platooning, cooperative merge, and speed harmonization in VISSIM. The study found that integrated applications increased throughput and reduced delay even at lower CAV penetration, with cooperative merge producing large delay reductions and speed harmonization mainly improving delay at medium-to-high penetration, measured by throughput, average delay, and pipeline capacity.","Simulation-only operational evaluation on a simplified managed-lane network; assumes all managed-lane vehicles are at least VAD-equipped, ramp traffic is 100% CAV, and communication success is 100%; safety impacts and complex real-world networks are left for future work.",Yes,Yes,Undermind #83,Undermind catalog,matched to uploaded coded matrix,,Route/network/lane-use; Cooperative; Longitudinal,Simulation; CACC; cooperative merge; speed harmonization,freeway managed lane; merge area,Bottleneck activation/throughput; Network congestion distribution; Merging turbulence,throughput/delay/capacity
M025,25,Yuqing Guo 2020,2020,Integrated Variable Speed Limits and Lane-Changing Control for Freeway Lane-Drop Bottlenecks,"Yuqing Guo, Huile Xu, Yi Zhang, and Danya Yao",IEEE Access,https://doi.org/10.1109/ACCESS.2020.2981658,"Guo, Y., Xu, H., Zhang, Y., & Yao, D. (2020). Integrated variable speed limits and lane-changing control for freeway lane-drop bottlenecks. IEEE Access. https://doi.org/10.1109/ACCESS.2020.2981658",Included as direct evidence,Authoritative 216-record matrix; manuscript-linked retained reference,Coded record available in authoritative matrix; current-taxonomy fields harmonized for corpus,Analytical/modeling + simulation,CAV,Direct bottleneck/congestion mitigation,Tier 1,Desired speed,MPC; Optimal control; Heuristic control; Rule-based/control law,Individual/onboard or not clearly specified,Integrated longitudinal–lateral bottleneck control; Speed harmonization / dynamic headway / bottleneck-inflow regulation,lane-drop bottleneck; freeway bottleneck; freeway segment/corridor,CAV; Penetration/controllable-share assumption,Analytical/theoretical; Simulation,Capacity drop; Bottleneck activation/throughput; Lane-changing friction / gaps,flow/throughput; capacity; TTS; TTD; travel time; emissions,Guo et al. 2020 proposed integrated VSL and lane-changing control for CAVs at freeway lane-drop bottlenecks using MPC with an improved multi-class CTM and GA optimization. The study reported higher bottleneck capacity and lower total travel time by 23.86% to 44.62% plus emission reductions in SUMO simulations but it assumes all vehicles are CAVs and relies on simulation evidence.,Simulation-only evidence; assumes all vehicles are CAVs; simplified two-lane lane-closure scenario; future work needed for different CAV penetration rates,Yes,No,Undermind #32,Undermind catalog,matched to uploaded coded matrix,,Longitudinal; Lateral,MPC; Genetic algorithm; VSL; Lane-changing control,lane-drop bottleneck; freeway bottleneck; freeway segment/corridor,Capacity drop; Bottleneck activation/throughput; Lane-changing friction / gaps,flow/throughput; capacity; TTS; TTD; travel time; emissions
M026,26,Ha 2023,2023,Leveraging vehicle connectivity and autonomy for highway bottleneck congestion mitigation using reinforcement learning,"Paul Young Joun Ha, Sikai Chen, Jiqian Dong, and Samuel Labi",Transportmetrica A: Transport Science,https://doi.org/10.1080/23249935.2023.2215338,"Ha, P., Chen, S., Dong, J., & Labi, S. (2025). Leveraging vehicle connectivity and autonomy for highway bottleneck congestion mitigation using reinforcement learning. Transportmetrica A: Transport Science, 21(1), Article 2215338. https://doi.org/10.1080/23249935.2023.2215338",Included as direct evidence,Authoritative 216-record matrix; manuscript-linked retained reference,Coded record available in authoritative matrix; current-taxonomy fields harmonized for corpus,Microsimulation and reinforcement learning,CAV; mixed HDV-CAV,Direct bottleneck/congestion mitigation,Tier 1,Acceleration/deceleration; Desired speed; Desired time headway/spacing gap,RL/MARL,Individual/onboard or not clearly specified,Speed harmonization / dynamic headway / bottleneck-inflow regulation,highway bottleneck; lane-drop bottleneck; mixed traffic corridor,CAV; mixed HDV-CAV; HDV/mixed-traffic behavior; Compliance assumption; Communication-reliability assumption,Simulation,Bottleneck activation/throughput; speed oscillations; shockwave formation,throughput/capacity; speed/stability; delay/travel time/queue,Ha et al. 2023 trained CAVs with graph convolution and DDPG to harmonize speeds at highway lane-drop bottlenecks in mixed traffic. SUMO experiments showed that small CAV fleets improved bottleneck throughput and reduced speed variation relative to car-following baselines and generally outperformed VSL despite the VSL assuming full human-driver compliance.,Simulation-only evidence. Communication latency was assumed zero. CAV lane-changing was not used as a control action. Generalisability across car-following models and real deployment incentives require further study.,Yes,No/unclear,Undermind #5,Undermind catalog,matched to uploaded coded matrix,,Longitudinal,RL/MARL; DDPG; Graph neural network; Speed harmonization,highway bottleneck; lane-drop bottleneck; mixed traffic corridor,Bottleneck activation/throughput; speed oscillations; shockwave formation,throughput/capacity; speed/stability; delay/travel time/queue
M027,27,Youngjun Han 2020,2020,Variable Speed Release (VSR): Speed Control to Increase Bottleneck Capacity,Youngjun Han and Soyoung Ahn,IEEE Transactions on Intelligent Transportation Systems,https://doi.org/10.1109/TITS.2019.2891314,"Han, Y., & Ahn, S. (2020). Variable speed release (VSR): Speed control to increase bottleneck capacity. IEEE Transactions on Intelligent Transportation Systems. https://doi.org/10.1109/TITS.2019.2891314",Included as direct evidence,Authoritative 216-record matrix; manuscript-linked retained reference,Coded record available in authoritative matrix; current-taxonomy fields harmonized for corpus,Analytical/modeling + simulation,CAV; AV,Direct bottleneck/congestion mitigation,Tier 1,Desired speed; Entry/access/release decision,Rule-based/control law,Individual/onboard or not clearly specified,Speed harmonization / dynamic headway / bottleneck-inflow regulation,freeway bottleneck; lane-drop bottleneck; merge bottleneck,CAV; AV; Controller/driver heterogeneity; Compliance assumption,Analytical/theoretical; Simulation,Bottleneck activation; stochastic breakdown; capacity drop,Discharge rate; total delay; average delay; breakdown probability; breakdown flow rate,Han and Ahn 2020 proposed Variable Speed Release to increase vehicle speed near bottlenecks and reduce stochastic breakdown probability. VISSIM results showed discharge-rate gains up to 20.5% and delay reduction up to 93.6% in CAV scenarios but benefits were smaller for manual vehicles.,The method assumes ideal geometry and high compliance. The authors note that heterogeneous traffic flow dynamic response time safety tradeoffs and external CAV behavior models need further study.,Yes,No,Undermind #23,Undermind catalog,matched to uploaded coded matrix,,Longitudinal,Speed control; Variable Speed Release; complementary VSL or ramp metering,freeway bottleneck; lane-drop bottleneck; merge bottleneck,Bottleneck activation; stochastic breakdown; capacity drop,Discharge rate; total delay; average delay; breakdown probability; breakdown flow rate
M028,28,Yu Han 2021,2021,A linear Lagrangian model predictive controller of macro- and micro- variable speed limits to eliminate freeway jam waves,"Yu Han, Meng Wang, Ziang He, Zhibin Li, Hao Wang, and Pan Liu",Transportation Research Part C: Emerging Technologies,https://doi.org/10.1016/j.trc.2021.103121,"Han, Y., Wang, M., He, Z., Li, Z., Wang, H., & Liu, P. (2021). A linear Lagrangian model predictive controller of macro- and micro-variable speed limits to eliminate freeway jam waves. Transportation Research Part C: Emerging Technologies. https://doi.org/10.1016/j.trc.2021.103121",Included as direct evidence,Authoritative 216-record matrix; manuscript-linked retained reference,Coded record available in authoritative matrix; current-taxonomy fields harmonized for corpus,Analytical/modeling + microscopic simulation,CAV; CV,Direct bottleneck/congestion mitigation,Tier 1,Desired speed,MPC; Rule-based/control law,Individual/onboard or not clearly specified,Speed harmonization / dynamic headway / bottleneck-inflow regulation; Traffic smoothing / mobile-actuator control,freeway segment/corridor,CAV; CV; HDV/mixed-traffic behavior,Analytical/theoretical; Simulation,Stop-and-go waves / jam waves; Capacity drop; Bottleneck activation/throughput; Flow stability,total time spent; total travel distance; speed and flow contours; throughput; speed/stability; wave damping,Han et al. 2021 developed a linear MPC for variable speed limits based on a discrete Lagrangian LWR model and extended it to a hierarchical CAV-actuated speed-control framework. Microscopic simulations showed that the MPC resolved freeway jam waves and reduced total time spent by 7.3% in VISSIM and by about 9.0% to 10.3% with 5% CAVs acting as mobile actuators in the hierarchical test.,Simulation-only validation; experiments used synthetic freeway settings and model-calibrated scenarios; hierarchical CAV test used a single-lane simulator with IDM+ human drivers; no field deployment and robustness to broader networks remains to be verified.,No/unclear,No/unclear,Undermind #15,Undermind catalog,matched to uploaded coded matrix,,Longitudinal,MPC; VSL/speed control; Hierarchical control,freeway segment/corridor,Stop-and-go waves / jam waves; Capacity drop; Bottleneck activation/throughput; Flow stability,total time spent; total travel distance; speed and flow contours; throughput; speed/stability; wave damping
M029,29,Kangning Hou 2023,2023,Cooperative On-Ramp Merging Control Model for Mixed Traffic on Multi-Lane Freeways,"Kangning Hou, F. Zheng, Xiaobo Liu, and Ge Guo",IEEE Transactions on Intelligent Transportation Systems,https://doi.org/10.1109/TITS.2023.3274586,"Hou, K., Zheng, F., Liu, X., & Guo, G. (2023). Cooperative on-ramp merging control model for mixed traffic on multi-lane freeways. IEEE Transactions on Intelligent Transportation Systems. https://doi.org/10.1109/TITS.2023.3274586",Included as direct evidence,Authoritative 216-record matrix; manuscript-linked retained reference,Coded record available in authoritative matrix; current-taxonomy fields harmonized for corpus,Analytical/modeling + simulation,CAV; connected human-driven vehicles,Direct bottleneck/congestion mitigation,Tier 1,Merge/yield/gap-acceptance decision,MPC,Cooperative V2V,Cooperative merging / coordinated gap creation / ramp coordination; Integrated longitudinal–lateral bottleneck control,on-ramp merge; multi-lane freeway segment,CAV; connected human-driven vehicles; Penetration/controllable-share assumption; Compliance assumption; Communication-reliability assumption,Analytical/theoretical; Simulation,merging bottleneck; congestion wave propagation; throughput loss,average mainline flow; average merging flow; average mainline speed; average merging speed; flow increment rate; speed increment rate; collision occurrence,Hou et al. 2023 studied a hierarchical cooperative on-ramp merging control model for mixed CAV and connected human-driven traffic on a multi-lane freeway. The study found that CORMC can raise merging and mainline throughput by over 75% at sufficiently high CAV penetration and mitigate congestion wave propagation measured using average flow and average speed but benefits depend strongly on CHV compliance and high CAV penetration.,Simulation-only MATLAB evidence; assumes V2V communication without delay; assumes all HVs are connected CHVs; low compliance below 50% gives marginal benefit; future work needed for freeways with more than two mainline lanes and off-ramp bottlenecks,Yes,No,Undermind #44,Undermind catalog,matched to uploaded coded matrix,,Longitudinal + lateral,Hierarchical cooperative control; anticipatory position searching; collaborative utility choice; cooperative merging control; MPC trajectory tracking,on-ramp merge; multi-lane freeway segment,merging bottleneck; congestion wave propagation; throughput loss,average mainline flow; average merging flow; average mainline speed; average merging speed; flow increment rate; speed increment rate; collision occurrence
M030,30,Hu 2019,2019,Trajectory optimization of connected and autonomous vehicles at a multilane freeway merging area,Xiangwang Hu and Jian Sun,Transportation Research Part C: Emerging Technologies,https://doi.org/10.1016/j.trc.2019.02.016,"Hu, X., & Sun, J. (2019). Trajectory optimization of connected and autonomous vehicles at a multilane freeway merging area. Transportation Research Part C: Emerging Technologies. https://doi.org/10.1016/j.trc.2019.02.016",Included as direct evidence,Authoritative 216-record matrix; manuscript-linked retained reference,Coded record available in authoritative matrix; current-taxonomy fields harmonized for corpus,Microsimulation and trajectory optimization,CAV,Direct bottleneck/congestion mitigation,Tier 1,Lane-change timing/execution; Merge/yield/gap-acceptance decision,Optimal control,Cooperative V2V,Cooperative merging / coordinated gap creation / ramp coordination; Integrated longitudinal–lateral bottleneck control,multilane freeway merging area; on-ramp merge; freeway bottleneck,CAV,Simulation,Bottleneck activation/throughput; merging turbulence; lane-changing friction,delay/travel time/queue; speed/stability; density/occupancy,Hu and Sun 2019 developed an online trajectory optimization framework combining Cooperative Lane Changing Control and Cooperative Merging Control for a multilane freeway on-ramp bottleneck in a CAV environment. VISSIM-MATLAB experiments showed that integrated CLCC plus CMC reduced total delay by up to 57.5 percent compared with CMC alone and improved average speed by up to 7.3 percent while balancing downstream lane flow.,Assumes a fully connected and autonomous merging area. Lane-changing decision and execution are separated and lane-changing vehicle selection is random. Comfort is not prioritized and results are simulation-only for a two-lane mainline case.,Yes,No/unclear,Undermind #6,Undermind catalog,matched to uploaded coded matrix,,Lateral; Longitudinal; Cooperative,Optimization/optimal control; Trajectory optimization; Cooperative merging control,multilane freeway merging area; on-ramp merge; freeway bottleneck,Bottleneck activation/throughput; merging turbulence; lane-changing friction,delay/travel time/queue; speed/stability; density/occupancy
M031,31,Chengying Hua 2023,2023,Dynamic speed harmonization for mixed traffic flow on the freeway using deep reinforcement learning,Chengying Hua and Wei (David) Fan,IET Intelligent Transport Systems,https://doi.org/10.1049/itr2.12429,"Hua, C., & Fan, W. D. (2023). Dynamic speed harmonization for mixed traffic flow on the freeway using deep reinforcement learning. IET Intelligent Transport Systems. https://doi.org/10.1049/itr2.12429",Included as direct evidence,Authoritative 216-record matrix; manuscript-linked retained reference,Coded record available in authoritative matrix; current-taxonomy fields harmonized for corpus,DRL simulation/benchmark,CAV; HDV mixed traffic,Direct bottleneck/congestion mitigation,Tier 1,Acceleration/deceleration; Desired speed; Merge/yield/gap-acceptance decision,RL/MARL; Rule-based/control law,Individual/onboard or not clearly specified,Speed harmonization / dynamic headway / bottleneck-inflow regulation,freeway segment/corridor; weaving area; bottleneck,CAV; HDV mixed traffic; Penetration/controllable-share assumption; HDV/mixed-traffic behavior,Simulation,Bottleneck activation/throughput; Stop-and-go waves / flow stability; Speed breakdown / shockwaves,speed/stability; safety/risk; travel time; fuel/emissions/energy,"Hua and Fan studied DRL-based dynamic speed harmonization for mixed HDV-CAV freeway traffic near a weaving bottleneck. The study found that CAV-powered DSH improved safety and mean travel time and smoothed bottleneck speed variations, while environmental benefits appeared mainly at higher CAV penetration rates, measured using accumulated emergency deceleration, mean travel time, CO2, CO, fuel consumption, and spatiotemporal speed patterns.","Simulation-only SUMO case study on a 2 km I-80 segment; uses a single-agent controller, assumed CAV/HDV behavior and headways, and no real-world deployment; sustainability trade-offs occur at low CAV penetration rates.",Yes - default SUMO lane-changing model only; lane changing not controlled,No,Undermind #64,Undermind catalog,matched to uploaded coded matrix,,Longitudinal,RL/MARL; DDPG; Speed harmonization / VSL,freeway segment/corridor; weaving area; bottleneck,Bottleneck activation/throughput; Stop-and-go waves / flow stability; Speed breakdown / shockwaves,speed/stability; safety/risk; travel time; fuel/emissions/energy
M032,32,Hung and Zhang 2022,2022,Impact of Cooperative Adaptive Cruise Control on Traffic Stability,Yun-Chu Hung and Kuilin Zhang,Transportation Research Record,https://doi.org/10.1177/03611981221094822,"Hung, Y.-C., & Zhang, K. (2022). Impact of cooperative adaptive cruise control on traffic stability. Transportation Research Record. https://doi.org/10.1177/03611981221094822",Included as direct evidence,Authoritative 216-record matrix; manuscript-linked retained reference,Coded record available in authoritative matrix; current-taxonomy fields harmonized for corpus,Analytical/modeling,CACC; CAV; AV; CV; HDV,Longitudinal control,Tier 2,Not clearly specified,Rule-based/control law,Cooperative V2V,Traffic smoothing / mobile-actuator control,homogeneous and mixed traffic,CACC; CAV; AV; CV; HDV; Penetration/controllable-share assumption; HDV/mixed-traffic behavior,Analytical/theoretical,Stop-and-go waves / flow stability,string stability; critical speed; minimum time headway; market penetration rate,Hung and Zhang 2022 derived CACC string-stability conditions for homogeneous CAV traffic and mixed HDV CV AV and CAV traffic. The study found that CACC can maintain string stability better than CVs and AVs at low HDV market penetration rates using stability functions and critical speed.,Analytical and numerical evidence only with parameters adopted from literature and no field validation,No,No,Undermind #196; Perplexity table P5; Perplexity bibliography,Undermind catalog; Perplexity selected table; Perplexity bibliography,matched to uploaded coded matrix,,Longitudinal; Cooperative,ACC/CACC; control-theoretic stability analysis,homogeneous and mixed traffic,Stop-and-go waves / flow stability,string stability; critical speed; minimum time headway; market penetration rate
M092,33,Jiang et al. 2024,2024,Evaluation of Connected and Autonomous Vehicles for Congestion Mitigation: An Approach Based on the Congestion Patterns of Road Networks,"Zhuo Jiang, Yin Wang, Jianwei Wang, and Xin Fu","Journal of Transportation Engineering, Part A: Systems",https://doi.org/10.1061/JTEPBS.TEENG-8121,"Jiang, Z., Wang, Y., Wang, J., & Fu, X. (2024). Evaluation of Connected and Autonomous Vehicles for Congestion Mitigation: An Approach Based on the Congestion Patterns of Road Networks. Journal of Transportation Engineering, Part A: Systems, 150(4). https://doi.org/10.1061/JTEPBS.TEENG-8121",Included as direct evidence,Final literature update — publisher abstract/practical-applications review,Substantively coded from publisher abstract and practical-applications summary; full text not supplied,Network routing/control simulation,CAV; CACC; HDV mixed traffic,Network-level routing / congestion mitigation,Tier 1,Route choice,Other / not clearly specified,Centralized,Routing / dynamic traffic assignment / managed-lane operation,Road network; network scale,CAV penetration; HDV/CAV mixture; CACC for CAVs and IDM for HDVs; inflow sensitivity,Simulation; Network/demand model,Shifted/redistributed congestion; network congestion occurrence and propagation,Average delay; travel time; network congestion state; penetration/inflow sensitivity,"Jiang et al. 2024 proposed congestion-pattern-based routing control for CAVs in a CAV/HDV network. In simulation, average delay fell by up to 46.7% and travel time by up to 28.2% in the all-CAV case; benefits increased with CAV penetration and weakened as inflow increased.",Simulation-only network evidence; centralized routing and congestion-pattern extraction assumptions; no field deployment; quantitative gains depend on penetration and inflow.,No / not a primary control variable,Yes,Final update #1,Author final literature update; publisher/ASCE record,verified outside coded matrix — publisher abstract/practical-applications review,Added in final literature update as direct network-level CAV routing evidence. Direct map support limited to shifted/redistributed congestion/network persistence claims.,Routing / network control,Congestion-pattern-based centralized routing,Road network; mixed CAV/HDV traffic,Network congestion / redistribution,Average delay; travel time; network congestion state
M033,34,W. Jin 2015,2015,A kinematic wave theory of capacity drop,"Wen-Long Jin, Qi-Jian Gan, and Jean-Patrick Lebacque",Transportation Research Part B: Methodological,https://doi.org/10.1016/j.trb.2015.07.020,"Jin, W. L., Gan, Q. J., & Lebacque, J. P. (2015). A kinematic wave theory of capacity drop. Transportation Research Part B: Methodological, 81, 316-329.",Included as mechanism-supporting evidence,Authoritative 216-record matrix; manuscript-linked retained reference,Coded record available in authoritative matrix; current-taxonomy fields harmonized for corpus,Analytical/modeling,N/A or needs verification,Foundational theory,Tier 3,Merge/yield/gap-acceptance decision,Not applicable,Not applicable / not clearly specified,Not applicable,lane-drop bottleneck and merge bottleneck,N/A or needs verification,Analytical/theoretical,Capacity drop; Bottleneck activation/throughput; Queue formation/discharge,throughput/capacity; flow-density relation; discharge flow rate,Jin et al. 2015 developed a kinematic wave model of capacity drop using continuous fundamental diagrams and a discontinuous entropy condition. The study showed that capacity drop occurs when an upstream queue activates the bottleneck and empirical I-405 merge data showed about 10.5% discharge-flow reduction but the model is phenomenological and requires calibrated drop magnitude.,Exogenous capacity-drop parameter and lane-drop approximation for merge bottleneck and no AV/CAV control tested,No/unclear,No/unclear,Undermind #181,Undermind catalog,matched to uploaded coded matrix,Excluded from application-map support if foundational/review-only.,Longitudinal,Traffic-flow modeling,lane-drop bottleneck and merge bottleneck,Capacity drop; Bottleneck activation/throughput; Queue formation/discharge,throughput/capacity; flow-density relation; discharge flow rate
M034,35,M. Karimi 2020,2020,Cooperative merging control via trajectory optimization in mixed vehicular traffic,"M. Karimi, C. Roncoli, C. Alecsandru, and M. Papageorgiou",Transportation Research Part C: Emerging Technologies,https://doi.org/10.1016/j.trc.2020.102663,"Karimi, M., Roncoli, C., Alecsandru, C., & Papageorgiou, M. (2020). Cooperative merging control via trajectory optimization in mixed vehicular traffic. Transportation Research Part C: Emerging Technologies. https://doi.org/10.1016/j.trc.2020.102663",Included as direct evidence,Authoritative 216-record matrix; manuscript-linked retained reference,Coded record available in authoritative matrix; current-taxonomy fields harmonized for corpus,Analytical/modeling + simulation,CAV; AV,Direct bottleneck/congestion mitigation,Tier 1,Acceleration/deceleration; Merge/yield/gap-acceptance decision,MPC; Optimal control,Cooperative V2V,Cooperative merging / coordinated gap creation / ramp coordination,on-ramp merge; merge/merging area; freeway bottleneck,CAV; AV; Penetration/controllable-share assumption,Analytical/theoretical; Simulation,Merging turbulence; Lane-changing friction / gaps; Bottleneck activation/throughput,speed/stability; safety surrogate; comfort; merging success,Karimi et al. 2020 developed cooperative MPC-based trajectory optimization for six mixed CAV-conventional triplet scenarios at highway merging areas. The simulations showed efficient and smooth merging maneuvers that satisfied safety and comfort constraints and avoided stopping at the end of the acceleration lane.,Simulation-only lower-level controller; merging sequence assumed from a higher level; continuous mixed-flow evaluation across penetration rates not included; human-driver behavior cannot be fully guaranteed and triplet failure remains possible,Yes,No,Undermind #8,Undermind catalog,matched to uploaded coded matrix,,Cooperative; Longitudinal,MPC; Optimization/optimal control,on-ramp merge; merge/merging area; freeway bottleneck,Merging turbulence; Lane-changing friction / gaps; Bottleneck activation/throughput,speed/stability; safety surrogate; comfort; merging success
M035,36,Kesting et al. 2010,2010,Enhanced intelligent driver model to access the impact of driving strategies on traffic capacity,Arne Kesting; Martin Treiber; Dirk Helbing,"Philosophical Transactions of the Royal Society A, 368(1928), 4585–4605",https://doi.org/10.1098/rsta.2010.0084,"Kesting, A., Treiber, M., & Helbing, D. (2010). Enhanced intelligent driver model to access the impact of driving strategies on traffic capacity. Philosophical Transactions of the Royal Society A: Mathematical, Physical and Engineering Sciences, 368(1928), 4585-4605.",Included as direct evidence,Manual full-text coding from uploaded PDF,Substantively coded from full text,Microscopic traffic simulation of ACC strategies,ACC; mixed ACC/human traffic,Longitudinal ACC control and bottleneck capacity,Direct evidence,Acceleration/deceleration; Desired speed; Desired time headway/spacing gap,Rule-based/control law,Individual/onboard,Speed harmonization / dynamic headway / bottleneck-inflow regulation,Two-lane freeway with on-ramp bottleneck,Variable ACC penetration; human-driver interaction; cut-in behavior,Simulation,Congestion onset/breakdown; Capacity drop; Queue formation/discharge,Maximum pre-breakdown flow; dynamic post-breakdown capacity; travel time,"Traffic-adaptive ACC strategies can increase both maximum pre-breakdown capacity and dynamic post-breakdown bottleneck capacity in simulation, with effects dependent on ACC strategy and penetration.","Simulation-based evidence; results depend on modeled human/ACC behavior, bottleneck geometry, and strategy assumptions.",Yes,No,,Manuscript reference + uploaded PDF/audit verification,verified outside coded matrix — uploaded full-text PDF,"Full text supplied and manually reviewed. Direct ACC congestion-control evidence added to the application-mechanism audit. Two-lane on-ramp simulations use traffic-adaptive ACC time-gap/acceleration settings to examine breakdown prevention, maximum pre-breakdown flow, dynamic post-breakdown capacity, and capacity drop.",,,,,
M093,37,Kim et al. 2023,2023,Lane-changing control with balancing lane flow at freeway merge bottlenecks in a connected vehicle environment: Application of a PID controller,"Yongju Kim, Dongju Ka, and Chungwon Lee","IET Intelligent Transport Systems, 17(11), 2313-2332",https://doi.org/10.1049/itr2.12412,"Kim, Y., Ka, D., & Lee, C. (2023). Lane-changing control with balancing lane flow at freeway merge bottlenecks in a connected vehicle environment: Application of a PID controller. IET Intelligent Transport Systems, 17(11), 2313-2332. https://doi.org/10.1049/itr2.12412",Included as direct evidence,Final literature update — uploaded full-text review,Substantively coded from uploaded full text,Microscopic simulation with calibrated real-world network case,CV; CHV; CAV,Direct bottleneck/congestion mitigation; lane-use/lane-changing control,Tier 1,Lane choice; Lane-change timing/execution,Rule-based/control law,Infrastructure-assisted V2I/I2V; Centralized,Lane assignment / lane-use control,Freeway merge bottleneck; freeway segment/corridor,CHV/CAV mixture; connected-vehicle actuation; demand sensitivity; calibrated real-world network scenario,Simulation,Congestion onset / breakdown; Capacity drop; Queue formation / discharge; Lane-changing friction,Lane-flow imbalance; discharge flow rate; capacity drop; average travel time; cumulative counts/queue extent,"Kim et al. 2023 used PID feedback to balance lane flow upstream of a freeway merge. Simulations showed lower lane-flow imbalance, improved discharge and travel time, and more effective capacity-drop relief under high demand than a non-feedback lane-changing strategy.",Simulation-only evidence; connected-vehicle execution/compliance assumptions; no field deployment despite calibration of a real-world network.,Yes,No,Final update #2,Author final literature update; uploaded full-text PDF,verified outside coded matrix — uploaded full-text PDF,"Added as direct lane-use/lane-changing control evidence at merge bottlenecks; supports onset, capacity-drop, queue/discharge, and lane-changing-friction mechanisms.",Lateral/lane-changing control,PID feedback lane-changing control,Freeway merge bottleneck; connected mixed traffic,Capacity drop; lane-flow imbalance; queue formation,Discharge flow; average travel time; lane-flow imbalance; cumulative counts
M036,38,Ko et al. 2020,2020,Speed harmonisation and merge control using connected automated vehicles on a highway lane closure: a reinforcement learning approach,"Byungjin Ko, Seunghan Ryu, Byungkyu Brian Park, and Sang Hyuk Son",IET Intelligent Transport Systems,https://doi.org/10.1049/iet-its.2019.0709,"Ko, B., Ryu, S., Park, B. B., & Son, S. H. (2020). Speed harmonisation and merge control using connected automated vehicles on a highway lane closure: A reinforcement learning approach. IET Intelligent Transport Systems. https://doi.org/10.1049/iet-its.2019.0709",Included as direct evidence,Authoritative 216-record matrix; manuscript-linked retained reference,Coded record available in authoritative matrix; current-taxonomy fields harmonized for corpus,RL simulation/benchmark,CAV in mixed traffic,Direct bottleneck/congestion mitigation,Tier 1,Desired speed; Merge/yield/gap-acceptance decision,RL/MARL,Individual/onboard or not clearly specified,Cooperative merging / coordinated gap creation / ramp coordination; Integrated longitudinal–lateral bottleneck control; Speed harmonization / dynamic headway / bottleneck-inflow regulation,highway lane closure bottleneck; merge area,CAV in mixed traffic; HDV/mixed-traffic behavior,Simulation,Bottleneck activation/throughput; Lane-changing friction / gaps; Stop-and-go waves,throughput; fuel consumption; trajectories,Ko et al. 2020 trained CAVs with DQN for combined speed harmonization and merge control at a two-lane highway lane-closure bottleneck. The study found that the method improved mixed traffic flow by increasing throughput up to 30% and reducing fuel consumption up to 20% compared with late merge control without speed harmonization.,Simulation-only evidence; limited to a two-lane lane-closure scenario; throughput and fuel objectives showed a trade-off; the study did not compare alternative deep RL variants such as double DQN or dueling DQN.,Yes,No,Undermind #11,Undermind catalog,matched to uploaded coded matrix,,Longitudinal; Lateral,RL/MARL; DQN; speed harmonization; merge control,highway lane closure bottleneck; merge area,Bottleneck activation/throughput; Lane-changing friction / gaps; Stop-and-go waves,throughput; fuel consumption; trajectories
M037,39,Kreidieh 2018,2018,Dissipating stop-and-go waves in closed and open networks via deep reinforcement learning,"Abdul Rahman Kreidieh, Cathy Wu, and Alexandre M. Bayen",2018 21st International Conference on Intelligent Transportation Systems (ITSC),https://doi.org/10.1109/ITSC.2018.8569485,"Kreidieh, A. R., Wu, C., & Bayen, A. M. (2018). Dissipating stop-and-go waves in closed and open networks via deep reinforcement learning. 2018 21st International Conference on Intelligent Transportation Systems (ITSC). https://doi.org/10.1109/ITSC.2018.8569485",Included as direct evidence,Authoritative 216-record matrix; manuscript-linked retained reference,Coded record available in authoritative matrix; current-taxonomy fields harmonized for corpus,Analytical/modeling + simulation,CAV,Direct bottleneck/congestion mitigation,Tier 1,Acceleration/deceleration,RL/MARL,Centralized,Traffic smoothing / mobile-actuator control,single-lane open highway; closed ring road; merge perturbation,CAV; Penetration/controllable-share assumption,Analytical/theoretical; Simulation,Stop-and-go waves / flow stability; bottleneck activation / throughput loss,throughput; average speed; wave frequency; wave magnitude; traffic density; reward based on desired speed and headway penalty,Kreidieh et al. 2018 studied centralized deep RL acceleration control for CAVs in a single-lane open highway with an on-ramp perturbation and a closed ring transfer-learning setup. The study reported near complete stop-and-go wave dissipation at 10% CAV penetration and meaningful reductions at 2.5% penetration measured using throughput average speed wave frequency wave magnitude and density regulation.,Simulation-only evidence using SUMO and Flow; single-lane setting; stylized on-ramp perturbation with small fixed merge inflow; centralized controller assumptions; no field validation.,No,No,Undermind #42; Perplexity table P8; Perplexity bibliography,Undermind catalog; Perplexity selected table; Perplexity bibliography,matched to uploaded coded matrix,,Longitudinal control,Deep RL / TRPO with transfer learning,single-lane open highway; closed ring road; merge perturbation,Stop-and-go waves / flow stability; bottleneck activation / throughput loss,throughput; average speed; wave frequency; wave magnitude; traffic density; reward based on desired speed and headway penalty
M038,40,K. Kušić 2020,2020,Extended Variable Speed Limit control using Multi-agent Reinforcement Learning,"K. Kušić, Ivana Dusparic, Maxime Guériau, M. Gregurić, and E. Ivanjko",2020 IEEE 23rd International Conference on Intelligent Transportation Systems (ITSC),https://doi.org/10.1109/ITSC45102.2020.9294639,"Kušić, K., Dusparic, I., Guériau, M., Gregurić, M., & Ivanjko, E. (2020). Extended variable speed limit control using multi-agent reinforcement learning. 2020 IEEE 23rd International Conference on Intelligent Transportation Systems (ITSC). https://doi.org/10.1109/ITSC45102.2020.9294639",Included as direct evidence,Authoritative 216-record matrix; manuscript-linked retained reference,Coded record available in authoritative matrix; current-taxonomy fields harmonized for corpus,RL microsimulation,N/A or infrastructure VSL,Traffic smoothing and speed harmonization,Tier 2,Desired speed,RL/MARL; Rule-based/control law,Individual/onboard or not clearly specified,Speed harmonization / dynamic headway / bottleneck-inflow regulation; Traffic smoothing / mobile-actuator control,freeway bottleneck,N/A or infrastructure VSL,Simulation,Bottleneck activation/throughput; Stop-and-go waves / flow stability,TTS; density; average speed; acceleration-lane occupancy,Kušić et al. 2020 studied W-learning multi-agent VSL for two upstream motorway sections before a congested area. The study found that WL-VSL reduced bottleneck density by 18.18 percent and improved reward TTS by 9.70 percent compared with no VSL while maintaining stable overall network TTS.,Simulation-only evidence; two-agent setup; fixed section lengths; future work notes need for more agents and continuous state/action spaces,No/unclear,No/unclear,Undermind #169,Undermind catalog,matched to uploaded coded matrix,,Longitudinal/speed control,RL/MARL; VSL/speed control,freeway bottleneck,Bottleneck activation/throughput; Stop-and-go waves / flow stability,TTS; density; average speed; acceleration-lane occupancy
M039,41,Laval 2006,2006,Lane-changing in traffic streams,Jorge A. Laval and Carlos F. Daganzo,Transportation Research Part B: Methodological,https://doi.org/10.1016/j.trb.2005.04.003,"Laval, J. A., & Daganzo, C. F. (2006). Lane-changing in traffic streams. Transportation Research Part B: Methodological. https://doi.org/10.1016/j.trb.2005.04.003",Included as mechanism-supporting evidence,Authoritative 216-record matrix; manuscript-linked retained reference,Coded record available in authoritative matrix; current-taxonomy fields harmonized for corpus,Analytical/modeling,N/A,Foundational theory,Tier 3,Not applicable,Not applicable,Not applicable / not clearly specified,Not applicable,freeway lane-drop and moving bottleneck,N/A,Analytical/theoretical,Bottleneck activation/throughput; Capacity drop; Lane-changing friction / gaps,throughput/capacity; lane-changing rate; accumulation,Laval and Daganzo 2006 developed a hybrid multilane model where lane-changing vehicles create voids and act as moving bottlenecks. The model reproduced a lane-drop discharge drop from about 2900 vph to 2630 vph and linked lane-changing activity to capacity drop but it is a foundational traffic-flow model rather than an AV control study.,No AV or CAV controller is modeled; lane-choice behavior is simplified; authors note that complex environments require testing once reliable data become available.,Yes,No,Perplexity table P3; Perplexity bibliography,Perplexity selected table; Perplexity bibliography,matched to uploaded coded matrix,Excluded from application-map support if foundational/review-only.,Lateral,Traffic-flow modeling,freeway lane-drop and moving bottleneck,Bottleneck activation/throughput; Capacity drop; Lane-changing friction / gaps,throughput/capacity; lane-changing rate; accumulation
M040,42,Jinjue Li 2023,2023,A survey on urban traffic control under mixed traffic environment with connected automated vehicles,Jinjue Li; Chunhui Yu; Zilin Shen; Zicheng Su; Wanjing Ma,Transportation Research Part C: Emerging Technologies,https://doi.org/10.1016/j.trc.2023.104258,"Li, J., Yu, C., Shen, Z., Su, Z., & Ma, W. (2023). A survey on urban traffic control under mixed traffic environment with connected automated vehicles. Transportation Research Part C: Emerging Technologies. https://doi.org/10.1016/j.trc.2023.104258",Included only as system context,Authoritative 216-record matrix; manuscript-linked retained reference,Coded record available in authoritative matrix; current-taxonomy fields harmonized for corpus,Review/survey,CAV; CV; AV,Network/routing,Tier 2,Acceleration/deceleration; Lane choice,MPC; RL/MARL; Optimal control,Cooperative V2V,Routing / dynamic traffic assignment / managed-lane operation,Urban networks; Intersections; Arterial corridors; Mixed traffic,CAV; CV; AV; Compliance assumption,Not clearly specified,Network congestion distribution; Bottleneck activation/throughput; Queue formation/discharge; Lane-changing friction / gaps,delay/travel time/queue; throughput/capacity; stops; fuel/emissions; safety/conflicts,Li et al. 2023 surveyed urban traffic control under mixed RV CV CAV environments across signal timing trajectory planning route planning cooperative control and CAV-dedicated facilities. The review shows that CAV trajectory and route planning can influence spatial-temporal traffic distribution and improve delay throughput fuel and safety metrics but most studies remain intersection-focused and face RV uncertainty compliance and computational scalability issues.,Review-only evidence; limited network-level studies; many methods rely on simplified assumptions about RV behavior CV compliance CAV controllability or known trajectory planning strategies.,Sometimes,Yes,﻿Perplexity table P24,Perplexity selected table,matched to uploaded coded matrix,Excluded from application-map support if foundational/review-only.,Route/network/lane-use; Cooperative; Longitudinal; Lateral,Optimization/optimal control; MPC; RL/MARL; Review/survey; Traffic signal control,Urban networks; Intersections; Arterial corridors; Mixed traffic,Network congestion distribution; Bottleneck activation/throughput; Queue formation/discharge; Lane-changing friction / gaps,delay/travel time/queue; throughput/capacity; stops; fuel/emissions; safety/conflicts
M041,43,Li 2025,2025,Highway capacity of mixed traffic flow with autonomous vehicles: A review,Yuxuan Li; Jinzi Zheng; Lingqiao Qin; Haijian Li,Physica A: Statistical Mechanics and its Applications,https://doi.org/10.1016/j.physa.2025.130653,"Li, Y., Zheng, J., Qin, L., & Li, H. (2025). Highway capacity of mixed traffic flow with autonomous vehicles: A review. Physica A: Statistical Mechanics and Its Applications. https://doi.org/10.1016/j.physa.2025.130653",Included only as system context,Authoritative 216-record matrix; manuscript-linked retained reference,Coded record available in authoritative matrix; current-taxonomy fields harmonized for corpus,Review/survey,AV; CAV,Review/survey,Tier 2,Lane choice,Not applicable,Cooperative V2V,Platooning,Highways with mixed AV/HDV,AV; CAV; Penetration/controllable-share assumption; HDV/mixed-traffic behavior; Communication-reliability assumption,Not clearly specified,Capacity change / mixed traffic,throughput/capacity; penetration rate; platoon size,Li et al. 2025 reviewed highway capacity studies for mixed AV and HDV traffic across urban roads freeways intersections and networks. The review found that AV effects on capacity depend strongly on penetration rate platooning communication capability dedicated lanes and road type with some studies reporting negative or unclear effects for lower-level AVs.,Review only; underlying studies use inconsistent factors and capacity definitions; limited empirical evidence; future publication status should be checked if citing before final issue,Sometimes,Sometimes,Perplexity table P22,Perplexity selected table,matched to uploaded coded matrix,Excluded from application-map support if foundational/review-only.,Multiple,Review/survey,Highways with mixed AV/HDV,Capacity change / mixed traffic,throughput/capacity; penetration rate; platoon size
M042,44,Zhibin Li 2017,2017,Reinforcement Learning-Based Variable Speed Limit Control Strategy to Reduce Traffic Congestion at Freeway Recurrent Bottlenecks,"Zhibin Li, Pan Liu, Chengcheng Xu, Hui Duan, and Wei Wang",IEEE Transactions on Intelligent Transportation Systems,https://doi.org/10.1109/TITS.2017.2687620,"Li, Z., Liu, P., Xu, C., Duan, H., & Wang, W. (2017). Reinforcement learning-based variable speed limit control strategy to reduce traffic congestion at freeway recurrent bottlenecks. IEEE Transactions on Intelligent Transportation Systems. https://doi.org/10.1109/TITS.2017.2687620",Included as direct evidence,Authoritative 216-record matrix; manuscript-linked retained reference,Coded record available in authoritative matrix; current-taxonomy fields harmonized for corpus,RL/control simulation,N/A or needs verification,Direct bottleneck/congestion mitigation,Tier 4,Desired speed; Merge/yield/gap-acceptance decision,RL/MARL; Rule-based/control law,Individual/onboard or not clearly specified,Speed harmonization / dynamic headway / bottleneck-inflow regulation,freeway recurrent merge bottleneck; freeway segment/corridor,N/A or needs verification,Simulation,Bottleneck activation/throughput; Capacity drop; travel-time reduction,system travel time; bottleneck density; bottleneck flow; speed,"Li et al. (2017) studied a Q-learning-based VSL strategy for a freeway recurrent merge bottleneck using a modified CTM calibrated with I-880 field data. The strategy reduced system travel time by 49.34% under stable demand and 21.84% under fluctuating demand compared with no control and outperformed feedback-based VSL, but it is infrastructure-based rather than AV/CAV-based.",Simulation-only CTM evaluation; small freeway merge bottleneck network; other bottleneck types and larger networks need validation; RL agent requires sufficient training and may behave as a black box,No/unclear,No/unclear,Undermind #139,Undermind catalog,matched to uploaded coded matrix,,Longitudinal,RL/MARL; VSL/speed control,freeway recurrent merge bottleneck; freeway segment/corridor,Bottleneck activation/throughput; Capacity drop; travel-time reduction,system travel time; bottleneck density; bottleneck flow; speed
M043,45,Lighthill 1955,1955,On kinematic waves II. A theory of traffic flow on long crowded roads,M. J. Lighthill and G. B. Whitham,Proceedings of the Royal Society A,https://doi.org/10.1098/rspa.1955.0089,"Lighthill, M. J., & Whitham, G. B. (1955). On kinematic waves II: A theory of traffic flow on long crowded roads. Proceedings of the Royal Society A. https://doi.org/10.1098/rspa.1955.0089",Included as mechanism-supporting evidence,Authoritative 216-record matrix; manuscript-linked retained reference,Coded record available in authoritative matrix; current-taxonomy fields harmonized for corpus,Analytical/modeling,N/A,Foundational theory,Tier 3,Not applicable,Not applicable,Not applicable / not clearly specified,Not applicable,Single link; macroscopic; bottleneck,N/A,Analytical/theoretical,Bottleneck activation/throughput; Stop-and-go waves / flow stability; Queueing/delay; Shock waves,delay/travel time/queue; throughput/capacity; shock-wave propagation,Lighthill and Whitham 1955 developed kinematic-wave traffic-flow theory for long crowded roads. This is relevant because it explains shock-wave propagation queue growth and bottleneck hold-up mechanisms that later AV and CAV control studies attempt to mitigate.,Foundational macroscopic theory with qualitative agreement noted but quantitative validation not established in the paper,No,No,Perplexity table P1; Perplexity bibliography,Perplexity selected table; Perplexity bibliography,matched to uploaded coded matrix,Excluded from application-map support if foundational/review-only.,Longitudinal,Traffic-flow modeling,Single link; macroscopic; bottleneck,Bottleneck activation/throughput; Stop-and-go waves / flow stability; Queueing/delay; Shock waves,delay/travel time/queue; throughput/capacity; shock-wave propagation
M044,46,Lin Liu 2024,2024,Reinforcement-Learning-Based Multilane Cooperative Control for On-Ramp Merging in Mixed-Autonomy Traffic,"Lin Liu, Xiaoxuan Li, Yongfu Li, Jingxiang Li, and Zhongyang Liu",IEEE Internet of Things Journal,https://doi.org/10.1109/JIOT.2024.3447039,"Liu, L., Li, X., Li, Y., Li, J., & Liu, Z. (2024). Reinforcement-learning-based multilane cooperative control for on-ramp merging in mixed-autonomy traffic. IEEE Internet of Things Journal. https://doi.org/10.1109/JIOT.2024.3447039",Included as direct evidence,Authoritative 216-record matrix; manuscript-linked retained reference,Coded record available in authoritative matrix; current-taxonomy fields harmonized for corpus,Simulation; MARL control framework,CAVs with V2V/V2I; HDVs,Direct bottleneck/congestion mitigation,Tier 1,Lane-change timing/execution; Merge/yield/gap-acceptance decision,RL/MARL,Cooperative V2V; Infrastructure-assisted V2I/I2V; Hybrid vehicle–infrastructure,Cooperative merging / coordinated gap creation / ramp coordination; Integrated longitudinal–lateral bottleneck control,Multilane freeway on-ramp merge; mixed traffic,CAVs with V2V/V2I; HDVs; Penetration/controllable-share assumption; HDV/mixed-traffic behavior; Communication-reliability assumption,Simulation,Merge bottleneck; lane-changing friction; merging turbulence; travel-time delay,Fuel consumption; CO2 emissions; travel time; TTC; reward; CAV penetration-rate sensitivity,"Liu et al. (2024) proposed GCAV-CPO, a graph-convolutional PPO/MARL controller for CAV lane-change decisions in multilane on-ramp merging under mixed autonomy. The study reported better traffic efficiency, safety, and energy/emissions outcomes than D3QN, PPO, and GCQ across traffic-pressure modes and CAV penetration rates, using travel time, fuel consumption, CO2, and TTC as metrics.",Simulation-only evidence in a stylized SUMO/FLOW ramp environment; assumes perfect V2X communication with no packet loss or delay; no field validation; congestion improvement is inferred mainly from travel-time/energy/safety metrics rather than explicit capacity-drop or queue-discharge measures.,Yes,No/unclear,Undermind #57,Undermind catalog,matched to uploaded coded matrix,,Lateral/merging; Cooperative,Graph MARL; PPO; GCN; cooperative lane-changing reward,Multilane freeway on-ramp merge; mixed traffic,Merge bottleneck; lane-changing friction; merging turbulence; travel-time delay,Fuel consumption; CO2 emissions; travel time; TTC; reward; CAV penetration-rate sensitivity
M045,47,Wenqi Lu 2024,2024,Improving Traffic Operation of Bottleneck in a Connected and Automated Vehicles Environment: An Integrated Lane-Level Control Method,"Wenqi Lu, Ziwei Yi, Bingjie Liang, Yikang Rui, and Bin Ran",IEEE Transactions on Intelligent Transportation Systems,https://doi.org/10.1109/TITS.2024.3362129,"Lu, W., Yi, Z., Liang, B., Rui, Y., & Ran, B. (2024). Improving traffic operation of bottleneck in a connected and automated vehicles environment: An integrated lane-level control method. IEEE Transactions on Intelligent Transportation Systems. https://doi.org/10.1109/TITS.2024.3362129",Included as direct evidence,Authoritative 216-record matrix; manuscript-linked retained reference,Coded record available in authoritative matrix; current-taxonomy fields harmonized for corpus,Analytical/modeling + SUMO simulation,CAV; AV,Direct bottleneck/congestion mitigation,Tier 1,Desired speed; Lane choice,RL/MARL; Rule-based/control law,Cooperative V2V,Integrated longitudinal–lateral bottleneck control; Speed harmonization / dynamic headway / bottleneck-inflow regulation,on-ramp bottleneck; freeway bottleneck; lane-level highway segment,CAV; AV; Compliance assumption,Analytical/theoretical; Simulation,Bottleneck activation/throughput; capacity drop; lane-changing friction; traffic flow imbalance,total travel time; mean travel speed; MAE; MAPE; VAPE; speed/stability,Lu et al. 2024 studied an integrated lane-level control method for highway bottlenecks in a CAVH mixed-traffic environment. The study found that combining DDPG lane-level variable speed limits with dynamic-programming CAV lane selection reduced total travel time by more than 30% versus no control and improved mean travel speed and total travel time across demand scenarios.,SUMO simulation only; assumes CAVs fully comply with LVSL and lane recommendations; HV compliance is probabilistic; cooperative lane changes and safety/emission objectives are left for future work.,Yes,Lane-level route/lane selection only,Undermind #39,Undermind catalog,matched to uploaded coded matrix,,Longitudinal; Lateral,RL/MARL; DDPG; VSL/speed control; lane selection; dynamic programming; short-term traffic prediction,on-ramp bottleneck; freeway bottleneck; lane-level highway segment,Bottleneck activation/throughput; capacity drop; lane-changing friction; traffic flow imbalance,total travel time; mean travel speed; MAE; MAPE; VAPE; speed/stability
M094,48,Ma and He 2024,2024,Providing real-time en-route suggestions to CAVs for congestion mitigation: A two-way deep reinforcement learning approach,Xiaoyu Ma and Xiaozheng He,"Transportation Research Part B: Methodological, 189, 103014",https://doi.org/10.1016/j.trb.2024.103014,"Ma, X., & He, X. (2024). Providing real-time en-route suggestions to CAVs for congestion mitigation: A two-way deep reinforcement learning approach. Transportation Research Part B: Methodological, 189, 103014. https://doi.org/10.1016/j.trb.2024.103014",Included as direct evidence,Final literature update — uploaded full-text review,Substantively coded from uploaded full text,Analytical/game-theoretic modeling + numerical network simulation,CAV,Network-level routing / congestion mitigation; RL/MARL,Tier 1,Route choice,RL/MARL; Game-theoretic control,Hybrid vehicle–infrastructure,Routing / dynamic traffic assignment / managed-lane operation,Road network; network scale,CAV system; information-provider coordination; user/system objective interaction,Analytical/theoretical; Simulation; Network/demand model,Shifted/redistributed congestion; network route-loading inefficiency,Total system travel time; individual travel time; route-choice/system-efficiency outcomes,Ma and He 2024 formulated CAV en-route choice as a Markov game and information provision as a learning control problem. The two-way deep-RL framework reduced total system travel time in numerical experiments while preserving individual-user objectives through correlated-equilibrium coordination.,Numerical/theoretical network evidence; CAV-centric information and learning assumptions; no field validation or heterogeneous human-driver response in the core formulation.,No,Yes,Final update #3,Author final literature update; uploaded full-text PDF,verified outside coded matrix — uploaded full-text PDF,Added as direct network-level CAV routing evidence and as an RL/MARL example; direct map support limited to shifted/redistributed congestion/network-level persistence.,Routing / network control,Two-way deep RL; correlated-equilibrium routing,Network-level CAV routing,Network congestion / route redistribution,Total system travel time; individual travel time
M046,49,Mahmassani 2016,2016,50th anniversary invited article—Autonomous vehicles and connected vehicle systems: Flow and operations considerations,Hani S. Mahmassani,"Transportation Science, 50(4), 1140–1162",https://doi.org/10.1287/trsc.2016.0712,"Mahmassani, H. S. (2016). 50th anniversary invited article—Autonomous vehicles and connected vehicle systems: Flow and operations considerations. Transportation Science, 50(4), 1140-1162.",Included only as system context,Bibliographic verification only; full text unavailable,Limited—no full-text recoding,Invited review/article,AV/CAV,System/operations context,System context,Not recoded without full text,Not recoded without full text,Not recoded without full text,Contextual/system-level study; no single operational application coded,System/network context,Not recoded without full text,Not recoded without full text,System-level congestion/flow context (no new detailed coding without full text),Not recoded without full text,Not recoded without full text.,Full text unavailable for this corpus update; row is limited to bibliographic and manuscript-role information.,Not recoded,Not recoded,,Manuscript reference + uploaded PDF/audit verification,bibliographically verified outside coded matrix — full text unavailable,DOI supplied in the updated audit. Full text was not supplied and is not publicly available according to the author note. Kept as system-context/foundational reference only; no new corpus coding or Figure 2 marker support was inferred without the full text.,,,,,
M047,50,Marczak 2015,2015,A macroscopic model for freeway weaving sections,"Marczak, F.; Leclercq, L.; Buisson, C.",Computer-Aided Civil and Infrastructure Engineering,https://doi.org/10.1111/mice.12119,"Marczak, F., Leclercq, L., & Buisson, C. (2015). A macroscopic model for freeway weaving sections. Computer-Aided Civil and Infrastructure Engineering. https://doi.org/10.1111/mice.12119",Included as mechanism-supporting evidence,Authoritative 216-record matrix; manuscript-linked retained reference,Coded record available in authoritative matrix; current-taxonomy fields harmonized for corpus,Analytical/modeling,N/A,Foundational theory,Tier 3,Acceleration/deceleration; Lane-change timing/execution; Merge/yield/gap-acceptance decision,Not applicable,Not applicable / not clearly specified,Not applicable,weaving/diverge; freeway segment/corridor,N/A,Analytical/theoretical,Lane-changing friction / gaps; Capacity drop,effective capacity; capacity drop; relative capacity drop,Marczak et al. 2015 developed a parsimonious macroscopic model for freeway weaving sections by representing weaving as two merges and two diverges. The study found that weaving lane changes endogenously reduce effective capacity through acceleration-deceleration voids and that acceleration and relaxation parameters strongly influence capacity drop measured using effective capacity and relative capacity drop.,Analytical and simulation-supported evidence only for a simplified one-main-lane and one-auxiliary-lane weaving section. Validation used one Grenoble data set and the authors note the need to extend the model to multilane non-FIFO configurations and additional field sites.,Yes,No,Perplexity bibliography,Perplexity bibliography,matched to uploaded coded matrix,Excluded from application-map support if foundational/review-only.,Lateral/merging,Traffic-flow modeling,weaving/diverge; freeway segment/corridor,Lane-changing friction / gaps; Capacity drop,effective capacity; capacity drop; relative capacity drop
M048,51,S. Nakka 2022,2022,A Multi-Agent Deep Reinforcement Learning Coordination Framework for Connected and Automated Vehicles at Merging Roadways,"Sai Krishna Sumanth Nakka, Behdad Chalaki, and Andreas A. Malikopoulos",2022 American Control Conference (ACC),https://doi.org/10.23919/ACC53348.2022.9867314,"Nakka, S. K. S., Chalaki, B., & Malikopoulos, A. A. (2022). A multi-agent deep reinforcement learning coordination framework for connected and automated vehicles at merging roadways. 2022 American Control Conference (ACC). https://doi.org/10.23919/ACC53348.2022.9867314",Included as direct evidence,Authoritative 216-record matrix; manuscript-linked retained reference,Coded record available in authoritative matrix; current-taxonomy fields harmonized for corpus,RL simulation/benchmark,CAV,Cooperative CAV merging control,Tier 1,Merge/yield/gap-acceptance decision,RL/MARL,Centralized; Distributed/decentralized,Cooperative merging / coordinated gap creation / ramp coordination,highway on-ramp merge,CAV; Communication-reliability assumption,Simulation,Bottleneck activation/throughput; stop-and-go waves / flow stability; merging conflict,speed trajectories; position trajectories; collision avoidance; speed range; smooth traffic flow,"Nakka et al. (2022) proposed a decentralized multi-agent actor-critic DRL framework for coordinating CAVs at a highway on-ramp merge. The simulations showed that learned policies avoided rear-end and lateral collisions and eliminated stop-and-go driving, measured using position and speed trajectories, speed ranges, and reward learning, but the study used a simplified Python simulation with homogeneous CAVs and no HV mixed-traffic uncertainty.","Simulation-only evidence; assumes all vehicles are CAV agents with accurate shared information; not robust to communication errors, delays, control noise, or mixed HV-CAV behavior in its current form.",Yes,No/unclear,Undermind #120,Undermind catalog,matched to uploaded coded matrix,,Lateral/merging; Cooperative; Longitudinal,RL/MARL; decentralized actor-critic; MDDPG,highway on-ramp merge,Bottleneck activation/throughput; stop-and-go waves / flow stability; merging conflict,speed trajectories; position trajectories; collision avoidance; speed range; smooth traffic flow
M049,52,Newell 1993,1993,"A simplified theory of kinematic waves in highway traffic, part I: General theory",Gordon F. Newell,"Transportation Research Part B: Methodological, 27(4), 281–287",https://doi.org/10.1016/0191-2615(93)90038-C,"Newell, G. F. (1993). A simplified theory of kinematic waves in highway traffic, part I: General theory. Transportation Research Part B: Methodological, 27(4), 281-287.",Included as mechanism-supporting evidence,Manual full-text coding from uploaded PDF,Mechanism-supporting coding from full text,Foundational analytical kinematic-wave theory,Not applicable,Foundational traffic-flow theory,Mechanism-supporting,Not applicable,Not applicable,Not applicable,Not applicable,Highway link / bottleneck,Not applicable,Analytical/theoretical,Shockwave propagation; Queue formation/discharge,Cumulative flow; flow; density; shock trajectory; queueing,Provides a cumulative-flow formulation of kinematic-wave traffic theory that simplifies evaluation of shocks and queueing from boundary or initial conditions.,Foundational traffic-flow theory; does not evaluate AV/CAV controller effectiveness.,No,No,,Manuscript reference + uploaded PDF/audit verification,verified outside coded matrix — uploaded full-text PDF,Full text supplied and verified. Foundational kinematic-wave/cumulative-flow theory. Mechanism-supporting/foundational only; not used as operational application-map support.,,,,,
M050,53,Sinan Öncü 2014,2014,Cooperative Adaptive Cruise Control: Network-Aware Analysis of String Stability,"Sinan Öncü, J. Ploeg, N. van de Wouw, and H. Nijmeijer",IEEE Transactions on Intelligent Transportation Systems,https://doi.org/10.1109/TITS.2014.2302816,"Öncü, S., Ploeg, J., van de Wouw, N., & Nijmeijer, H. (2014). Cooperative adaptive cruise control: Network-aware analysis of string stability. IEEE Transactions on Intelligent Transportation Systems. https://doi.org/10.1109/TITS.2014.2302816",Included as direct evidence,Authoritative 216-record matrix; manuscript-linked retained reference,Coded record available in authoritative matrix; current-taxonomy fields harmonized for corpus,Analytical/modeling with experimental validation,CACC,Longitudinal control,Tier 2,Desired time headway/spacing gap,Rule-based/control law,Cooperative V2V,Traffic smoothing / mobile-actuator control,string/platoon; test track,CACC,Analytical/theoretical; Test-track experiment,Stop-and-go waves / flow stability; String instability,string stability transfer function; frequency response; allowable delay; headway time,Öncü et al. 2014 developed a networked-control framework for CACC string stability with sampling hold and wireless delay. The study showed that smaller headways require tighter delay bounds and validated the model with CACC prototype vehicle experiments using frequency response estimates,Experiments used two prototype vehicles on a test track. The study focused on longitudinal string stability rather than network traffic demand or bottleneck throughput,No,No,Undermind #191,Undermind catalog,matched to uploaded coded matrix,,Longitudinal; Cooperative,Networked control; ACC/CACC,string/platoon; test track,Stop-and-go waves / flow stability; String instability,string stability transfer function; frequency response; allowable delay; headway time
M051,54,Pan et al. 2021,2021,Integrated optimal control strategies for freeway traffic mixed with connected automated vehicles: A model-based reinforcement learning approach,"Tianlu Pan, Renzhong Guo, William H.K. Lam, Renxin Zhong, Weixi Wang, and Biao He",Transportation Research Part C: Emerging Technologies,https://doi.org/10.1016/j.trc.2021.102987,"Pan, T., Guo, R., Lam, W. H. K., Zhong, R., Wang, W., & He, B. (2021). Integrated optimal control strategies for freeway traffic mixed with connected automated vehicles: A model-based reinforcement learning approach. Transportation Research Part C: Emerging Technologies. https://doi.org/10.1016/j.trc.2021.102987",Included as direct evidence,Authoritative 216-record matrix; manuscript-linked retained reference,Coded record available in authoritative matrix; current-taxonomy fields harmonized for corpus,Analytical/modeling + simulation,CAV; AV; RHV,Direct bottleneck/congestion mitigation,Tier 1,Desired speed; Entry/access/release decision,Optimal control; Rule-based/control law,Individual/onboard or not clearly specified,Integrated longitudinal–lateral bottleneck control; Speed harmonization / dynamic headway / bottleneck-inflow regulation,freeway segment/corridor; on-ramp merge; freeway bottleneck,CAV; AV; RHV; Penetration/controllable-share assumption; Compliance assumption,Analytical/theoretical; Simulation,bottleneck queuing; shockwaves; lane-changing friction; traffic flow instability,total travel cost; total time spent; queue; lane-changing maneuvers; fuel consumption; emissions; electricity cost; safety gap,Pan et al. 2021 proposed an integrated freeway control framework for mixed CAV and RHV traffic using ramp metering lane-changing control or recommendation and variable speed limit control or recommendation. The study found that integrated control reduced total travel cost by reducing lane-changing maneuvers and bottleneck queues while smoothing traffic and suppressing shockwaves and also reported that ramp metering became less important at high CAV penetration.,Simulation-only numerical study on a virtual 2.75-mile two-lane freeway with assumed CAV compliance complete traffic-state knowledge and no real-world closed-loop data for updating the model.,Yes,No/unclear,Undermind #29,Undermind catalog,matched to uploaded coded matrix,,Longitudinal; Lateral,Model-based RL; Cross-entropy method; Optimization/optimal control; VSL/speed control; Ramp metering; Lane-changing control,freeway segment/corridor; on-ramp merge; freeway bottleneck,bottleneck queuing; shockwaves; lane-changing friction; traffic flow instability,total travel cost; total time spent; queue; lane-changing maneuvers; fuel consumption; emissions; electricity cost; safety gap
M052,55,Yuchen Pan 2024,2024,The impacts of connected autonomous vehicles on mixed traffic flow: A comprehensive review,Yuchen Pan; Yu Wu; Lu Xu; Chengyi Xia; David L. Olson,Physica A: Statistical Mechanics and its Applications,https://doi.org/10.1016/j.physa.2023.129454,"Pan, Y., Wu, Y., Xu, L., Xia, C., & Olson, D. L. (2024). The impacts of connected autonomous vehicles on mixed traffic flow: A comprehensive review. Physica A: Statistical Mechanics and Its Applications. https://doi.org/10.1016/j.physa.2023.129454",Included only as system context,Authoritative 216-record matrix; manuscript-linked retained reference,Coded record available in authoritative matrix; current-taxonomy fields harmonized for corpus,Review/survey,CAV; AV,Direct bottleneck/congestion mitigation,Tier 1,Lane choice; Lane-change timing/execution,RL/MARL; Rule-based/control law,Cooperative V2V,Routing / dynamic traffic assignment / managed-lane operation; Speed harmonization / dynamic headway / bottleneck-inflow regulation; Traffic smoothing / mobile-actuator control,Mixed-traffic networks; Urban road network,CAV; AV; Penetration/controllable-share assumption; HDV/mixed-traffic behavior; Controller/driver heterogeneity,Simulation,Stop-and-go waves / flow stability; Bottleneck activation/throughput; Capacity drop; Network congestion distribution,throughput/capacity; speed/stability; delay/travel time/queue; emissions/fuel; safety/conflicts,Pan et al. 2024 reviewed CAV impacts on mixed traffic flow with emphasis on traffic efficiency and congestion. The review reports that CAV connectivity and coordinated control can reduce phantom congestion and traffic fluctuations while improving capacity speed flow stability and emissions but evidence is synthesized from prior modeling and simulation studies rather than new experiments.,Review-only evidence; heterogeneous source studies; long-term net impacts on fuel consumption and emissions remain uncertain; policy and deployment effects depend on penetration rate and implementation context.,Sometimes,Sometimes,Perplexity table P23; Perplexity bibliography,Perplexity selected table; Perplexity bibliography,matched to uploaded coded matrix,Excluded from application-map support if foundational/review-only.,Longitudinal; Lateral; Cooperative; Route/network,Review/survey; ACC/CACC; RL/MARL; Traffic-flow modeling,Mixed-traffic networks; Urban road network,Stop-and-go waves / flow stability; Bottleneck activation/throughput; Capacity drop; Network congestion distribution,throughput/capacity; speed/stability; delay/travel time/queue; emissions/fuel; safety/conflicts
M053,56,Papacharalampous et al. 2015,2015,Mitigating Congestion at Sags with Adaptive Cruise Control Systems,"Alexandros E. Papacharalampous, Meng Wang, Victor L. Knoop, Bernat Goñi Ros, Toshimichi Takahashi, Ichiro Sakata, Bart van Arem, and Serge P. Hoogendoorn",2015 IEEE 18th International Conference on Intelligent Transportation Systems,https://doi.org/10.1109/ITSC.2015.395,"Papacharalampous, A. E., Wang, M., Knoop, V. L., Goñi-Ros, B., Takahashi, T., Sakata, I., van Arem, B., & Hoogendoorn, S. P. (2015). Mitigating congestion at sags with adaptive cruise control systems. 2015 IEEE 18th International Conference on Intelligent Transportation Systems. https://doi.org/10.1109/ITSC.2015.395",Included as direct evidence,Authoritative 216-record matrix; manuscript-linked retained reference,Coded record available in authoritative matrix; current-taxonomy fields harmonized for corpus,Microscopic traffic simulation,ACC; CACC,Direct bottleneck/congestion mitigation,Tier 1,Acceleration/deceleration; Desired time headway/spacing gap,Rule-based/control law,Cooperative V2V,Speed harmonization / dynamic headway / bottleneck-inflow regulation; Traffic smoothing / mobile-actuator control,sag curve; freeway bottleneck,ACC; CACC; Controller/driver heterogeneity,Simulation,Bottleneck activation/throughput; capacity drop; queue discharge; stop-and-go waves / flow stability,total travel time savings; speed contour plots; headways,"Papacharalampous et al. (2015) studied ACC, CACC, and Traffic State-Adaptive ACC for a single-lane highway sag with 10% controlled vehicles. The simulations reported total travel time savings of 10.0 veh·min for ACC, 10.4 veh·min for CACC, and 18 veh·min for TSA-ACC versus no control, with TSA-ACC benefits mainly from reducing desired headway in congestion and when leaving the jam.","Simulation-only evidence with a single-lane segment, passenger cars only, no lane changes, and simplified non-controlled driving behavior; authors note that multi-lane networks, heterogeneous vehicles, and sag geometry variation need further study.",No,No,Undermind #101,Undermind catalog,matched to uploaded coded matrix,,Longitudinal,ACC/CACC; traffic-state-adaptive headway control; V2V multi-anticipation,sag curve; freeway bottleneck,Bottleneck activation/throughput; capacity drop; queue discharge; stop-and-go waves / flow stability,total travel time savings; speed contour plots; headways
M054,57,Georgia Perraki 2018,2018,Evaluation of a model predictive control framework for motorway traffic involving conventional and automated vehicles,"Georgia Perraki, Claudio Roncoli, Ioannis Papamichail, and Markos Papageorgiou",Transportation Research Part C: Emerging Technologies,https://doi.org/10.1016/j.trc.2018.05.002,"Perraki, G., Roncoli, C., Papamichail, I., & Papageorgiou, M. (2018). Evaluation of a model predictive control framework for motorway traffic involving conventional and automated vehicles. Transportation Research Part C: Emerging Technologies. https://doi.org/10.1016/j.trc.2018.05.002",Included as direct evidence,Authoritative 216-record matrix; manuscript-linked retained reference,Coded record available in authoritative matrix; current-taxonomy fields harmonized for corpus,Analytical/modeling + microscopic simulation,VACS; AV; connected vehicles,Direct bottleneck/congestion mitigation,Tier 1,Desired speed; Entry/access/release decision,MPC; Rule-based/control law,Individual/onboard or not clearly specified,Speed harmonization / dynamic headway / bottleneck-inflow regulation,freeway network; lane-drop bottleneck; on-ramp bottleneck; motorway corridor,VACS; AV; connected vehicles; Penetration/controllable-share assumption; Compliance assumption,Analytical/theoretical; Simulation,Capacity drop; Bottleneck activation/throughput; Network congestion distribution; Lane-changing friction / gaps,TTS; throughput; speed; TTS improvement; travel time reliability,Perraki et al. 2018 evaluated an MPC motorway-control framework using VACS-equipped vehicles as actuators together with ramp metering and lane-changing control on a calibrated Aimsun model of the A20 motorway. The study found average TTS reductions of 18.5% at 100% VACS penetration and 13.9% at 20% penetration with integrated control but results are simulation-based and conventional ramp metering remains important at low penetration.,Simulation-only evidence; relies on calibrated microscopic model; assumes compliance of equipped vehicles with control commands; lower penetration reduces benefit when ramp metering is removed,Yes,No/unclear,Undermind #33,Undermind catalog,matched to uploaded coded matrix,,Longitudinal; Lateral; Ramp control,MPC; VSL/MTFC; Ramp metering; Lane-changing control,freeway network; lane-drop bottleneck; on-ramp bottleneck; motorway corridor,Capacity drop; Bottleneck activation/throughput; Network congestion distribution; Lane-changing friction / gaps,TTS; throughput; speed; TTS improvement; travel time reliability
M055,58,Perrine 2020,2020,Anticipating long-distance travel shifts due to self-driving vehicles,Kenneth A. Perrine; Kara M. Kockelman; Yantao Huang,Journal of Transport Geography,https://doi.org/10.1016/j.jtrangeo.2019.102547,"Perrine, K. A., Kockelman, K. M., & Huang, Y. (2020). Anticipating long-distance travel shifts due to self-driving vehicles. Journal of Transport Geography. https://doi.org/10.1016/j.jtrangeo.2019.102547",Included only as system context,Authoritative 216-record matrix; manuscript-linked retained reference,Coded record available in authoritative matrix; current-taxonomy fields harmonized for corpus,Modeling,AV,Negative or mixed effects,Tier 2,Not applicable,Not applicable,Not applicable / not clearly specified,Routing / dynamic traffic assignment / managed-lane operation,Regional/national network,AV,Network/demand model,Induced demand / mode shift,PMT; mode share; trip distance; airline revenue,Perrine et al. 2020 added an AV mode to the rJourney long-distance travel-demand model for the United States. The study found that AVs could shift travel from air to personal vehicles and reduce total long-distance passenger-miles by 6.7% under the base scenario while increasing car plus AV trips at longer distances.,Model subset only; AV parameters estimated; IIA issue from adding AV as separate mode; field validation unavailable,No,Yes,Perplexity table P21,Perplexity selected table,matched to uploaded coded matrix,,Route/network,Travel-demand modeling,Regional/national network,Induced demand / mode shift,PMT; mode share; trip distance; airline revenue
M056,59,T. T. Phan 2020,2020,A Cooperative Space Distribution Method for Autonomous Vehicles at A Lane-Drop Bottleneck on Multi-Lane Freeways,"T. T. Phan, L. Le, and D. Ngoduy",IEEE Transactions on Intelligent Transportation Systems,https://doi.org/10.1109/TITS.2020.3040431,"Phan, T. T., Le, L., & Ngoduy, D. (2020). A cooperative space distribution method for autonomous vehicles at a lane-drop bottleneck on multi-lane freeways. IEEE Transactions on Intelligent Transportation Systems. https://doi.org/10.1109/TITS.2020.3040431",Included as direct evidence,Authoritative 216-record matrix; manuscript-linked retained reference,Coded record available in authoritative matrix; current-taxonomy fields harmonized for corpus,Analytical/modeling + simulation,AV,Direct bottleneck/congestion mitigation,Tier 1,Acceleration/deceleration; Lane-change timing/execution,Other / not clearly specified,Cooperative V2V,Integrated longitudinal–lateral bottleneck control; Platooning,lane-drop bottleneck; multi-lane freeway,AV; HDV/mixed-traffic behavior,Analytical/theoretical; Simulation,Bottleneck activation/throughput; capacity drop; queue formation; lane-changing friction / gaps,average travel time; number of stopping vehicles; average lane-changing velocity; efficiency; bottleneck throughput,Phan et al. 2020 developed a cooperative space distribution method that divides the upstream lane-drop region into platoon acceleration and merging segments and controls AV velocity and position to create safe gaps. Simulations on a four-lane lane-drop bottleneck showed lower average travel time and fewer stopping vehicles than non-cooperative and cooperative velocity methods with CSDM efficiencies above 90% in tested scenarios but the evidence is simulation based and assumes AV-only cooperative control.,Simulation-only evaluation; assumes AVs can be centrally coordinated and communicate reliably; no mixed HDV-CAV behavior is modeled in the main experiments; field validation is not provided.,Yes,No,Undermind #17; Undermind #164,Undermind catalog,matched to uploaded coded matrix,,Longitudinal and lateral,Cooperative trajectory planning / space distribution / platoon-based lane-change control,lane-drop bottleneck; multi-lane freeway,Bottleneck activation/throughput; capacity drop; queue formation; lane-changing friction / gaps,average travel time; number of stopping vehicles; average lane-changing velocity; efficiency; bottleneck throughput
M057,60,Qin and Wang 2021,2021,Stabilizing mixed cooperative adaptive cruise control traffic flow to balance capacity using car-following model,Yanyan Qin and Hao Wang,Journal of Intelligent Transportation Systems,https://doi.org/10.1080/15472450.2021.1985490,"Qin, Y., & Wang, H. (2021). Stabilizing mixed cooperative adaptive cruise control traffic flow to balance capacity using car-following model. Journal of Intelligent Transportation Systems. https://doi.org/10.1080/15472450.2021.1985490",Included as direct evidence,Authoritative 216-record matrix; manuscript-linked retained reference,Coded record available in authoritative matrix; current-taxonomy fields harmonized for corpus,Analytical/modeling,CACC; ACC,Longitudinal control,Tier 2,Acceleration/deceleration; Desired time headway/spacing gap,Rule-based/control law,Cooperative V2V,Traffic smoothing / mobile-actuator control,single-lane mixed traffic,CACC; ACC,Analytical/theoretical; Simulation,Stop-and-go waves / flow stability; capacity balance,string stability; traffic capacity; critical CACC penetration; equilibrium speed,Qin and Wang 2023 developed an analytical car-following framework for mixed CACC ACC and human traffic. The study showed that dynamic CACC and ACC time-gap management can balance string stability and traffic capacity using stability criteria and numerical simulations.,Analytical and simulation-only evidence with simplified single-lane random vehicle order and no lower-level vehicle dynamics or lane-changing model,No,No,Undermind #195,Undermind catalog,matched to uploaded coded matrix,,Longitudinal,ACC/CACC; car-following/string-stability analysis,single-lane mixed traffic,Stop-and-go waves / flow stability; capacity balance,string stability; traffic capacity; critical CACC penetration; equilibrium speed
M058,61,M. Ramezani 2019,2019,Lane density optimisation of automated vehicles for highway congestion control,Mohsen Ramezani and Eric Ye,Transportmetrica B: Transport Dynamics,https://doi.org/10.1080/21680566.2019.1568925,"Ramezani, M., & Ye, E. (2019). Lane density optimisation of automated vehicles for highway congestion control. Transportmetrica B: Transport Dynamics. https://doi.org/10.1080/21680566.2019.1568925",Included as direct evidence,Authoritative 216-record matrix; manuscript-linked retained reference,Coded record available in authoritative matrix; current-taxonomy fields harmonized for corpus,Optimization/modeling + microsimulation,AV,Direct bottleneck/congestion mitigation,Tier 1,Lane-change timing/execution; Merge/yield/gap-acceptance decision,Optimal control; Rule-based/control law,Individual/onboard or not clearly specified,Lane assignment / lane-use control,on-ramp merge; freeway bottleneck; highway segment/corridor; network,AV; Penetration/controllable-share assumption,Simulation,Congestion onset; Capacity drop; Lane-changing friction / merging turbulence; Bottleneck activation/throughput,total travel time; travel time variation; lane density; ramp queue length; lane changes; throughput/capacity,Ramezani and Ye 2019 developed a two-level AV lane-changing control strategy with proactive lane density optimization upstream of merges and reactive merge-conflict avoidance near the bottleneck. Microsimulation showed reduced total travel time and travel time variation by delaying congestion onset and mitigating capacity drop with strong performance at moderate to high AV penetration but weaker performance when demand exceeded enhanced capacity.,Simulation-only evidence; AV and conventional vehicle car-following were parameterized similarly to isolate lateral-control effects; field validation and real mixed-traffic behavioral data were not available; performance declines at very high demand and may require integration with ramp metering.,Yes,No/unclear,Undermind #13,Undermind catalog,matched to uploaded coded matrix,,Lateral,Optimization/optimal control; Rule-based advisory,on-ramp merge; freeway bottleneck; highway segment/corridor; network,Congestion onset; Capacity drop; Lane-changing friction / merging turbulence; Bottleneck activation/throughput,total travel time; travel time variation; lane density; ramp queue length; lane changes; throughput/capacity
M059,62,Richards 1956,1956,Shock waves on the highway,Paul I. Richards,"Operations Research, 4(1), 42–51",https://doi.org/10.1287/opre.4.1.42,"Richards, P. I. (1956). Shock waves on the highway. Operations research, 4(1), 42-51.",Included as mechanism-supporting evidence,Bibliographic verification only; full text unavailable,Limited—no full-text recoding,Foundational traffic-flow theory,Not applicable,Foundational traffic-flow theory,Mechanism-supporting,Not applicable,Not applicable,Not applicable,Not applicable,Highway traffic,Not applicable,Analytical/theoretical,Shockwave/kinematic-wave traffic-flow mechanism,Not recoded without full text,Foundational LWR/shock-wave reference used for mechanism support; no new detailed coding was inferred without full text.,Full text unavailable for this corpus update.,Not applicable,Not applicable,,Manuscript reference + uploaded PDF/audit verification,bibliographically verified outside coded matrix — full text unavailable,DOI supplied in the updated audit. Full text was not supplied and is not publicly available according to the author note. Foundational LWR/shock-wave reference; no new application coding or Figure 2 marker support was inferred.,,,,,
M060,63,Rios-Torres and Malikopoulos 2017,2017,Automated and cooperative vehicle merging at highway on-ramps,"Rios-Torres, J.; Malikopoulos, A. A.",IEEE Transactions on Intelligent Transportation Systems,https://doi.org/10.1109/TITS.2016.2587582,"Rios-Torres, J., & Malikopoulos, A. A. (2017). Automated and cooperative vehicle merging at highway on-ramps. IEEE Transactions on Intelligent Transportation Systems. https://doi.org/10.1109/TITS.2016.2587582",Included as direct evidence,Authoritative 216-record matrix; manuscript-linked retained reference,Coded record available in authoritative matrix; current-taxonomy fields harmonized for corpus,Analytical/modeling; simulation,CAV,Direct bottleneck/congestion mitigation,Tier 1,Merge/yield/gap-acceptance decision,Optimal control,Centralized; Cooperative V2V,Cooperative merging / coordinated gap creation / ramp coordination,on-ramp merge; merge/merging area; highway segment/corridor,CAV,Analytical/theoretical; Simulation,Bottleneck activation/throughput; Stop-and-go waves / flow stability,delay/travel time/queue; fuel consumption; collision avoidance,Rios-Torres and Malikopoulos 2017 studied centralized optimal coordination of CAVs at highway merging roadways using an analytical closed-form Hamiltonian control solution. The simulation showed collision-free merging without stop-and-go driving and reported fuel-consumption reductions of 52.7% and 48.1% plus travel-time reductions of 7.1% and 13.5% relative to a baseline yielding case.,Simulation-only study with simplified point-mass vehicle dynamics and an unconstrained optimal-control formulation for most cases. The high-speed case required an unrealistically long 1200 m control zone and the authors note future work is needed for active constraints richer traffic simulation vehicle diversity and trade-offs between fuel use and congestion.,Yes,No,Perplexity bibliography,Perplexity bibliography,matched to uploaded coded matrix,,Lateral/merging; Cooperative,Optimization/optimal control,on-ramp merge; merge/merging area; highway segment/corridor,Bottleneck activation/throughput; Stop-and-go waves / flow stability,delay/travel time/queue; fuel consumption; collision avoidance
M061,64,C. Roncoli 2019,2019,Integrated optimal traffic flow control enabled by speed and time-gap regulation,Claudio Roncoli,2019 IEEE Intelligent Transportation Systems Conference (ITSC),https://doi.org/10.1109/ITSC.2019.8917432,"Roncoli, C. (2019). Integrated optimal traffic flow control enabled by speed and time-gap regulation. 2019 IEEE Intelligent Transportation Systems Conference (ITSC). https://doi.org/10.1109/ITSC.2019.8917432",Included as direct evidence,Authoritative 216-record matrix; manuscript-linked retained reference,Coded record available in authoritative matrix; current-taxonomy fields harmonized for corpus,Analytical modeling and simulation,CAV; semi-automated vehicles,Direct bottleneck/congestion mitigation,Tier 1,Acceleration/deceleration; Desired speed; Desired time headway/spacing gap; Lane choice; Entry/access/release decision,Optimal control; Rule-based/control law,Centralized; Cooperative V2V; Infrastructure-assisted V2I/I2V,Routing / dynamic traffic assignment / managed-lane operation; Speed harmonization / dynamic headway / bottleneck-inflow regulation,macroscopic freeway network with source sink diverge and merge segments plus microscopic validation on circular road with on-ramp,CAV; semi-automated vehicles; Communication-reliability assumption,Analytical/theoretical; Simulation,Capacity drop; bottleneck activation; ramp queues; traffic efficiency loss,Total Time Spent; speed profiles; ramp queues; traffic efficiency,"Roncoli (2019) derived a macroscopic first-order traffic-flow model from ACC/CACC car-following behavior and formulated an integrated convex optimal control problem using CAV speed and desired time-gap regulation. In a seven-segment network with a merging bottleneck, conventional control reduced TTS by 12.1% while speed and time-gap regulation reduced TTS by 39.5% and prevented congestion, but the evidence is simulation-based and assumes centralized knowledge and controllable CAV speed/time-gap settings.",Simulation-only evidence; assumes a central decision maker with complete traffic-state knowledge and V2I capability; simplified first-order macroscopic model; numerical scenario is small; ongoing work noted for further microscopic validation.,Yes in microscopic validation,Yes in optimization framework,Undermind #117,Undermind catalog,matched to uploaded coded matrix,,Longitudinal; Route/network/lane-use,Convex optimal control; Speed/time-gap regulation; Ramp metering; Variable speed limits,macroscopic freeway network with source sink diverge and merge segments plus microscopic validation on circular road with on-ramp,Capacity drop; bottleneck activation; ramp queues; traffic efficiency loss,Total Time Spent; speed profiles; ramp queues; traffic efficiency
M062,65,C. Roncoli 2015,2015,Model Predictive Control for Motorway Traffic with Mixed Manual and VACS-equipped Vehicles☆,"C. Roncoli, I. Papamichail, and M. Papageorgiou",Transportation Research Procedia,https://doi.org/10.1016/j.trpro.2015.09.095,"Roncoli, C., Papamichail, I., & Papageorgiou, M. (2015). Model predictive control for motorway traffic with mixed manual and VACS-equipped vehicles. Transportation Research Procedia. https://doi.org/10.1016/j.trpro.2015.09.095",Included as direct evidence,Authoritative 216-record matrix; manuscript-linked retained reference,Coded record available in authoritative matrix; current-taxonomy fields harmonized for corpus,Analytical/modeling + microscopic simulation,ACC; VACS; V2I-equipped vehicles,Direct bottleneck/congestion mitigation,Tier 1,Desired speed; Desired time headway/spacing gap; Entry/access/release decision,MPC; Optimal control; Rule-based/control law,Infrastructure-assisted V2I/I2V,Speed harmonization / dynamic headway / bottleneck-inflow regulation,freeway bottleneck; on-ramp merge; freeway segment/corridor,ACC; VACS; V2I-equipped vehicles; Penetration/controllable-share assumption; Compliance assumption; Communication-reliability assumption,Analytical/theoretical; Simulation,Capacity drop; Bottleneck activation/throughput; Lane-changing friction / gaps; Queue formation/discharge,TTS; mean speed; throughput; ramp queue; lateral flow,"Roncoli et al. 2015 studied an MPC framework using VACS-equipped vehicles as sensors and actuators in a motorway on-ramp setting. The study found that integrated ramp metering, vehicle speed control, and lane-changing control reduced total time spent by about 6.0% to 21.7% across ACC headway and penetration scenarios, but the evidence was simulation-only with assumed V2I compliance and equipped-vehicle behavior.","Limited to microscopic simulation in a 5 km three-lane motorway with one on-ramp, assumed ACC and lane-change advisor implementation, and used calibrated behavioral assumptions rather than field validation.",Yes,No,Undermind #47,Undermind catalog,matched to uploaded coded matrix,,Longitudinal; Lateral,MPC; Optimization/optimal control; Ramp metering; VSL/speed control; Lane-changing control,freeway bottleneck; on-ramp merge; freeway segment/corridor,Capacity drop; Bottleneck activation/throughput; Lane-changing friction / gaps; Queue formation/discharge,TTS; mean speed; throughput; ramp queue; lateral flow
M063,66,Rossi 2018,2018,Routing autonomous vehicles in congested transportation networks: structural properties and coordination algorithms,Federico Rossi | Rick Zhang | Yousef Hindy | Marco Pavone,Autonomous Robots,https://doi.org/10.1007/s10514-018-9750-5,"Rossi, F., Zhang, R., Hindy, Y., & Pavone, M. (2018). Routing autonomous vehicles in congested transportation networks: structural properties and coordination algorithms. Autonomous Robots, 42(7), 1427-1442. https://doi.org/10.1007/s10514-018-9750-5",Included as direct evidence,Authoritative 216-record matrix; manuscript-linked retained reference,Coded record available in authoritative matrix; current-taxonomy fields harmonized for corpus,"Analytical
 modeling and simulation",AV,Network routing,Tier 2,Route choice,Optimal control,Individual/onboard or not clearly specified,Routing / dynamic traffic assignment / managed-lane operation,Urban road network | AMoD,AV,Analytical/theoretical; Simulation; Network/demand model,Network congestion distribution,travel time | wait time | link capacity | congestion avoidance,Rossi et al. 2018 modeled AMoD routing and rebalancing as flows on a capacitated road network. The study showed that properly coordinated rebalancing need not increase congestion in symmetric networks and that the proposed algorithm reduced excess congestion relative to point-to-point methods.,Uses simplified congestion constraints and does not explicitly model intersections spillback or bottleneck lane reductions in the core model.,No,Yes,Perplexity table P17 | Perplexity bibliography,Perplexity selected table | Perplexity bibliography,matched to uploaded coded matrix,,Route/network,Optimization/optimal control,Urban road network | AMoD,Network congestion distribution,travel time | wait time | link capacity | congestion avoidance
M064,67,Mingfeng Shang 2021,2021,Impacts of commercially available adaptive cruise control vehicles on highway stability and throughput,Mingfeng Shang and Raphael E. Stern,Transportation Research Part C: Emerging Technologies,https://doi.org/10.1016/j.trc.2020.102897,"Shang, M., & Stern, R. E. (2021). Impacts of commercially available adaptive cruise control vehicles on highway stability and throughput. Transportation Research Part C: Emerging Technologies. https://doi.org/10.1016/j.trc.2020.102897",Included as direct evidence,Authoritative 216-record matrix; manuscript-linked retained reference,Coded record available in authoritative matrix; current-taxonomy fields harmonized for corpus,Analytical/modeling + simulation,ACC; AV,Negative or mixed effects,Tier 1,Acceleration/deceleration; Desired time headway/spacing gap,Other / not clearly specified,Individual/onboard or not clearly specified,Speed harmonization / dynamic headway / bottleneck-inflow regulation; Traffic smoothing / mobile-actuator control,highway segment/corridor; on-ramp merge,ACC; AV; Controller/driver heterogeneity,Analytical/theoretical; Simulation,String instability; bottleneck capacity loss; throughput reduction,String stability; bottleneck capacity; downstream throughput; market penetration rate; time gap,Shang and Stern 2021 modeled theoretical ACC and commercially available ACC in mixed highway traffic. The study found that theoretical ACC increased bottleneck capacity by up to 7% while commercially available ACC could reduce capacity by up to 35% due to string instability and larger time gaps.,Simulation used IDM parameters calibrated from selected ACC experiments and a hypothetical highway segment. Results depend on model calibration and may not represent all commercial ACC systems.,Yes,No,Undermind #22,Undermind catalog,matched to uploaded coded matrix,,Longitudinal,ACC car-following simulation; string stability analysis,highway segment/corridor; on-ramp merge,String instability; bottleneck capacity loss; throughput reduction,String stability; bottleneck capacity; downstream throughput; market penetration rate; time gap
M065,68,S. Shladover 2012,2012,Impacts of Cooperative Adaptive Cruise Control on Freeway Traffic Flow,"S. Shladover, Dongyan Su, and Xiao-Yun Lu",Transportation Research Record,https://doi.org/10.3141/2324-08,"Shladover, S., Su, D., & Lu, X.-Y. (2012). Impacts of cooperative adaptive cruise control on freeway traffic flow. Transportation Research Record. https://doi.org/10.3141/2324-08",Included as direct evidence,Authoritative 216-record matrix; manuscript-linked retained reference,Coded record available in authoritative matrix; current-taxonomy fields harmonized for corpus,Microscopic simulation with field-test gap data,CACC; ACC,Direct bottleneck/congestion mitigation,Tier 1,Acceleration/deceleration; Desired time headway/spacing gap,Rule-based/control law,Cooperative V2V,Speed harmonization / dynamic headway / bottleneck-inflow regulation; Traffic smoothing / mobile-actuator control,freeway segment/corridor,CACC; ACC; Penetration/controllable-share assumption,Simulation; Field experiment,Bottleneck activation/throughput; Capacity improvement; Stop-and-go waves / flow stability,lane capacity; achievable flow; market penetration; time gap distribution,Shladover et al. 2012 used AIMSUN microsimulation with time gaps selected in field tests. The study found ACC had little capacity effect while CACC increased lane capacity substantially at moderate to high penetration and reached about 3970 vph per lane at full CACC penetration,One-lane straight freeway simulation with no lane changing and simplified ACC/CACC control rules. Dynamic response to strong disturbances and emergency stopping were left for future work,No,No,Undermind #190,Undermind catalog,matched to uploaded coded matrix,,Longitudinal; Cooperative,ACC/CACC; V2V cooperative following,freeway segment/corridor,Bottleneck activation/throughput; Capacity improvement; Stop-and-go waves / flow stability,lane capacity; achievable flow; market penetration; time gap distribution
M066,69,A. Srivastava 2013,2013,Empirical observations of capacity drop in freeway merges with ramp control and integration in a first-order model,Anupam Srivastava and Nikolas Geroliminis,Transportation Research Part C: Emerging Technologies,https://doi.org/10.1016/j.trc.2013.02.006,"Srivastava, A., & Geroliminis, N. (2013). Empirical observations of capacity drop in freeway merges with ramp control and integration in a first-order model. Transportation Research Part C: Emerging Technologies, 30, 161-177.",Included as mechanism-supporting evidence,Authoritative 216-record matrix; manuscript-linked retained reference,Coded record available in authoritative matrix; current-taxonomy fields harmonized for corpus,Empirical analysis and analytical/modeling,N/A or needs verification,Foundational theory,Tier 3,Merge/yield/gap-acceptance decision; Entry/access/release decision,Rule-based/control law,Not applicable / not clearly specified,Not applicable,merge/merging area; freeway segment/corridor,N/A or needs verification,Analytical/theoretical,Capacity drop; Bottleneck activation/throughput; Queue formation/discharge; Lane-changing friction / gaps,throughput/capacity; density; MAE; MAPE; ramp flow; discharge flow rate,Srivastava and Geroliminis 2013 examined empirical capacity drop at Twin Cities freeway merges and integrated the drop into a segmented first-order LWR model. The study found capacity drops often around 10-20% and about 15% at the Plymouth merge across control conditions with improved density-estimation accuracy measured by MAE and MAPE but it did not validate a new control strategy in the field.,Capacity drop magnitude is site-specific and detector data near merges are imperfect and simulation validation has limits for stop-and-go and merge behavior,Yes,No/unclear,Undermind #183,Undermind catalog,matched to uploaded coded matrix,Excluded from application-map support if foundational/review-only.,Lateral/merging; Longitudinal,Traffic-flow modeling; Ramp metering context,merge/merging area; freeway segment/corridor,Capacity drop; Bottleneck activation/throughput; Queue formation/discharge; Lane-changing friction / gaps,throughput/capacity; density; MAE; MAPE; ramp flow; discharge flow rate
M067,70,Stern et al. 2018,2018,Dissipation of stop-and-go waves via control of autonomous vehicles: Field experiments,"Raphael E. Stern, Shumo Cui, Maria Laura Delle Monache, Rahul Bhadani, Matt Bunting, Miles Churchill, Nathaniel Hamilton, R'mani Haulcy, Hannah Pohlmann, Fangyu Wu, Benedetto Piccoli, Benjamin Seibold, Jonathan Sprinkle, and Daniel B. Work",Transportation Research Part C: Emerging Technologies,https://doi.org/10.1016/j.trc.2018.02.005,"Stern, R. E., Cui, S., Delle Monache, M. L., Bhadani, R., Bunting, M., Churchill, M., Hamilton, N., Haulcy, R., Pohlmann, H., Wu, F., Piccoli, B., Seibold, B., Sprinkle, J., & Work, D. B. (2018). Dissipation of stop-and-go waves via control of autonomous vehicles: Field experiments. Transportation Research Part C: Emerging Technologies. https://doi.org/10.1016/j.trc.2018.02.005",Included as direct evidence,Authoritative 216-record matrix; manuscript-linked retained reference,Coded record available in authoritative matrix; current-taxonomy fields harmonized for corpus,Field experiment,AV,Direct bottleneck/congestion mitigation,Tier 1,Lane-change timing/execution,Other / not clearly specified,Individual/onboard or not clearly specified,Traffic smoothing / mobile-actuator control,Ring road / single-link traffic smoothing,AV; Penetration/controllable-share assumption,Test-track experiment; Field experiment,Stop-and-go waves / flow stability; string instability / wave damping,velocity standard deviation; fuel consumption; braking events; throughput,"Stern et al. (2018) experimentally studied longitudinal velocity control of one autonomous vehicle on a circular track with 21 to 22 vehicles. The study showed that low-penetration AV control could damp human-generated stop-and-go waves and reduce velocity variation, fuel use, and braking events, with best reported throughput gains up to 14.1%, but the test setting excluded lane changes and geometric bottlenecks.",Closed circular-track experiment only; no lane changing or geometric bottleneck; one AV approximates uniformly spaced low AV penetration on a longer road; larger multilane freeway validation was left for future work.,No,No,Undermind #127; Perplexity bibliography,Undermind catalog; Perplexity bibliography,matched to uploaded coded matrix,,Longitudinal,AV velocity control / FollowerStopper / PI with saturation,Ring road / single-link traffic smoothing,Stop-and-go waves / flow stability; string instability / wave damping,velocity standard deviation; fuel consumption; braking events; throughput
M068,71,Hari Hara Sharan Nagalur Subraveti 2021,2021,On lane assignment of connected automated vehicles: strategies to improve traffic flow at diverge and weave bottlenecks,"Hari Hara Sharan Nagalur Subraveti, A. Srivastava, Soyoung Ahn, V. Knoop, and B. Arem",Transportation Research Part C: Emerging Technologies,https://doi.org/10.1016/j.trc.2021.103126,"Subraveti, H. H. S. N., Srivastava, A., Ahn, S., Knoop, V., & van Arem, B. (2021). On lane assignment of connected automated vehicles: Strategies to improve traffic flow at diverge and weave bottlenecks. Transportation Research Part C: Emerging Technologies. https://doi.org/10.1016/j.trc.2021.103126",Included as direct evidence,Authoritative 216-record matrix; manuscript-linked retained reference,Coded record available in authoritative matrix; current-taxonomy fields harmonized for corpus,Analytical/modeling + simulation,CAV; AV; HDV,Direct bottleneck/congestion mitigation,Tier 1,Lane choice; Lane-change timing/execution,Other / not clearly specified,Individual/onboard or not clearly specified,Lane assignment / lane-use control,diverge bottleneck; weave bottleneck; freeway bottleneck; mixed traffic,CAV; AV; HDV; Penetration/controllable-share assumption; HDV/mixed-traffic behavior; Compliance assumption; Communication-reliability assumption,Analytical/theoretical; Simulation,Bottleneck activation/throughput; lane-changing friction / gaps; capacity drop; void creation,throughput; delay; lane-change counts; CAV penetration rate; exit flow; merge flow; compensation rate,Nagalur Subraveti et al. 2021 proposed destination-based CAV lane-assignment strategies for mixed traffic at diverge and weave bottlenecks to move disruptive lane changes upstream of the bottleneck. Analytical formulation and numerical simulations showed throughput gains of several percent and up to 7% in reported cases even at low to moderate CAV penetration but the approach relies on simplified lane-changing and compliance assumptions and simulation-based validation.,Simulation-based evidence; assumes controllable fully compliant CAVs and no communication latency; analytical design simplifies traffic dynamics; instantaneous lane-changing and simplified compensatory HDV behavior are used in simulations.,Yes,No,Undermind #18,Undermind catalog,matched to uploaded coded matrix,,Lateral,Strategic lane assignment / destination-based CAV lane-use control,diverge bottleneck; weave bottleneck; freeway bottleneck; mixed traffic,Bottleneck activation/throughput; lane-changing friction / gaps; capacity drop; void creation,throughput; delay; lane-change counts; CAV penetration rate; exit flow; merge flow; compensation rate
M069,72,Mehrdad Tajalli 2022,2022,Distributed cooperative trajectory and lane changing optimization of connected automated vehicles: Freeway segments with lane drop,"Mehrdad Tajalli, Ramin Niroumand, and Ali Hajbabaie",Transportation Research Part C: Emerging Technologies,https://doi.org/10.1016/j.trc.2022.103761,"Tajalli, M., Niroumand, R., & Hajbabaie, A. (2022). Distributed cooperative trajectory and lane changing optimization of connected automated vehicles: Freeway segments with lane drop. Transportation Research Part C: Emerging Technologies. https://doi.org/10.1016/j.trc.2022.103761",Included as direct evidence,Authoritative 216-record matrix; manuscript-linked retained reference,Coded record available in authoritative matrix; current-taxonomy fields harmonized for corpus,Analytical/modeling; microsimulation/numerical case study,CAV; V2V; cooperative automation,Direct bottleneck/congestion mitigation,Tier 1,Acceleration/deceleration; Lane-change timing/execution,MPC; Optimal control,Distributed/decentralized; Cooperative V2V,Integrated longitudinal–lateral bottleneck control,lane-drop bottleneck; freeway segment/corridor,CAV; V2V; cooperative automation; Communication-reliability assumption,Analytical/theoretical; Simulation,Bottleneck activation/throughput; Capacity drop; Lane-changing friction / gaps; Stop-and-go waves / flow stability; Queue formation/discharge,travel time; throughput/completed trips; stops; delay; TTC/safety risk; runtime,"Tajalli et al. (2022) studied distributed cooperative CAV trajectory and lane-changing optimization for freeway lane-drop bottlenecks. Across lane-drop simulation scenarios, the method smoothed traffic, reduced average travel time by up to 86.4%, increased completed trips by up to 134.3%, and eliminated stops relative to a Vissim all-knowing CAV benchmark, but relied on idealized all-CAV cooperation and simulation evidence.","Simulation/case-study evidence only; assumes CAVs can share current and predicted states and negotiate cooperatively. Runtime exceeded the 0.2 s implementation interval in high-demand 2400 veh/h/ln scenarios unless fewer neighboring vehicles are considered, with possible suboptimality.",Yes,No/unclear,Undermind #41,Undermind catalog,matched to uploaded coded matrix,,Lateral; Longitudinal,Optimization/optimal control; Distributed cooperative MPC; Mixed-integer programming,lane-drop bottleneck; freeway segment/corridor,Bottleneck activation/throughput; Capacity drop; Lane-changing friction / gaps; Stop-and-go waves / flow stability; Queue formation/discharge,travel time; throughput/completed trips; stops; delay; TTC/safety risk; runtime
M095,73,Tajdari et al. 2022,2022,Feedback-Based Ramp Metering and Lane-Changing Control With Connected and Automated Vehicles,"Farzam Tajdari, Claudio Roncoli, and Markos Papageorgiou","IEEE Transactions on Intelligent Transportation Systems, 23(2), 939-951",https://doi.org/10.1109/TITS.2020.3018873,"Tajdari, F., Roncoli, C., & Papageorgiou, M. (2022). Feedback-Based Ramp Metering and Lane-Changing Control With Connected and Automated Vehicles. IEEE Transactions on Intelligent Transportation Systems, 23(2), 939-951. https://doi.org/10.1109/TITS.2020.3018873",Included as direct evidence,Authoritative 216-record matrix; final full-text recheck,Full-text coded record available in authoritative matrix; current-taxonomy fields harmonized for final corpus,Analytical/modeling + macroscopic simulation,AV; CAV; CV,Direct bottleneck/congestion mitigation,Tier 1,Lane choice; Lane-change timing/execution; Entry/access/release decision,Optimal control; Rule-based/control law,Infrastructure-assisted V2I/I2V; Centralized,Integrated longitudinal–lateral bottleneck control,On-ramp merge; motorway bottleneck; multi-lane freeway segment,Partial connected/automated controllable share; exact-state/measurement assumptions,Analytical/theoretical; Simulation,Capacity drop; Queue formation / discharge; Lane-changing friction; bottleneck throughput,Throughput; total time spent/travel time; bottleneck density; on-ramp queue; lane changes; capacity drop,Tajdari et al. 2022 integrated feedback lane-changing control with ramp metering for a motorway bottleneck. Macroscopic simulations with capacity drop reported congestion reduction and roughly 23-26% lower total time spent across tested activation settings.,Simulation-only first-order multilane model; exact density-measurement assumptions; ramp queue not upper-bounded; no field validation or rich behavioral uncertainty.,Yes,No,Undermind #9,Undermind catalog; final uploaded full-text recheck,matched to uploaded coded matrix; full text rechecked,Promoted from verified screening matrix into final retained corpus after final relevance review. Publication year corrected to 2022 (volume-of-record year).,Integrated ramp metering and lane-changing control,Feedback/control-theoretic; LQI/LQR; ramp metering; extremum seeking,On-ramp merge; motorway bottleneck; multi-lane freeway segment,Capacity drop; bottleneck throughput; lane-changing friction,TTS; bottleneck density; throughput; on-ramp queue; lane changes; capacity drop
M070,74,Talebpour 2016,2016,Influence of connected and autonomous vehicles on traffic flow stability and throughput,Alireza Talebpour and Hani S. Mahmassani,Transportation Research Part C: Emerging Technologies,https://doi.org/10.1016/j.trc.2016.07.007,"Talebpour, A., & Mahmassani, H. S. (2016). Influence of connected and autonomous vehicles on traffic flow stability and throughput. Transportation Research Part C: Emerging Technologies. https://doi.org/10.1016/j.trc.2016.07.007",Included as direct evidence,Authoritative 216-record matrix; manuscript-linked retained reference,Coded record available in authoritative matrix; current-taxonomy fields harmonized for corpus,Analytical string-stability analysis + microscopic simulation,Connected vehicles; AV,Direct bottleneck/congestion mitigation,Tier 1,Acceleration/deceleration; Desired time headway/spacing gap,Other / not clearly specified,Individual/onboard or not clearly specified,Traffic smoothing / mobile-actuator control,single-lane/platoon; on-ramp merge,Connected vehicles; AV; Penetration/controllable-share assumption; HDV/mixed-traffic behavior; Communication-reliability assumption,Analytical/theoretical; Simulation,Bottleneck activation/throughput; Stop-and-go waves / flow stability; String instability; Shockwave propagation,throughput/capacity; string stability/wave damping; speed/stability; fundamental diagram scatter,"Talebpour and Mahmassani (2016) developed an acceleration-modeling framework for regular, connected, and autonomous vehicles and evaluated mixed traffic using analytical string-stability analysis and microscopic simulation. The study found that connected and especially autonomous vehicles can improve string stability, suppress shockwave propagation, and increase throughput under some penetration scenarios, measured using stability thresholds, fundamental diagrams, and maximum throughput.","Results are illustrative and simulation/model-based; they depend on assumed car-following models, reaction times, sensor/communication assumptions, and penetration scenarios, and the authors note that real-world observations are needed for accurate modeling.",Yes,No/unclear,Undermind #95,Undermind catalog,matched to uploaded coded matrix,,Longitudinal,Analytical stability analysis; Microsimulation,single-lane/platoon; on-ramp merge,Bottleneck activation/throughput; Stop-and-go waves / flow stability; String instability; Shockwave propagation,throughput/capacity; string stability/wave damping; speed/stability; fundamental diagram scatter
M071,75,Treiber and Kesting 2012,2012,"Traffic flow dynamics: data, models and simulation",Martin Treiber; Arne Kesting,Springer Science & Business Media,"https://books.google.com/books?hl=en&lr=&id=sWiUjVAGTVgC&oi=fnd&pg=PR5&dq=Treiber,+M.,+&+Kesting,+A.+(2012).+Traffic+flow+dynamics:+data,+models+and+simulation.+Springer+Science+&+Business+Media.&ots=CTfqOcfVmt&sig=ziV-hkZ_w8tnzT-PTnPs0-ZKlyM#v=onepage&q=Treiber, M., & Kesting, A. (2012). Traffic flow dynamics: data, models and simulation. Springer Science & Business Media.&f=false","Treiber, M., & Kesting, A. (2012). Traffic flow dynamics: data, models and simulation. Springer Science & Business Media.",Included as mechanism-supporting evidence,Bibliographic verification only; book/ebook unavailable,Limited—no full-text recoding,Reference book / traffic-flow synthesis,Not applicable / broad traffic-flow context,Foundational traffic-flow theory and modeling,Mechanism-supporting,Not recoded without full text,Not applicable,Not applicable,Not applicable,Broad traffic-flow contexts,Not recoded without full text,Reference synthesis; no full-text recoding,"Traffic-flow stability, waves, and congestion mechanisms (broad reference role)",Not recoded without full text,Reference book retained for foundational traffic-flow concepts; no new detailed coding was inferred without the ebook/full text.,Book/ebook unavailable for this corpus update.,Not recoded,Not recoded,,Manuscript reference + uploaded PDF/audit verification,bibliographically verified outside coded matrix — book/full text unavailable,Foundational textbook/reference. An ebook/full text was not supplied and is not available according to the author note. Retained as a bibliographic/foundational source; no new application coding or Figure 2 marker support was inferred.,,,,,
M072,76,Treiber et al. 2007,2007,Influence of reaction times and anticipation on stability of vehicular traffic flow,Martin Treiber; Arne Kesting; Dirk Helbing,"Transportation Research Record, 1999(1), 23–29",https://doi.org/10.3141/1999-03,"Treiber, M., Kesting, A., & Helbing, D. (2007). Influence of reaction times and anticipation on stability of vehicular traffic flow. Transportation Research Record, 1999(1), 23-29.",Included as mechanism-supporting evidence,Manual full-text coding from uploaded PDF,Mechanism-supporting coding from full text,Simulation and stability analysis of human car-following behavior,Human-driver model; not an AV/CAV intervention,String stability and human-driver reaction/anticipation,Mechanism-supporting,Not applicable to AV/CAV intervention,Not applicable,Not applicable,Not applicable,Single-lane car-following/platoon,Human-driver heterogeneity in reaction times,Analytical/theoretical; Simulation,String instability; disturbance amplification; stop-and-go-wave formation,Local stability; string stability; perturbation amplification; acceleration response,"Simulates how reaction time, acceleration capability, temporal anticipation, and multivehicle look-ahead affect local and string stability of human-driven traffic.",Mechanism-supporting human-driver model study; lane changes are excluded and it does not test an AV/CAV congestion-control strategy.,No,No,,Manuscript reference + uploaded PDF/audit verification,verified outside coded matrix — uploaded full-text PDF,"Full text supplied and verified. Simulation study of human-driver reaction time, anticipation, local stability, and string stability. Mechanism-supporting evidence only; not an AV/CAV congestion-control application and therefore not used for operational application-map marker support.",,,,,
M073,77,Van Arem 2006,2006,The Impact of Cooperative Adaptive Cruise Control on Traffic-Flow Characteristics,"Bart van Arem, Cornelie J. G. van Driel, and Ruben Visser",IEEE Transactions on Intelligent Transportation Systems,https://doi.org/10.1109/TITS.2006.884615,"van Arem, B., van Driel, C. J. G., & Visser, R. (2006). The impact of cooperative adaptive cruise control on traffic-flow characteristics. IEEE Transactions on Intelligent Transportation Systems. https://doi.org/10.1109/TITS.2006.884615",Included as direct evidence,Authoritative 216-record matrix; manuscript-linked retained reference,Coded record available in authoritative matrix; current-taxonomy fields harmonized for corpus,Microsimulation,CACC; ACC,Longitudinal control,Tier 2,Acceleration/deceleration,Rule-based/control law,Cooperative V2V,Speed harmonization / dynamic headway / bottleneck-inflow regulation; Traffic smoothing / mobile-actuator control,highway lane-drop merge from four to three lanes,CACC; ACC; Penetration/controllable-share assumption; Communication-reliability assumption,Simulation,Bottleneck activation/throughput; Stop-and-go waves / flow stability; Lane-changing friction / gaps,throughput/capacity; speed/stability; shockwave count,Van Arem et al. 2006 simulated CACC in MIXIC for a four-lane to three-lane highway lane-drop scenario. The study found that high CACC penetration reduced shockwaves and improved stability with slight capacity benefits but close CACC platoons created merging conflicts when communication was limited to longitudinal control.,Simulation-only evidence; no communication or sensor failures modeled; congestion simulation realism is noted as a limitation; dedicated CACC lanes degraded performance at low penetration; lateral cooperation was not included.,Yes,No,Perplexity table P4; Undermind #189; Perplexity bibliography,Perplexity selected table; Undermind catalog; Perplexity bibliography,matched to uploaded coded matrix,,Longitudinal; Cooperative,ACC/CACC,highway lane-drop merge from four to three lanes,Bottleneck activation/throughput; Stop-and-go waves / flow stability; Lane-changing friction / gaps,throughput/capacity; speed/stability; shockwave count
M074,78,Eugene Vinitsky 2023,2023,Optimizing Mixed Autonomy Traffic Flow with Decentralized Autonomous Vehicles and Multi-Agent Reinforcement Learning,"Eugene Vinitsky, Nathan Lichtlé, Kanaad Parvate, and Alexandre Bayen",ACM Transactions on Cyber-Physical Systems,https://doi.org/10.1145/3582576,"Vinitsky, E., Lichtlé, N., Parvate, K., & Bayen, A. M. (2023). Optimizing mixed autonomy traffic flow with decentralized autonomous vehicles and multi-agent reinforcement learning. ACM Transactions on Cyber-Physical Systems. https://doi.org/10.1145/3582576",Included as direct evidence,Authoritative 216-record matrix; manuscript-linked retained reference,Coded record available in authoritative matrix; current-taxonomy fields harmonized for corpus,Analytical/modeling + simulation,AV,Direct bottleneck/congestion mitigation,Tier 1,Acceleration/deceleration,RL/MARL; Rule-based/control law,Centralized; Distributed/decentralized,Speed harmonization / dynamic headway / bottleneck-inflow regulation,freeway bottleneck; lane-reduction bottleneck,AV; Penetration/controllable-share assumption,Analytical/theoretical; Simulation,Capacity drop; bottleneck throughput loss; queue formation; inflow regulation,Bottleneck outflow; throughput; penetration rate; inflow-outflow curves; controller robustness,Vinitsky et al. 2023 studied decentralized AV acceleration control with multi-agent reinforcement learning in a two-stage lane-reduction bottleneck. The study reported bottleneck throughput improvements from 20% at 5% AV penetration to 33% at 40% penetration and showed RL outperforming tuned feedback control.,The study is simulation-based with SUMO and Flow and disables lane changing in the main experiments while later showing that lane changing can degrade performance. Training instability and simplified radar sensing are also noted limitations.,No,No,Undermind #24,Undermind catalog,matched to uploaded coded matrix,,Longitudinal,Multi-agent reinforcement learning; decentralized feedback control; mobile metering,freeway bottleneck; lane-reduction bottleneck,Capacity drop; bottleneck throughput loss; queue formation; inflow regulation,Bottleneck outflow; throughput; penetration rate; inflow-outflow curves; controller robustness
M075,79,Eugene Vinitsky 2018,2018,Lagrangian Control through Deep-RL: Applications to Bottleneck Decongestion,"Eugene Vinitsky, Kanaad Parvate, Aboudy Kreidieh, Cathy Wu, and Alexandre Bayen",2018 21st International Conference on Intelligent Transportation Systems (ITSC),https://doi.org/10.1109/ITSC.2018.8569615,"Vinitsky, E., Parvate, K., Kreidieh, A., Wu, C., & Bayen, A. M. (2018). Lagrangian control through deep-RL: Applications to bottleneck decongestion. 2018 21st International Conference on Intelligent Transportation Systems (ITSC). https://doi.org/10.1109/ITSC.2018.8569615",Included as direct evidence,Authoritative 216-record matrix; manuscript-linked retained reference,Coded record available in authoritative matrix; current-taxonomy fields harmonized for corpus,Microscopic simulation with deep RL,AV,Direct bottleneck/congestion mitigation,Tier 1,Acceleration/deceleration; Desired speed,RL/MARL; Rule-based/control law,Centralized,Speed harmonization / dynamic headway / bottleneck-inflow regulation,Multi-stage freeway bottleneck,AV; Penetration/controllable-share assumption,Simulation,Bottleneck activation/throughput; Capacity drop; Queueing/delay,throughput/capacity; bottleneck outflow; inflow-outflow curve; delay/travel time/queue,Vinitsky 2018 used deep reinforcement learning for Lagrangian longitudinal control of AVs in a simulated two-stage freeway bottleneck modeled after the San Francisco-Oakland Bay Bridge. With 10 percent AV penetration the controller stabilized bottleneck outflow near 1000 veh/h and improved high-inflow throughput by about 200 veh/h or 25 percent but lane-changing was disabled and field validation was not provided.,Simulation-only evidence; lane-changing disabled; centralized controller; simplified Bay Bridge bottleneck; performance under lane-changing and lower AV penetration left for future work.,No,No,Undermind #2; Perplexity table P13; Perplexity bibliography,Undermind catalog; Perplexity selected table; Perplexity bibliography,matched to uploaded coded matrix,,Longitudinal,RL/MARL; Lagrangian control; Variable-speed control,Multi-stage freeway bottleneck,Bottleneck activation/throughput; Capacity drop; Queueing/delay,throughput/capacity; bottleneck outflow; inflow-outflow curve; delay/travel time/queue
M076,80,Vishnoi et al. 2024,2024,CAV Traffic Control to Mitigate the Impact of Congestion from Bottlenecks: A Linear Quadratic Regulator Approach and Microsimulation Study,"Suyash C. Vishnoi, Junyi Ji, MirSaleh Bahavarnia, Yuhang Zhang, Ahmad F. Taha, Christian G. Claudel, and Daniel B. Work",Journal on Autonomous Transportation Systems,https://doi.org/10.1145/3636464,"Vishnoi, S. C., Ji, J., Bahavarnia, M., Zhang, Y., Taha, A. F., Claudel, C. G., & Work, D. B. (2024). CAV traffic control to mitigate the impact of congestion from bottlenecks: A linear quadratic regulator approach and microsimulation study. Journal on Autonomous Transportation Systems. https://doi.org/10.1145/3636464",Included as direct evidence,Authoritative 216-record matrix; manuscript-linked retained reference,Coded record available in authoritative matrix; current-taxonomy fields harmonized for corpus,Analytical/modeling + simulation + microsimulation,CAV; AV,Direct bottleneck/congestion mitigation,Tier 1,Desired speed,Optimal control; Rule-based/control law,Cooperative V2V,Speed harmonization / dynamic headway / bottleneck-inflow regulation,freeway bottleneck; freeway segment/corridor,CAV; AV,Analytical/theoretical; Simulation,Bottleneck activation/throughput; capacity drop; jam propagation,delay/travel time/queue; throughput/capacity; speed/stability; computation time,Vishnoi et al. 2024 studied LQR-based speed control of CAV platoons treated as moving bottlenecks on a freeway with a fixed bottleneck. The study showed that GN-LQR and GN-LQRP improved mean speed and reduced bottleneck jam impacts with computation times suitable for near real-time control while performing comparably to PI and MPC controllers.,Macroscopic results depend on CTM assumptions and full-lane CAV platoons. Microsimulation used limited scenarios and random seeds. The approach requires one CAV per lane and does not model ramps in the main macroscopic scenario.,No,No,Undermind #27,Undermind catalog,matched to uploaded coded matrix,,Longitudinal,Feedback/control-theoretic; LQR; Simulation,freeway bottleneck; freeway segment/corridor,Bottleneck activation/throughput; capacity drop; jam propagation,delay/travel time/queue; throughput/capacity; speed/stability; computation time
M077,81,Kentaro Wada 2019,2019,Continuum car-following model of capacity drop at sag and tunnel bottlenecks,"Kentaro Wada, Irene Martínez, and Wen-Long Jin",Transportation Research Procedia,https://doi.org/10.1016/j.trpro.2019.05.035,"Wada, K., Martínez, I., & Jin, W. L. (2019). Continuum car-following model of capacity drop at sag and tunnel bottlenecks. Transportation Research Procedia, 38, 668-687.",Included as mechanism-supporting evidence,Authoritative 216-record matrix; manuscript-linked retained reference,Coded record available in authoritative matrix; current-taxonomy fields harmonized for corpus,Analytical/modeling,N/A or needs verification,Foundational traffic-flow theory,Tier 3,Acceleration/deceleration; Desired time headway/spacing gap,Not applicable,Not applicable / not clearly specified,Not applicable,sag curve; tunnel bottleneck; freeway bottleneck,N/A or needs verification,Analytical/theoretical; Simulation,Bottleneck activation/throughput; Capacity drop; Queue discharge acceleration,throughput/capacity; speed profile; acceleration rate; transition time,Wada et al. 2019 developed a second-order continuum car-following model for sag and tunnel bottlenecks with location-dependent time gaps and bounded acceleration. The model reproduced stationary speed profiles and a 10 percent capacity drop with dropped capacity about 1325 veh/h/lane and about 20 min transition time but it remained a theoretical and calibrated simulation model.,Focused on simplified sag and tunnel bottlenecks; calibration used limited empirical speed profiles; AV control was discussed only as future use,No,No/unclear,Undermind #185,Undermind catalog,matched to uploaded coded matrix,Excluded from application-map support if foundational/review-only.,Longitudinal,Traffic-flow modeling,sag curve; tunnel bottleneck; freeway bottleneck,Bottleneck activation/throughput; Capacity drop; Queue discharge acceleration,throughput/capacity; speed profile; acceleration rate; transition time
M078,82,Wang et al. 2016,2016,Connected variable speed limits control and car-following control with vehicle-infrastructure communication to resolve stop-and-go waves,"Meng Wang, Winnie Daamen, Serge P. Hoogendoorn, and Bart van Arem","Journal of Intelligent Transportation Systems, 20(6), 559–572",https://doi.org/10.1080/15472450.2016.1157022,"Wang, M., Daamen, W., Hoogendoorn, S. P., & van Arem, B. (2016). Connected variable speed limits control and car-following control with vehicle-infrastructure communication to resolve stop-and-go waves. Journal of Intelligent Transportation Systems, 20(6), 559–572. https://doi.org/10.1080/15472450.2016.1157022",Included as direct evidence,Authoritative 216-record matrix; manuscript-linked retained reference,Coded record available in authoritative matrix; current-taxonomy fields harmonized for corpus,Microscopic simulation; proof-of-concept integrated traffic and vehicle control,Connected AV/IV; car-following control vehicles; V2I/DSRC,Direct bottleneck/congestion mitigation,Tier 1,Acceleration/deceleration; Desired speed; Desired time headway/spacing gap; Entry/access/release decision,MPC; Rule-based/control law,Infrastructure-assisted V2I/I2V,Speed harmonization / dynamic headway / bottleneck-inflow regulation; Traffic smoothing / mobile-actuator control,Freeway bottleneck; single-link traffic smoothing; mixed traffic,Connected AV/IV; car-following control vehicles; V2I/DSRC; Compliance assumption; Communication-reliability assumption,Analytical/theoretical; Simulation,Stop-and-go waves / flow stability; Bottleneck activation/throughput; Capacity drop,TTS/travel time; resolved jams; new jams; VSL control effort; speed/flow/density; fuel consumption,"Wang et al. (2016) studied a connected VSL and MPC-based car-following control system in a two-lane freeway bottleneck simulation. The study showed that V2I actuation of speed limits by CFC vehicles resolved stop-and-go waves in all tested mixed-CFC cases and reduced TTS by more than 80 veh-h versus uncontrolled all-human traffic and by more than 30 veh-h versus controlled all-human traffic, with lower average fuel consumption, but some new jams could be triggered downstream after VSL release.","Simulation-only proof of concept; assumes full CFC compliance with VSL, no sensor errors, negligible DSRC delay, simplified vehicle dynamics, and human-executed lane changes; SPECIALIST parameters were heuristically tuned rather than optimized; practical delays/human factors left for future work.","Yes, but lateral decisions/maneuvers of CFC vehicles are human-driven; not AV-controlled",No,﻿Undermind #51,Undermind catalog,matched to uploaded coded matrix,,Longitudinal,VSL/speed harmonization; MPC; Car-following control; V2I/infrastructure control,Freeway bottleneck; single-link traffic smoothing; mixed traffic,Stop-and-go waves / flow stability; Bottleneck activation/throughput; Capacity drop,TTS/travel time; resolved jams; new jams; VSL control effort; speed/flow/density; fuel consumption
M079,83,Shian Wang 2023,2023,A general approach to smoothing nonlinear mixed traffic via control of autonomous vehicles,"Shian Wang, Mingfeng Shang, Michael W. Levin, and Raphael Stern",Transportation Research Part C: Emerging Technologies,https://doi.org/10.1016/j.trc.2022.103967,"Wang, S., Shang, M., Levin, M. W., & Stern, R. E. (2023). A general approach to smoothing nonlinear mixed traffic via control of autonomous vehicles. Transportation Research Part C: Emerging Technologies. https://doi.org/10.1016/j.trc.2022.103967",Included as direct evidence,Authoritative 216-record matrix; manuscript-linked retained reference,Coded record available in authoritative matrix; current-taxonomy fields harmonized for corpus,Analytical/modeling; numerical simulation,AV; ACC,Direct bottleneck/congestion mitigation,Tier 1,Acceleration/deceleration; Desired time headway/spacing gap,Rule-based/control law,Individual/onboard or not clearly specified,Speed harmonization / dynamic headway / bottleneck-inflow regulation; Traffic smoothing / mobile-actuator control,single-lane mixed traffic; vehicle platoon/string; traffic smoothing,AV; ACC; Penetration/controllable-share assumption,Analytical/theoretical; Simulation,Stop-and-go waves / flow stability; String instability; Bottleneck activation/throughput,speed/stability; average speed variation; string stability/wave damping; safety spacing,"Wang et al. (2023) developed nonlinear feedback/additive AV controllers that make AVs track a virtual speed profile using only local spacing and relative-speed information. Analytical results prove tracking convergence and sufficient car-following safety conditions, and IDM/ACC numerical experiments show reduced speed disturbance and possible head-to-tail string stability at sufficient AV market penetration.","Lane changing is explicitly neglected for mathematical tractability and treated as an external perturbation; evidence is analytical and simulation-based rather than field validation. The authors note future work should include lane changing, driver stochasticity, and fuel/emissions impacts.",No,No,Undermind #43,Undermind catalog,matched to uploaded coded matrix,,Longitudinal,Feedback/control-theoretic; Nonlinear control; Car-following control,single-lane mixed traffic; vehicle platoon/string; traffic smoothing,Stop-and-go waves / flow stability; String instability; Bottleneck activation/throughput,speed/stability; average speed variation; string stability/wave damping; safety spacing
M080,84,Shian Wang 2022,2022,Optimal Control of Autonomous Vehicles for Traffic Smoothing,"Shian Wang, Raphael E. Stern, and M. Levin",IEEE Transactions on Intelligent Transportation Systems,https://doi.org/10.1109/TITS.2021.3094552,"Wang, S., Stern, R. E., & Levin, M. (2022). Optimal control of autonomous vehicles for traffic smoothing. IEEE Transactions on Intelligent Transportation Systems. https://doi.org/10.1109/TITS.2021.3094552",Included as direct evidence,Authoritative 216-record matrix; manuscript-linked retained reference,Coded record available in authoritative matrix; current-taxonomy fields harmonized for corpus,Analytical/modeling + numerical simulation,AV,Direct bottleneck/congestion mitigation,Tier 1,Acceleration/deceleration; Desired time headway/spacing gap,Optimal control,Individual/onboard or not clearly specified,Traffic smoothing / mobile-actuator control,single-lane mixed traffic; vehicle string; stop-and-go wave setting,AV; Penetration/controllable-share assumption,Analytical/theoretical; Simulation,Stop-and-go waves / flow stability; string instability; speed perturbation amplification,speed perturbation; head-to-tail string stability; fuel consumption,Wang et al. 2022 studied nonlinear optimal AV control for smoothing stop-and-go waves in a predominantly human-driven vehicle string. The study showed that controlled AVs reduced speed perturbations and achieved head-to-tail string stability while reducing fuel consumption by about 0.56% to 1.06% in numerical scenarios.,Simulation-only numerical evidence; no lane changing; no routing; reaction delay and behavioral stochasticity were not modeled; penetration-rate effects were demonstrated but not analytically investigated in depth.,No,No,Undermind #38,Undermind catalog,matched to uploaded coded matrix,,Longitudinal,Optimization/optimal control; Pontryagin minimum principle; car-following/string-stability control,single-lane mixed traffic; vehicle string; stop-and-go wave setting,Stop-and-go waves / flow stability; string instability; speed perturbation amplification,speed perturbation; head-to-tail string stability; fuel consumption
M081,85,Wu 2021,2021,Flow: A Modular Learning Framework for Mixed Autonomy Traffic,Cathy Wu; Abdul Rahman Kreidieh; Kanaad Parvate; Eugene Vinitsky; Alexandre M. Bayen,IEEE Transactions on Robotics,https://doi.org/10.1109/TRO.2021.3087314,"Wu, C., Kreidieh, A. R., Parvate, K., Vinitsky, E., & Bayen, A. M. (2021). Flow: A modular learning framework for mixed autonomy traffic. IEEE Transactions on Robotics. https://doi.org/10.1109/TRO.2021.3087314",Included as direct evidence,Authoritative 216-record matrix; manuscript-linked retained reference,Coded record available in authoritative matrix; current-taxonomy fields harmonized for corpus,RL simulation/benchmark,AV,Direct bottleneck/congestion mitigation,Tier 1,Not clearly specified,RL/MARL,Individual/onboard or not clearly specified,Traffic smoothing / mobile-actuator control; Cooperative merging / coordinated gap creation / ramp coordination,Ring road; multilane ring; figure-eight intersection; merge and imported networks,AV,Simulation,Stop-and-go waves / flow stability; Lane-changing friction / gaps; Queueing/delay,throughput/capacity; speed/stability; string stability/wave damping; delay/travel time/queue,Wu et al. 2021 presented Flow as a modular deep RL framework for mixed-autonomy traffic with ring road multilane and intersection scenarios. The study found learned AV controllers improved system velocity by up to 57 percent with 4 to 7 percent AV adoption and eliminated stop-and-go traffic in single-lane tests but remained simulation-based.,Simulation-only evidence; larger realistic networks and safe deployment remain open; global convergence stability robustness and safety guarantees not established,Yes,No,Perplexity table P15; Undermind #109; Perplexity bibliography,Perplexity selected table; Undermind catalog; Perplexity bibliography,matched to uploaded coded matrix,,Longitudinal; Lateral; Cooperative,RL/MARL,Ring road; multilane ring; figure-eight intersection; merge and imported networks,Stop-and-go waves / flow stability; Lane-changing friction / gaps; Queueing/delay,throughput/capacity; speed/stability; string stability/wave damping; delay/travel time/queue
M096,86,Daiquan Xiao 2022,2022,Reinforcement learning based mainline dynamic speed limit adjustment of expressway off-ramp upstream under connected and autonomous vehicles environment,"Daiquan Xiao, Shengyang Kang, Xuecai Xu, and Zhenwu Shen","IET Intelligent Transport Systems, 16(12), 1809-1819",https://doi.org/10.1049/itr2.12225,"Xiao, D., Kang, S., Xu, X., & Shen, Z. (2022). Reinforcement learning based mainline dynamic speed limit adjustment of expressway off-ramp upstream under connected and autonomous vehicles environment. IET Intelligent Transport Systems, 16(12), 1809-1819. https://doi.org/10.1049/itr2.12225",Included as direct evidence,Final literature update — publisher full-text review,Substantively coded from publisher full text,RL control + microscopic simulation,CAV; connected-vehicle environment,Direct bottleneck/congestion mitigation; RL speed control,Tier 1,Desired speed,RL/MARL; Rule-based/control law,Infrastructure-assisted V2I/I2V; Centralized,Speed harmonization / dynamic headway / bottleneck-inflow regulation,Expressway off-ramp bottleneck and upstream mainline segment,CAV/connected environment; communication and speed-limit compliance assumptions,Simulation,Queue formation / discharge; Physical spillback from off-ramp queue to mainline,Total travel time; average delay; average speed; service volume; off-ramp queue length; mainline/off-ramp travel time; spillover occurrence,"Xiao et al. 2022 used Q-learning to set upstream mainline speed limits for an off-ramp bottleneck. In VISSIM, the RL strategy reduced total travel time by 32.75% versus no control, shortened and delayed off-ramp queues, and reduced mainline effects of queue spillover.",Simplified VISSIM scenario; no field validation; CAV communication/execution assumptions are idealized; Q-learning convergence is slow and results depend on the selected off-ramp configuration.,No / not a primary control variable,No,Final update #4,Author final literature update; Wiley publisher full text,verified outside coded matrix — publisher full-text review,"Added as direct infrastructure-assisted CAV speed-control evidence. Reward/objective values are not treated as congestion metrics; coding uses independently reported queue, travel-time, delay, speed, service-volume, and spillover outcomes.",Longitudinal / speed control,Q-learning VSL; rule-based VSL comparator,Expressway off-ramp bottleneck; CAV environment,Off-ramp queueing and spillback,Total travel time; delay; speed; service volume; queue length; spillover
M082,87,Lin Xiao 2018,2018,Unravelling effects of cooperative adaptive cruise control deactivation on traffic flow characteristics at merging bottlenecks,"Lin Xiao, Meng Wang, Wouter Schakel, and Bart van Arem",Transportation Research Part C: Emerging Technologies,https://doi.org/10.1016/j.trc.2018.10.008,"Xiao, L., Wang, M., Schakel, W., & van Arem, B. (2018). Unravelling effects of cooperative adaptive cruise control deactivation on traffic flow characteristics at merging bottlenecks. Transportation Research Part C: Emerging Technologies. https://doi.org/10.1016/j.trc.2018.10.008",Included as direct evidence,Authoritative 216-record matrix; manuscript-linked retained reference,Coded record available in authoritative matrix; current-taxonomy fields harmonized for corpus,Analytical/modeling + microscopic simulation,CACC; ACC; AV,Direct bottleneck/congestion mitigation,Tier 1,Not clearly specified,Rule-based/control law,Cooperative V2V,Speed harmonization / dynamic headway / bottleneck-inflow regulation,merge/merging area; freeway bottleneck; highway segment/corridor,CACC; ACC; AV; Penetration/controllable-share assumption; Communication-reliability assumption,Analytical/theoretical; Simulation,Capacity drop; bottleneck throughput loss; merging turbulence; flow heterogeneity,merging capacity; queue discharge flow; theoretical capacity; pipeline capacity; capacity drop; flow-density curves; speed-density curves; CACC operation ratio,Xiao et al. 2018 studied CACC operation with deactivation to ACC or manual driving at a freeway merging bottleneck using microscopic simulation. The study found that higher CACC market penetration increased roadway and merging capacity but merging capacity remained below pipeline capacity and capacity drop persisted at all CACC levels due to deactivation and mode-switching effects.,"Simulation-based evidence using modeled CACC behavior and assumptions about deactivation, reactivation, time gaps, string length, communication, and lane-changing behavior; field validation of bottleneck impacts was not provided.",Yes,No/unclear,Undermind #19; Perplexity table P12,Undermind catalog; Perplexity selected table,matched to uploaded coded matrix,,Longitudinal; Lateral/merging; Cooperative,ACC/CACC with authority transition logic; microscopic simulation,merge/merging area; freeway bottleneck; highway segment/corridor,Capacity drop; bottleneck throughput loss; merging turbulence; flow heterogeneity,merging capacity; queue discharge flow; theoretical capacity; pipeline capacity; capacity drop; flow-density curves; speed-density curves; CACC operation ratio
M083,88,Lin Xiao 2020,2020,Traffic Flow Impacts of Converting an HOV Lane Into a Dedicated CACC Lane on a Freeway Corridor,Lin Xiao; Meng Wang; Bart van Arem,IEEE Intelligent Transportation Systems Magazine,https://doi.org/10.1109/MITS.2019.2953477,"Xiao, L., Wang, M., & van Arem, B. (2020). Traffic flow impacts of converting an HOV lane into a dedicated CACC lane on a freeway corridor. IEEE Intelligent Transportation Systems Magazine. https://doi.org/10.1109/MITS.2019.2953477",Included as direct evidence,Authoritative 216-record matrix; manuscript-linked retained reference,Coded record available in authoritative matrix; current-taxonomy fields harmonized for corpus,Microscopic simulation,CACC; ACC,Longitudinal control; lane management,Tier 1,Not clearly specified,Rule-based/control law,Cooperative V2V,Speed harmonization / dynamic headway / bottleneck-inflow regulation,freeway corridor with multiple bottlenecks,CACC; ACC; Penetration/controllable-share assumption,Simulation,Bottleneck activation/throughput; lane-changing friction; dedicated-lane underutilization,congestion patterns; CACC lane flow/speed; travel time; delay; reliability; CACC usage/deactivations,Xiao et al. studied conversion of an HOV lane to a dedicated CACC lane on a 20-km SR-99 freeway corridor with merging and weaving bottlenecks. The study found that low CACC MPRs below about 30% can worsen GP-lane congestion while 40 to 50% MPRs substantially reduce congestion travel time and delay by shifting flow to the CACC lane.,Simulation-only evidence; results depend on assumed CACC penetration; lane-use rules; calibrated SR-99 demand; modeled lane-changing and deactivation behavior,Yes,No,Undermind #97,Undermind catalog,matched to uploaded coded matrix,,Longitudinal; Network/lane management,ACC/CACC; microscopic simulation,freeway corridor with multiple bottlenecks,Bottleneck activation/throughput; lane-changing friction; dedicated-lane underutilization,congestion patterns; CACC lane flow/speed; travel time; delay; reliability; CACC usage/deactivations
M084,89,Longhao Yan 2025,2025,Bi-Level Control of Weaving Sections in Mixed Traffic Environments With Connected and Automated Vehicles,"Longhao Yan, Jinhao Liang, and Kaidi Yang",IEEE Transactions on Intelligent Transportation Systems,https://doi.org/10.1109/TITS.2025.3610019,"Yan, L., Liang, J., & Yang, K. (2025). Bi-level control of weaving sections in mixed traffic environments with connected and automated vehicles. IEEE Transactions on Intelligent Transportation Systems. https://doi.org/10.1109/TITS.2025.3610019",Included as direct evidence,Authoritative 216-record matrix; manuscript-linked retained reference,Coded record available in authoritative matrix; current-taxonomy fields harmonized for corpus,DRL + MPC simulation case study,CAV,Direct bottleneck/congestion mitigation,Tier 1,Acceleration/deceleration,MPC; RL/MARL,Individual/onboard or not clearly specified,Integrated longitudinal–lateral bottleneck control,weaving/diverge,CAV,Simulation,Bottleneck activation/throughput; Capacity drop; Lane-changing friction / gaps; Queueing/delay,throughput/capacity; delay/travel time/queue; speed/stability; safety/TTC; comfort/jerk,"Yan et al. (2025) studied globally coordinated CAV lane-changing and trajectory control in mixed-traffic weaving sections using an upper-level DRL controller and lower-level MPC. The study reported higher speed, lower delay, increased throughput/capacity, and reduced capacity-drop effects, with Bi-Level-G improving speed by up to 50.6% and capacity by up to 12.6%, but the evidence is simulation-only.","Simulation-only case study inspired by one Basel weaving section; assumes connected HVs/CAVs and CAVs only perform mandatory lane changes; generalization to other weaving layouts, weather, and combined ramp-metering/VSL control is left for future work.",Yes,No/unclear,Undermind #94,Undermind catalog,matched to uploaded coded matrix,,Lateral/merging; Longitudinal; Cooperative,RL/MARL; MPC,weaving/diverge,Bottleneck activation/throughput; Capacity drop; Lane-changing friction / gaps; Queueing/delay,throughput/capacity; delay/travel time/queue; speed/stability; safety/TTC; comfort/jerk
M085,90,Yang 2018,2018,Multi-scale perimeter control approach in a connected-vehicle environment,"Yang, K., Zheng, N., and Menendez, M.",Transportation Research Part C,https://doi.org/10.1016/j.trc.2017.08.014,"Yang, K., Zheng, N., & Menendez, M. (2018). Multi-scale perimeter control approach in a connected-vehicle environment. Transportation Research Part C: Emerging Technologies, 94, 32–49. https://doi.org/10.1016/j.trc.2017.08.014",Included as direct evidence,Authoritative 216-record matrix; manuscript-linked retained reference,Coded record available in authoritative matrix; current-taxonomy fields harmonized for corpus,Analytical/modeling and simulation,CV,Network/routing,Tier 2,Lane choice; Entry/access/release decision,MPC; Optimal control,Individual/onboard or not clearly specified,Perimeter/corridor control / fleet rebalancing; Routing / dynamic traffic assignment / managed-lane operation,Urban/freeway network,CV; Penetration/controllable-share assumption,Analytical/theoretical; Simulation,Network congestion distribution; Perimeter congestion control,total travel cost; intersection delay; queue length; network accumulation,Yang et al. 2018 developed a multi-scale MPC perimeter-control method using connected vehicles as the traffic-state data source in an urban network. The study showed that the controller kept the protected region near the MFD critical accumulation and reduced intersection delay compared with PID and bang-bang controls but performance degraded under strong CV measurement noise.,Macroscopic simulation only; assumes known MFD structure and simplified two-region network; low CV penetration introduces noisy state estimates; not an AV trajectory-control paper,Varies/unclear,Yes,Perplexity bibliography,Perplexity bibliography,matched to uploaded coded matrix,,Route/network/lane-use; Cooperative,MPC/optimal control; Perimeter control; Stochastic control,Urban/freeway network,Network congestion distribution; Perimeter congestion control,total travel cost; intersection delay; queue length; network accumulation
M086,91,Yuanxiang Yang 2025,2025,Macro-micro integration of game-theoretic trajectory planning and tactical lane control for mixed traffic control at motorway bottlenecks,"Yuanxiang Yang, Yu Liu, and Claudio Roncoli",Transportation Research Part C: Emerging Technologies,https://doi.org/10.1016/j.trc.2025.105356,"Yang, Y., Liu, Y., & Roncoli, C. (2025). Macro-micro integration of game-theoretic trajectory planning and tactical lane control for mixed traffic control at motorway bottlenecks. Transportation Research Part C: Emerging Technologies. https://doi.org/10.1016/j.trc.2025.105356",Included as direct evidence,Authoritative 216-record matrix; manuscript-linked retained reference,Coded record available in authoritative matrix; current-taxonomy fields harmonized for corpus,Analytical/modeling; numerical simulation,CAV; V2V; mixed HDV-CAV traffic,Direct bottleneck/congestion mitigation,Tier 1,Not clearly specified,Game-theoretic control; Optimal control,Cooperative V2V,Integrated longitudinal–lateral bottleneck control; Lane assignment / lane-use control,freeway bottleneck; lane-drop bottleneck; diverging/off-ramp area; mixed traffic,CAV; V2V; mixed HDV-CAV traffic; Penetration/controllable-share assumption; HDV/mixed-traffic behavior; Communication-reliability assumption,Analytical/theoretical; Simulation,Bottleneck activation/throughput; Capacity drop; Lane-changing friction / gaps; Queue formation/discharge,density/lane distribution; travel delay/time loss; completed trips; CAV penetration sensitivity,"Yang et al. (2025) studied a macro-micro mixed-traffic bottleneck controller that combines a tactical lane controller with game-theoretic CAV trajectory planning. Numerical experiments in lane-drop and diverging scenarios showed reduced congestion and travel delays, with stronger and more robust effects as CAV penetration increased.","Simulation-based evidence only; assumes motorway sections with uniform lane characteristics and excludes explicit driver-feature modeling, which the authors identify as future work. Mixed traffic also limited equal lane distribution in the diverging scenario.",Yes,No/unclear,Undermind #40,Undermind catalog,matched to uploaded coded matrix,,Lateral; Longitudinal,Game-theoretic control; Optimization/optimal control; Hierarchical macro-micro control,freeway bottleneck; lane-drop bottleneck; diverging/off-ramp area; mixed traffic,Bottleneck activation/throughput; Capacity drop; Lane-changing friction / gaps; Queue formation/discharge,density/lane distribution; travel delay/time loss; completed trips; CAV penetration sensitivity
M087,92,K. Yuan 2017,2017,Capacity drop: a comparison between stop-and-go wave and standing queue at lane-drop bottleneck,"Kai Yuan, Victor L. Knoop, Ludovic Leclercq, and Serge P. Hoogendoorn",Transportmetrica B: Transport Dynamics,https://doi.org/10.1080/21680566.2016.1245163,"Yuan, K., Knoop, V. L., Leclercq, L., & Hoogendoorn, S. P. (2017). Capacity drop: a comparison between stop-and-go wave and standing queue at lane-drop bottleneck. Transportmetrica B: transport dynamics, 5(2), 145-158.",Included as mechanism-supporting evidence,Authoritative 216-record matrix; manuscript-linked retained reference,Coded record available in authoritative matrix; current-taxonomy fields harmonized for corpus,Empirical analysis,N/A or needs verification,Foundational traffic-flow theory,Tier 3,Not applicable,Other / not clearly specified,Not applicable / not clearly specified,Not applicable,lane-drop bottleneck; freeway bottleneck,N/A or needs verification,Analytical/theoretical,Capacity drop; Stop-and-go waves / flow stability; Queueing/delay; Lane-changing friction / gaps,throughput/capacity; flow/discharge; speed/density; lane flow distribution,Yuan et al. 2017 compared stop-and-go wave outflow with standing-queue discharge at an A4 lane-drop bottleneck. The study found stop-and-go wave outflow was lower than standing-queue discharge with observed flows from 5220 to 6040 veh/h and suggested throughput might increase by transforming congestion states.,Empirical evidence from two days at one site only; mechanism and behavioral causes require future research,Empirical lane-level analysis,No/unclear,Undermind #184,Undermind catalog,matched to uploaded coded matrix,Excluded from application-map support if foundational/review-only.,Lateral/merging; Traffic-flow theory,Empirical traffic-state analysis,lane-drop bottleneck; freeway bottleneck,Capacity drop; Stop-and-go waves / flow stability; Queueing/delay; Lane-changing friction / gaps,throughput/capacity; flow/discharge; speed/density; lane flow distribution
M088,93,Kockelman 2017,2018,Anticipating the Regional Impacts of Connected and Automated Vehicle Travel in Austin Texas,Yong Zhao; Kara M. Kockelman,Journal of Urban Planning and Development,https://doi.org/10.1061/(ASCE)UP.1943-5444.0000463,"Zhao, Y., & Kockelman, K. M. (2018). Anticipating the regional impacts of connected and automated vehicle travel in Austin, Texas. Journal of Urban Planning and Development. https://doi.org/10.1061/(ASCE)UP.1943-5444.0000463",Included only as system context,Authoritative 216-record matrix; manuscript-linked retained reference,Coded record available in authoritative matrix; current-taxonomy fields harmonized for corpus,Modeling,CAV; SAV,Negative or mixed effects,Tier 2,Not applicable,Not applicable,Not applicable / not clearly specified,Perimeter/corridor control / fleet rebalancing; Routing / dynamic traffic assignment / managed-lane operation,Regional road network,CAV; SAV,Network/demand model,Induced demand / VKT,VKT; delay; average speed; mode share,Zhao and Kockelman 2018 modified the Austin CAMPO travel-demand model to test CAV and SAV scenarios. The study found that AV modes could raise regional VKT by roughly 10% or more and increase delay while lowering average speed unless ridesharing pricing or traffic-flow improvements offset demand growth.,Conventional trip-based model; simplified MNL mode choice; empty-vehicle travel not directly simulated; results sensitive to VOTT parking cost and operating cost assumptions,No,Yes,Perplexity table P21,Perplexity selected table,matched to uploaded coded matrix,,Route/network,Travel-demand modeling,Regional road network,Induced demand / VKT,VKT; delay; average speed; mode share
M089,94,Zhou 2022,2022,Multi-agent reinforcement learning for cooperative lane changing of connected and autonomous vehicles in mixed traffic,"Zhou, W.; Chen, D.; Yan, J.; Li, Z.; Yin, H.; Ge, W.",Autonomous Intelligent Systems,https://doi.org/10.1007/s43684-022-00023-5,"Zhou, W., Chen, D., Yan, J., Li, Z., Yin, H., & Ge, W. (2022). Multi-agent reinforcement learning for cooperative lane changing of connected and autonomous vehicles in mixed traffic. Autonomous Intelligent Systems. https://doi.org/10.1007/s43684-022-00023-5",Included as direct evidence,Authoritative 216-record matrix; manuscript-linked retained reference,Coded record available in authoritative matrix; current-taxonomy fields harmonized for corpus,RL simulation/benchmark,CAV; AV,Lateral/lane-changing control,Tier 2,Acceleration/deceleration; Desired time headway/spacing gap; Lane-change timing/execution,RL/MARL,Cooperative V2V,Integrated longitudinal–lateral bottleneck control,mixed traffic two-lane highway,CAV; AV,Simulation,Lane-changing friction / gaps,reward; speed; headway; collisions; acceleration comfort,Zhou et al. 2022 formulated cooperative lane changing by multiple AVs in mixed highway traffic as a MARL problem using MA2C with local rewards and parameter sharing. The study reported better safety efficiency and comfort than several MARL benchmarks measured by episode reward speed headway collision and acceleration-comfort indicators but did not directly measure bottleneck throughput or capacity drop.,Simulation-only evidence in a simplified highway-env setting with IDM and MOBIL human-driver models. The study evaluates lane-change performance and comfort rather than field congestion outcomes such as queue discharge capacity drop or bottleneck throughput.,Yes,No,Perplexity bibliography,Perplexity bibliography,matched to uploaded coded matrix,,Lateral; Cooperative,RL/MARL,mixed traffic two-lane highway,Lane-changing friction / gaps,reward; speed; headway; collisions; acceleration comfort
M090,95,Jie Zhu 2022,2022,Merging Control Strategies of Connected and Autonomous Vehicles at Freeway On-Ramps: A Comprehensive Review,"Jie Zhu, Said Easa, and Kun Gao",Journal of Intelligent and Connected Vehicles,https://doi.org/10.1108/JICV-02-2022-0005,"Zhu, J., Easa, S., & Gao, K. (2022). Merging control strategies of connected and autonomous vehicles at freeway on-ramps: A comprehensive review. Journal of Intelligent and Connected Vehicles. https://doi.org/10.1108/JICV-02-2022-0005",Included only as system context,Authoritative 216-record matrix; manuscript-linked retained reference,Coded record available in authoritative matrix; current-taxonomy fields harmonized for corpus,Review/survey,CAV; AV; CV,Direct bottleneck/congestion mitigation,Tier 1,Lane-change timing/execution; Merge/yield/gap-acceptance decision,Game-theoretic control; Optimal control; Heuristic control; Rule-based/control law,Cooperative V2V,Cooperative merging / coordinated gap creation / ramp coordination,on-ramp merge; freeway segment/corridor; single-lane and multilane; mixed traffic,CAV; AV; CV; HDV/mixed-traffic behavior,Analytical/theoretical,Bottleneck activation/throughput; Merging turbulence; Lane-changing friction / gaps,traffic efficiency; throughput; delay; speed; fuel/energy; emissions; safety,"Zhu et al. (2022) reviewed 44 CAV freeway on-ramp merging studies and organized them into CAV-only single-lane, mixed-traffic single-lane, and multilane freeway strategies. The review found that optimization-based trajectory planning dominates, while robust traffic-flow-level control for mixed traffic and multilane merging remains underdeveloped.","Review-only evidence; scope is recent CAV on-ramp merging studies and excludes some earlier automated-highway work and related bottlenecks such as work zones, lane drops, off-ramp lane changes, and weaving sections; no new simulation or field validation is provided.",Yes/varies,No/unclear,Undermind #87,Undermind catalog,matched to uploaded coded matrix,Excluded from application-map support if foundational/review-only.,Lateral/merging; Longitudinal; Cooperative; Review,Review/survey; Optimization/optimal control; Machine learning/RL; Feedback/control-theoretic; Game theory; Fuzzy/virtual vehicle,on-ramp merge; freeway segment/corridor; single-lane and multilane; mixed traffic,Bottleneck activation/throughput; Merging turbulence; Lane-changing friction / gaps,traffic efficiency; throughput; delay; speed; fuel/energy; emissions; safety
M091,96,Zhu et al. 2024,2024,Improving Freeway Merging Efficiency via Flow-Level Coordination of Connected and Autonomous Vehicles,"Jie Zhu, Liang Wang, Ivana Tasic, and Xiaobo Qu",IEEE Transactions on Intelligent Transportation Systems,https://doi.org/10.1109/TITS.2023.3346832,"Zhu, J., Wang, L., Tasic, I., & Qu, X. (2024). Improving freeway merging efficiency via flow-level coordination of connected and autonomous vehicles. IEEE Transactions on Intelligent Transportation Systems. https://doi.org/10.1109/TITS.2023.3346832",Included as direct evidence,Authoritative 216-record matrix; manuscript-linked retained reference,Coded record available in authoritative matrix; current-taxonomy fields harmonized for corpus,Analytical/modeling + microscopic simulation,CAV,Direct bottleneck/congestion mitigation,Tier 1,Merge/yield/gap-acceptance decision,Optimal control,Cooperative V2V,Cooperative merging / coordinated gap creation / ramp coordination; Platooning,freeway on-ramp merge; freeway bottleneck,CAV; Penetration/controllable-share assumption,Analytical/theoretical; Simulation,Bottleneck activation/throughput; Capacity drop; Lane-changing friction / gaps; Traffic breakdown,travel time; delay; throughput; speed contour,Zhu et al. 2024 proposed CoMC for freeway on-ramp bottlenecks using proactive mainline gap creation and ramp platoon formation. The study found that CoMC prevented recurrent congestion under high demand and increased throughput by about 6.6% in the critical scenario while reducing overall travel time by 67.3% and delay by 91.6%.,Simulation-only evidence; assumes 100% CAV penetration; single-lane freeway setup; ignores free lane changes on the main road; not applicable after traffic has already broken down to low-speed stop-and-go conditions.,Yes,No,Undermind #10,Undermind catalog,matched to uploaded coded matrix,,Lateral; Cooperative,Optimization/control; proactive gap creation; platoon merging,freeway on-ramp merge; freeway bottleneck,Bottleneck activation/throughput; Capacity drop; Lane-changing friction / gaps; Traffic breakdown,travel time; delay; throughput; speed contour
