study_id,citation_key,year,title,doi_or_stable_identifier,evidence_role,application_family,congestion_mechanism,support_directness,finding_pattern,supporting_metric,evidence_setting,full_text_rationale,source_location,coding_confidence,author_review_flag
S001,Majeed Algomaiah 2022,2022,Enhancing Work Zone Capacity by a Cooperative Late Merge System Using Decentralized and Centralized Control Strategies,https://doi.org/10.1061/JTEPBS.0000632,[D],Cooperative merging / coordinated gap creation / ramp coordination,Lane-changing friction,DIRECT,consistent_positive,"work-zone capacity = maximum observed throughput (traditional 1,526; decentralized CV 1,781 (+17%); centralized CAV 2,209 veh/h (+45%)), delay, queue length, lane-change duration, open/closed lane speed and headway differences","microsimulation (VISSIM with external C++ lane-change DLL), I-64 Kentucky two-to-one work-zone lane closure, 25% trucks, CV share 20-100% with 60% compliance (decentralized) and 100% CAV (centralized), 30 seeds x 28 scenarios","Cooperative late merging (V2V yielding for CVs; centralized zipper grouping plus upstream speed harmonisation for CAVs) narrows speed and headway differences between lanes and shortens lane changes, raising estimated work-zone capacity and cutting delay and queues against a traditional work zone; the effect grows with CV penetration and gap-acceptance reduction and is absent at very low demand. Capacity is estimated as the maximum throughput of each system.","Secs. ""Effect of Market Penetration Rate"", ""Performance of the CLMS"", ""Capacity Analysis""; Tables 1-2; Figs. 7-10 | Full-text source: ASCE Library full text (UC Davis access)",HIGH,NO
S001,Majeed Algomaiah 2022,2022,Enhancing Work Zone Capacity by a Cooperative Late Merge System Using Decentralized and Centralized Control Strategies,https://doi.org/10.1061/JTEPBS.0000632,[D],Cooperative merging / coordinated gap creation / ramp coordination,Queue formation / discharge,DIRECT,consistent_positive,"queue length from taper, stops in time-space diagrams",microsimulation (VISSIM),Both cooperative systems shorten the work-zone queue; the traditional system forces closed-lane vehicles to stop.,"Sec. ""Performance of the CLMS""; Figs. 9-10 | Full-text source: ASCE Library full text (UC Davis access)",MEDIUM,NO
S001,Majeed Algomaiah 2022,2022,Enhancing Work Zone Capacity by a Cooperative Late Merge System Using Decentralized and Centralized Control Strategies,https://doi.org/10.1061/JTEPBS.0000632,[D],Cooperative merging / coordinated gap creation / ramp coordination,Capacity drop,INDIRECT,,work-zone capacity estimates (no pre-/post-breakdown comparison),microsimulation (VISSIM),"The study targets capacity reduction at a lane closure and estimates capacity per system, but does not compare pre-breakdown and queue-discharge rates, so capacity-drop mitigation is not tested.","Sec. ""Capacity Analysis""; Table 2 | Full-text source: ASCE Library full text (UC Davis access)",MEDIUM,NO
S002,Gihyeob An 2019,2019,Lane-Changing Trajectory Optimization to Minimize Traffic Flow Disturbance in a Connected Automated Driving Environment,https://doi.org/10.1109/ITSC.2019.8916942,[D],Integrated longitudinal–lateral bottleneck control,Lane-changing friction,DIRECT,consistent_positive,total deceleration effort and speed deviation of impacted follower; jerk,analytical/theoretical; simulation,Joint optimization of lane-changer lateral trajectory (6th-order polynomial) and follower MPC reduces the deceleration disturbance a discretionary cut-in imposes on the target-lane platoon vs a CTH (Swaroop) baseline. Only a few hand-picked two-lane scenarios at 100% CAV; no traffic-flow (throughput/delay) outcome.,Sec. III.A-B; Figs. 6-8 | Full-text source: IEEE Xplore full text (doc 8916942),MEDIUM,NO
S002,Gihyeob An 2019,2019,Lane-Changing Trajectory Optimization to Minimize Traffic Flow Disturbance in a Connected Automated Driving Environment,https://doi.org/10.1109/ITSC.2019.8916942,[D],Integrated longitudinal–lateral bottleneck control,Stop-and-go waves,INDIRECT,,"follower speed dip (""smaller shockwave"") in single-platoon simulation",analytical/theoretical; simulation,"Authors claim less severe shockwaves, but only the directly impacted vehicle profile is shown; no upstream wave propagation or oscillation metric across the stream.",Sec. III.B; Sec. IV | Full-text source: IEEE Xplore full text (doc 8916942),MEDIUM,NO
S003,An et al. 2023,2023,Speed Harmonization for Partially Connected and Automated Traffic,https://doi.org/10.1109/TITS.2023.3287336,[D],Speed harmonization / dynamic headway / bottleneck-inflow regulation,Congestion onset / breakdown,DIRECT,consistent_positive,bottleneck flow rate (+6%); space-time density at merge; cumulative delay (~5% lower),analytical/theoretical; simulation (VISSIM),CAV desired-speed feedback-linearization controller holds upstream inflow below merge capacity; space-time density shows the merge kept out of congestion vs no-control case. Single on-ramp case study at one demand profile.,Sec. VI.B; Figs. 8-10 | Full-text source: IEEE Xplore full text (doc 10171832),MEDIUM,NO
S003,An et al. 2023,2023,Speed Harmonization for Partially Connected and Automated Traffic,https://doi.org/10.1109/TITS.2023.3287336,[D],Speed harmonization / dynamic headway / bottleneck-inflow regulation,Capacity drop,INDIRECT,,throughput gain attributed by authors to capacity-drop prevention,analytical/theoretical; simulation (VISSIM),"Authors attribute the 6% flow gain to preventing capacity drop, but no pre-breakdown capacity vs post-breakdown discharge comparison is reported; throughput gain alone does not establish capacity-drop mitigation.",Sec. VI.B; Fig. 8 | Full-text source: IEEE Xplore full text (doc 10171832),MEDIUM,NO
S003,An et al. 2023,2023,Speed Harmonization for Partially Connected and Automated Traffic,https://doi.org/10.1109/TITS.2023.3287336,[D],Speed harmonization / dynamic headway / bottleneck-inflow regulation,Stop-and-go waves,INDIRECT,,average number of stops per vehicle (up to -90%),analytical/theoretical; simulation (VISSIM),"Stops reduced sharply and authors mention reduced speed oscillation, but no wave/oscillation metric is reported; stops are a proxy only.",Sec. VI.B; Fig. 11 | Full-text source: IEEE Xplore full text (doc 10171832),MEDIUM,NO
S004,Yu Bai 2022,2022,Cooperative weaving for connected and automated vehicles to reduce traffic oscillation,https://doi.org/10.1080/23249935.2019.1645758,[D],Cooperative merging / coordinated gap creation / ramp coordination,Lane-changing friction,DIRECT,strongly_conditional,maximum speed reduction of tail vehicles (oscillation reduction 2.7-28% vs IDM human baseline); vs cooperative lane-changing (CLC) planner,"numerical simulation of a six-vehicle weaving encounter (MPC, longitudinal CAV control; IDM ""polite driver"" baseline), 12 initial spacings x 2 speed differences","Cooperative weaving planner aligns two crossing lane-changers so that followers slow less, reducing lane-change-induced speed dips; the gain depends on initial spacing and CLC outperforms it beyond 55 m. Evidence is a local six-vehicle disturbance, not traffic-level congestion, so it is direct only for the micro lane-change friction claim.",Sec. 5.3-5.5; Figs. 3-5 | Full-text source: Taylor & Francis full text,MEDIUM,NO
S004,Yu Bai 2022,2022,Cooperative weaving for connected and automated vehicles to reduce traffic oscillation,https://doi.org/10.1080/23249935.2019.1645758,[D],Cooperative merging / coordinated gap creation / ramp coordination,Stop-and-go waves,INDIRECT,,tail-vehicle speed reduction,numerical simulation,Reduced upstream oscillation is inferred from the tail-vehicle speed dip; wave propagation is not simulated.,Sec. 5.3 | Full-text source: Taylor & Francis full text,MEDIUM,NO
S005,Danjue Chen 2021,2021,Harnessing connected and automated vehicle technologies to control lane changes at freeway merge bottlenecks in mixed traffic,https://doi.org/10.1016/j.trc.2020.102950,[D],Cooperative merging / coordinated gap creation / ramp coordination,Merging turbulence,DIRECT,strongly_conditional,unutilized capacity (void per lane change); valid control domain vs CAV penetration p and mainline flow ratio,"analytical/theoretical (kinematic-wave / Newell car-following derivation), single mainline lane on-ramp merge, mixed CAV-HDV","Gap closure (S1), batch lane changes (S2) and mainline gap redistribution (S3) remove lane-change voids and disturbances. S1-S3 works only at high p; S2-S3 works across a wide p range; all three together remove unutilized capacity above a threshold p. Stochasticity, multilane traffic and HDV amplification are left for future work.",Sec. 5.2.1-5.2.3; Figs. 5.4-5.5; Table 5.1; Sec. 6 | Full-text source: Published journal PDF via NSF PAR (10301062),HIGH,NO
S005,Danjue Chen 2021,2021,Harnessing connected and automated vehicle technologies to control lane changes at freeway merge bottlenecks in mixed traffic,https://doi.org/10.1016/j.trc.2020.102950,[D],Cooperative merging / coordinated gap creation / ramp coordination,Capacity drop,DIRECT,strongly_conditional,"bottleneck discharge flow vs full capacity C0 (unutilized capacity) against baseline bounds B1, B2, B2-prime",analytical/theoretical,"Discharge shortfall from lane-change voids (the Laval-Daganzo capacity-drop mechanism) is derived for baseline and controlled merges; S2-S3 and S1-S2-S3 exceed the upper-bound baseline in most cases, and full CAV mainline control reaches full capacity for lane-change flow below ~0.34 C0. The comparison is analytical against capacity rather than an observed pre/post-breakdown discharge.",Sec. 5.1; Sec. 5.2.2 (R4-R7); Fig. 5.3; Fig. 5.5 | Full-text source: Published journal PDF via NSF PAR (10301062),MEDIUM,NO
S006,Jieming Chen 2024,2024,An Integrated Approach to Optimal Merging Sequence Generation and Trajectory Planning of Connected Automated Vehicles for Freeway On-Ramp Merging Sections,https://doi.org/10.1109/TITS.2023.3315650,[D],Cooperative merging / coordinated gap creation / ramp coordination,Merging turbulence,DIRECT,strongly_conditional,"total travel delay (mainline/on-ramp) vs VROCP, FTOCP, MCTS-DA; mainline speed contour/speed variation",analytical/theoretical; simulation (SUMO); NGSIM I-80 arrival data,"MINLP joint merging-sequence/trajectory optimisation reduces merge delay vs FIFO-based benchmarks; gain is negligible at 4:1 mainline/ramp split with metering and grows at 3:1-2:1 splits (>=11% without metering). 100% CAV, single-lane merge, longitudinal control only.","Sec. V.B-C, V.H; Tables IV, V, VII; Fig. 5 | Full-text source: IEEE Xplore full text (doc 10268666)",MEDIUM,NO
S006,Jieming Chen 2024,2024,An Integrated Approach to Optimal Merging Sequence Generation and Trajectory Planning of Connected Automated Vehicles for Freeway On-Ramp Merging Sections,https://doi.org/10.1109/TITS.2023.3315650,[D],Cooperative merging / coordinated gap creation / ramp coordination,Congestion onset / breakdown,INDIRECT,,mainline speed contour (fewer speed drops than SUMO default),analytical/theoretical; simulation (SUMO),"Objective is motivated by avoiding merge-induced breakdown and the speed contour shows fewer deep speed drops, but breakdown occurrence/onset is not measured.",Sec. II.B.1; Sec. V.C; Fig. 5 | Full-text source: IEEE Xplore full text (doc 10268666),MEDIUM,NO
S007,Sungyong Chung 2024,2024,Gap setting control strategy for connected and automated vehicles in freeway lane-drop bottlenecks,https://doi.org/10.1049/itr2.12538,[D],Speed harmonization / dynamic headway / bottleneck-inflow regulation,Capacity drop,DIRECT,consistent_positive,"bottleneck throughput time series (no control drops after ~10 min; control holds ~4000 veh/h), occupancy vs target, travel time (-57% to -61% demand 3), delay","microsimulation (VISSIM; CAV car-following calibrated to OpenACC commercial ACC data), 3-to-2 lane drop, 0-100% CAV, 20 seeds; plus calibrated real-world network (Gyeongbu Expressway, 35% controllable)","PID-controlled switching of CAV ACC gap settings holds bottleneck occupancy at target; the no-control run shows a sustained post-breakdown throughput drop that the controlled runs avoid, so discharge before and after breakdown is compared. Gains grow with penetration and flatten above ~70%; 9.7% travel-time cut in the real-world network. Queue relocates ~1 km upstream at the highest demand.","Sec. 4.1-4.3; Tables 2-3; Figs. 10-12, 15-17 | Full-text source: Wiley Online Library full text (open access)",HIGH,NO
S007,Sungyong Chung 2024,2024,Gap setting control strategy for connected and automated vehicles in freeway lane-drop bottlenecks,https://doi.org/10.1049/itr2.12538,[D],Speed harmonization / dynamic headway / bottleneck-inflow regulation,Queue formation / discharge,DIRECT,consistent_positive,"queue clearance time (90 vs 56 min), density heatmaps, number of stops",microsimulation (VISSIM),Inflow control shortens queue duration and removes queues inside the controlled section; at demand 3 a controlled queue forms at the start of the control zone instead.,"Sec. 4.1; Table 4; Figs. 10, 12 | Full-text source: Wiley Online Library full text (open access)",MEDIUM,NO
S007,Sungyong Chung 2024,2024,Gap setting control strategy for connected and automated vehicles in freeway lane-drop bottlenecks,https://doi.org/10.1049/itr2.12538,[D],Cooperative merging / coordinated gap creation / ramp coordination,Lane-changing friction,DIRECT,consistent_positive,"share of mandatory lane changes accepted with lag/lead gap <0.5 s, conflicts (SSAM), stops, travel time: combined vs inflow control",microsimulation (VISSIM),"A new gap setting that re-spaces centre- and closed-lane CAVs before the lane drop cuts sub-0.5 s merges, conflicts and stops and adds ~4% travel-time gain over inflow control alone (>=10% extra at 5-60% penetration), isolating the lane-change friction channel.","Sec. 4.1-4.2; Tables 2, 4, 5; Figs. 11, 13-15 | Full-text source: Wiley Online Library full text (open access)",MEDIUM,NO
S008,Shumo Cui 2017,2017,Stabilizing traffic flow via a single autonomous vehicle: Possibilities and limitations,https://doi.org/10.1109/IVS.2017.7995897,[D],Traffic smoothing / mobile actuator,String instability,DIRECT,strongly_conditional,linear-stability eigenvalues of ring-road system; minimum stabilizing gain; velocity standard deviation under noise,analytical/theoretical; numerical simulation (ring road),"Proves a single AV with velocity-relaxation feedback can formally stabilize an otherwise string-unstable human car-following ring for any n, but with persistent noise deviations grow exponentially with distance from the AV, so practical stabilization is limited to ~20-40 vehicles per AV.",Secs. III-V; Figs. 2-3 | Full-text source: IEEE Xplore full text (doc 7995897),HIGH,NO
S008,Shumo Cui 2017,2017,Stabilizing traffic flow via a single autonomous vehicle: Possibilities and limitations,https://doi.org/10.1109/IVS.2017.7995897,[D],Traffic smoothing / mobile actuator,Stop-and-go waves,DIRECT,strongly_conditional,perturbation amplitude along the ring; velocity deviation from equilibrium,analytical/theoretical; numerical simulation (ring road),"Perturbation (wave) is damped once it reaches the AV, but its peak before reaching the AV cannot be controlled; effectiveness depends on AV spacing (penetration) and noise.",Sec. V; Figs. 2-3 | Full-text source: IEEE Xplore full text (doc 7995897),MEDIUM,NO
S009,Daganzo 2002,2002,Ten strategies for freeway congestion mitigation with advanced technologies,https://escholarship.org/uc/item/4kd6v6qf,[M],Lane assignment / lane-use control,Lane-changing friction,INDIRECT,,none (cites prior field observation of FIFO-queue discharge loss of ~25%),"conceptual/strategy report (qualitative traffic-flow reasoning; no original model run, simulation or field test; no AV/CAV actuation)","Proposes dynamic lane assignment with VMS and lane-change bans to cut lane-change ""friction"" and break FIFO queues upstream of congested exits. The mechanism is argued from theory and earlier observations; no strategy is evaluated. [Evidence role recoded from corpus [D] to [M].]",Sec. 2 (Strategy 1); Fig. 1 | Full-text source: eScholarship PDF of PATH research report (full text),HIGH,NO
S009,Daganzo 2002,2002,Ten strategies for freeway congestion mitigation with advanced technologies,https://escholarship.org/uc/item/4kd6v6qf,[M],Lane assignment / lane-use control,Physical spillback,INDIRECT,,none,conceptual/strategy report,"Describes off-ramp queues spilling onto the freeway and trapping through traffic, and shoulder-lane queue storage to contain them; not evaluated. [Evidence role recoded from corpus [D] to [M].]","Sec. 2; Sec. 4.2; Figs. 1, 5 | Full-text source: eScholarship PDF of PATH research report (full text)",HIGH,NO
S009,Daganzo 2002,2002,Ten strategies for freeway congestion mitigation with advanced technologies,https://escholarship.org/uc/item/4kd6v6qf,[M],Speed harmonization / dynamic headway / bottleneck-inflow regulation,Physical spillback,INDIRECT,,none,conceptual/strategy report,Gridlock management: metering on-ramps inside a long spilled-back queue to let upstream exits discharge; argued qualitatively only. [Evidence role recoded from corpus [D] to [M].],Sec. 4.4; Fig. 6 | Full-text source: eScholarship PDF of PATH research report (full text),HIGH,NO
S009,Daganzo 2002,2002,Ten strategies for freeway congestion mitigation with advanced technologies,https://escholarship.org/uc/item/4kd6v6qf,[M],Routing / dynamic traffic assignment / managed-lane operation,Shifted / redistributed congestion,INDIRECT,,none,conceptual/strategy report,"Warns that severe metering and diversion transfer queues to ramps and streets or create new off-ramp bottlenecks; proposes feedback-controlled diversion, dynamic HOV and pricing. No evaluation. [Evidence role recoded from corpus [D] to [M].]",Sec. 1; Sec. 3; Sec. 5.3 | Full-text source: eScholarship PDF of PATH research report (full text),HIGH,NO
S010,Yu Du 2023,2023,Adaptive Control with Moving Actuators at Motorway Bottlenecks with Connected and Automated Vehicles,https://doi.org/10.1016/j.trc.2023.104319,[D],Speed harmonization / dynamic headway / bottleneck-inflow regulation,Queue formation / discharge,DIRECT,consistent_positive,queue length and stop time in the region of interest (Fig. 10e-f); delay,"microsimulation (Aimsun), calibrated 2.5-km Antwerp ring-road section with a 5-lane exit/weaving bottleneck, CAV penetration 10-80% (buses/trucks HDV), lane-level CAV speed control as moving actuators vs default CAV car-following","Slowing CAVs upstream when the bottleneck queue grows holds vehicles back until lane changes at the exit clear, reducing queue length and stop time; delay in the RoI falls 6-14% across 10-80% penetration (Table 2). [Revised in the ambiguity-resolution pass; see ambiguity_resolutions_and_differences.csv.]",Sec. 5.1; Fig. 10; Sec. 5.4; Table 2 | Full-text source: ScienceDirect full text HTML,HIGH,NO
S010,Yu Du 2023,2023,Adaptive Control with Moving Actuators at Motorway Bottlenecks with Connected and Automated Vehicles,https://doi.org/10.1016/j.trc.2023.104319,[D],Speed harmonization / dynamic headway / bottleneck-inflow regulation,Congestion onset / breakdown,DIRECT,consistent_positive,"density, speed, flow and delay in RoI and whole network by penetration (Table 2, Fig. 16); density contours (Fig. 12)",microsimulation (Aimsun),"MA-control lowers bottleneck density and blocks backward congestion propagation at every penetration tested (RoI density -3.8% to -7.2%, flow +2-5%); gains are smallest at 10% where suitable actuators are scarce. Throughput here is observed flow, not an estimated capacity. [Revised in the ambiguity-resolution pass; see ambiguity_resolutions_and_differences.csv.]","Sec. 5.2; Sec. 5.4; Figs. 12-13, 16; Table 2 | Full-text source: ScienceDirect full text HTML",HIGH,NO
S010,Yu Du 2023,2023,Adaptive Control with Moving Actuators at Motorway Bottlenecks with Connected and Automated Vehicles,https://doi.org/10.1016/j.trc.2023.104319,[D],Speed harmonization / dynamic headway / bottleneck-inflow regulation,Lane-changing friction,DIRECT,mixed,lane-change location and speed distributions; lane-level density/flow; number of lane changes,microsimulation (Aimsun),"Control moves lane changes upstream and raises lane-change speeds, relieving low-speed lane changing at the bottleneck, but induces extra lane changes from controlled to adjacent lanes, raising density and cutting outflow in lane 2. [Revised in the ambiguity-resolution pass; see ambiguity_resolutions_and_differences.csv.]",Sec. 5.3; Figs. 14-15 | Full-text source: ScienceDirect full text HTML,HIGH,NO
S010,Yu Du 2023,2023,Adaptive Control with Moving Actuators at Motorway Bottlenecks with Connected and Automated Vehicles,https://doi.org/10.1016/j.trc.2023.104319,[D],Speed harmonization / dynamic headway / bottleneck-inflow regulation,Physical spillback,INDIRECT,,density-flow by section (Fig. 13),microsimulation (Aimsun),"Authors describe reduced ""spillback"", but this refers to backward propagation of bottleneck congestion on the mainline, not queue overflow of a finite storage (e.g., off-ramp queue onto the mainline). [Revised in the ambiguity-resolution pass; see ambiguity_resolutions_and_differences.csv.]",Sec. 5.2; Sec. 5.3 | Full-text source: ScienceDirect full text HTML,MEDIUM,NO
S011,Elmorshedy et al. 2023,2023,Freeway Congestion Management With Reinforcement Learning Headway Control of Connected and Autonomous Vehicles,https://doi.org/10.1177/03611981231152459,[D],Speed harmonization / dynamic headway / bottleneck-inflow regulation,Congestion onset / breakdown,DIRECT,strongly_conditional,"flow-density diagram of merge bottleneck (free-flow vs congested regime), total/freeway/ramp delay, cumulative bottleneck flow, network throughput","microsimulation (Aimsun Next, Milanes-Shladover ACC model), 3-lane freeway + on-ramp (Toronto geometry), 100% ACC vehicles; PPO RL segment-level desired-headway control via infrastructure","Dynamic headway control keeps the merge bottleneck mostly in free flow when the ramp (or ramp+mainline) headway is controlled, cutting total delay 27-32% versus 0.8 s headways everywhere; controlling mainline segments only did not prevent breakdown and raised freeway delay. Outcome depends on which segments are controlled.","Sec. ""Simulation Results"" Scenarios 1-3; Tables 3-5; Figs. 4, 8, 11, 14, 16 | Full-text source: SAGE journals full text",HIGH,NO
S011,Elmorshedy et al. 2023,2023,Freeway Congestion Management With Reinforcement Learning Headway Control of Connected and Autonomous Vehicles,https://doi.org/10.1177/03611981231152459,[D],Speed harmonization / dynamic headway / bottleneck-inflow regulation,Shifted / redistributed congestion,DIRECT,mixed,ramp delay vs freeway delay by control scenario,microsimulation (Aimsun),Avoiding mainline breakdown works by holding ramp vehicles with long headways (median 5-7 s): freeway delay falls 73-82% while ramp delay rises 116-121% against the 0.8 s case; net total delay still improves. Delay is relocated to the ramp rather than removed.,"Tables 3-4; Figs. 9, 12 | Full-text source: SAGE journals full text",HIGH,NO
S011,Elmorshedy et al. 2023,2023,Freeway Congestion Management With Reinforcement Learning Headway Control of Connected and Autonomous Vehicles,https://doi.org/10.1177/03611981231152459,[D],Speed harmonization / dynamic headway / bottleneck-inflow regulation,Capacity drop,INDIRECT,,bottleneck flow-density regressions (free-flow vs congested branches),microsimulation (Aimsun),"Uncontrolled diagrams show capacity loss after breakdown, and control avoids the congested branch, but post-breakdown discharge under control is not compared with a pre-breakdown reference.","Sec. ""Experiment Setup""; Figs. 4, 8 | Full-text source: SAGE journals full text",MEDIUM,NO
S012,A. Ghiasi 2019,2019,A mixed traffic speed harmonization model with connected autonomous vehicles,https://doi.org/10.1016/j.trc.2019.05.005,[D],Speed harmonization / dynamic headway / bottleneck-inflow regulation,Stop-and-go waves,DIRECT,consistent_positive,"speed standard deviation, throughput, fuel (VT-Micro), inverse-TTC surrogate safety vs uncontrolled human benchmark; sensitivity to demand, CV/CAV penetration, sensor layout, detection error","numerical microsimulation (single-lane freeway bottleneck, stochastic OV car-following for HVs/CVs; 20 runs), CV/CAV penetration 0-100%; CAV trajectory planning by shooting heuristic with sensor/probe-based queue prediction","CAVs upstream of the bottleneck hedge against backward deceleration waves and merge into the discharging queue, smoothing CAV and following-HV trajectories; speed variation, fuel and safety improve in most cases, throughput gains reach ~7% and then level off as CAV share rises. Gains shrink with poorer sensor placement and larger detection error and peak at demands between up- and downstream capacity. Single-lane only; multi-lane is a demonstration.",Sec. 4.1-4.5; Tables 1-2; Figs. 16-22 | Full-text source: ScienceDirect full text (UC Davis access); table numbers rendered as MathML were not extracted - percentages taken from text,MEDIUM,NO
S012,A. Ghiasi 2019,2019,A mixed traffic speed harmonization model with connected autonomous vehicles,https://doi.org/10.1016/j.trc.2019.05.005,[D],Speed harmonization / dynamic headway / bottleneck-inflow regulation,Queue formation / discharge,INDIRECT,,throughput at bottleneck exit,numerical microsimulation,"Throughput rises modestly, but no queue-discharge rate or capacity estimate is reported, so the discharge effect is not isolated.","Sec. 4.1, 4.3; Fig. 20 | Full-text source: ScienceDirect full text (UC Davis access); table numbers rendered as MathML were not extracted - percentages taken from text",MEDIUM,NO
S013,Goñi-Ros et al. 2016,2016,Optimization of traffic flow at freeway sags by controlling the acceleration of vehicles equipped with in-car systems,https://doi.org/10.1016/j.trc.2016.06.022,[D],Traffic smoothing / mobile actuator,Queue formation / discharge,DIRECT,consistent_positive,"sag outflow (up to ~5% higher during induced periods), average vehicle delay (-2% to -11% vs no control; 2-10 points better than basic ACC), speed contours, headways at exit","numerical optimal control + microsimulation (single-lane sag, sag-aware car-following model, 300 vehicles, 1-3 controlled vehicles, i.e. <=1% penetration; centralized SQP optimisation, local optima)","Optimal deceleration-acceleration-deceleration-acceleration manoeuvres by a few equipped vehicles make their followers accelerate harder through the sag, temporarily raising bottleneck discharge and cutting delay; more controlled vehicles gave larger savings in the tested layouts. Global optimality not guaranteed; homogeneous drivers.",Sec. 4.1.3-4.1.5; Sec. 4.2.2-4.2.3; Figs. 5-10 | Full-text source: ScienceDirect full text (UC Davis access),HIGH,NO
S013,Goñi-Ros et al. 2016,2016,Optimization of traffic flow at freeway sags by controlling the acceleration of vehicles equipped with in-car systems,https://doi.org/10.1016/j.trc.2016.06.022,[D],Traffic smoothing / mobile actuator,Congestion onset / breakdown,DIRECT,consistent_positive,"speed contours, onset of congestion at sag end",numerical optimal control + microsimulation,Inflow limitation from the manoeuvre (and upstream supporting manoeuvres) slows the formation of congestion at the end of the sag so high outflow lasts longer.,"Sec. 4.2.2; Sec. 4.3; Figs. 9, 11-12 | Full-text source: ScienceDirect full text (UC Davis access)",MEDIUM,NO
S013,Goñi-Ros et al. 2016,2016,Optimization of traffic flow at freeway sags by controlling the acceleration of vehicles equipped with in-car systems,https://doi.org/10.1016/j.trc.2016.06.022,[D],Traffic smoothing / mobile actuator,Stop-and-go waves,DIRECT,negative,speed contour plots,numerical optimal control + microsimulation,"The optimal manoeuvre deliberately triggers a stop-and-go wave on the first part of the sag to throttle inflow; net delay still falls, but for the wave mechanism itself the control creates rather than damps oscillation.",Sec. 4.2.2; Fig. 9(b) | Full-text source: ScienceDirect full text (UC Davis access),MEDIUM,NO
S014,Bernat Goñi-Ros 2019,2019,Using advanced adaptive cruise control systems to reduce congestion at sags: An evaluation based on microscopic traffic simulation,https://doi.org/10.1016/j.trc.2019.02.021,[D],Speed harmonization / dynamic headway / bottleneck-inflow regulation,Queue formation / discharge,DIRECT,consistent_positive,"mean average vehicle delay (TSA-ACC -26% to -63% by penetration vs no control; 8-13 points better than basic ACC at 10-50%), maximum queue length, speed contours","microsimulation (3-lane sag calibrated to Yamato sag patterns, IDM+ with gradient term, LMRS lane changing, 16.7% unequipped trucks), 0-100% equipped cars, 20 runs per scenario",Traffic-state-adaptive ACC (desired time gap switched by detected state) raises queue discharge at the sag and nearly removes congestion at 50% penetration; benefits plateau at >=75% because trucks are unequipped. Basic ACC also raises sag capacity because its acceleration ignores the gradient.,Sec. 5; Table 3; Figs. 3-5 | Full-text source: ScienceDirect full text (UC Davis access),HIGH,NO
S014,Bernat Goñi-Ros 2019,2019,Using advanced adaptive cruise control systems to reduce congestion at sags: An evaluation based on microscopic traffic simulation,https://doi.org/10.1016/j.trc.2019.02.021,[D],Speed harmonization / dynamic headway / bottleneck-inflow regulation,Congestion onset / breakdown,DIRECT,consistent_positive,average travel time and delay vs penetration; breakdown at higher flow noted from contours,microsimulation,Equipped vehicles raise sag capacity in free flow and congestion so breakdown happens at higher flows; above ~75% (50% for TSA-ACC) the sag no longer fully congests.,Sec. 5; Fig. 3; Table 3 | Full-text source: ScienceDirect full text (UC Davis access),MEDIUM,NO
S014,Bernat Goñi-Ros 2019,2019,Using advanced adaptive cruise control systems to reduce congestion at sags: An evaluation based on microscopic traffic simulation,https://doi.org/10.1016/j.trc.2019.02.021,[D],Speed harmonization / dynamic headway / bottleneck-inflow regulation,Stop-and-go waves,DIRECT,mixed,"speed-contour plots (median lane, 30% penetration)",microsimulation,"TSA-ACC produces short, pronounced moving jams even while it gives the largest delay savings; the authors note stability and efficiency are not directly correlated.",Sec. 5; Fig. 4 | Full-text source: ScienceDirect full text (UC Davis access),MEDIUM,NO
S014,Bernat Goñi-Ros 2019,2019,Using advanced adaptive cruise control systems to reduce congestion at sags: An evaluation based on microscopic traffic simulation,https://doi.org/10.1016/j.trc.2019.02.021,[D],Platooning,Stop-and-go waves,DIRECT,strongly_conditional,speed-contour plots; delay (C-ACC -19% to -64%),microsimulation,"Cooperative ACC yields near-homogeneous congestion with no discernible moving jams at 30% penetration and increases queue outflow, but only outperforms basic ACC above ~20% penetration when equipped vehicles are close enough to connect.",Sec. 5; Table 3; Fig. 4 | Full-text source: ScienceDirect full text (UC Davis access),MEDIUM,NO
S014,Bernat Goñi-Ros 2019,2019,Using advanced adaptive cruise control systems to reduce congestion at sags: An evaluation based on microscopic traffic simulation,https://doi.org/10.1016/j.trc.2019.02.021,[D],Platooning,String instability,INDIRECT,,visual inspection of simulated trajectories,microsimulation,Disturbances appear amplified in basic-ACC platoons and attenuated in C-ACC platoons; authors state no formal string-stability analysis was done.,Sec. 5 | Full-text source: ScienceDirect full text (UC Davis access),MEDIUM,NO
S015,Ziyuan Gu 2022,2022,Network traffic instability with automated driving and cooperative merging,https://doi.org/10.1016/j.trc.2022.103626,[D],Cooperative merging / coordinated gap creation / ramp coordination,Merging turbulence,DIRECT,strongly_conditional,scatter of simulated FDs/NFDs; maximum network flow near critical density,"analytical/theoretical (two-ring network theory) + microsimulation (SUMO) of two-ring network with zipper merges and a Sydney Western Distributor segment; HV, non-cooperative AV, CAV; CAV penetration 0-100% with unconnected/connected HVs","Cooperative merging keeps maximum network flow near 2,000 veh/h, while non-cooperative AV merging lets it fall below 1,000 veh/h at high turning rates. The stabilising effect is limited when turning/merging is infrequent and, with unconnected HVs, becomes visible only at 75% CAV share or more.","Sec. 4.3; Sec. 4.4; Sec. 4.4.1; Figs. 5, 7, 10 | Full-text source: ScienceDirect full text HTML",HIGH,NO
S015,Ziyuan Gu 2022,2022,Network traffic instability with automated driving and cooperative merging,https://doi.org/10.1016/j.trc.2022.103626,[D],Cooperative merging / coordinated gap creation / ramp coordination,Congestion onset / breakdown,DIRECT,strongly_conditional,"location of simulated NFD bifurcation point on the phase diagram; motorway NFD (1,250 vs 1,500 veh/h maximum observed flow)",microsimulation (SUMO),"Cooperative merging delays NFD bifurcation (network breakdown) when merging is frequent, but not when it is infrequent; the delay needs high CAV shares (25% gives no delay). On the Sydney segment AV flows bifurcate at ~1,000 veh/h whereas CAV flows reach ~1,500 veh/h without a downward branch. Instability persists in all cases.","Sec. 4.3-4.5; Figs. 6, 9, 10, 13-14; Sec. 5 | Full-text source: ScienceDirect full text HTML",HIGH,NO
S015,Ziyuan Gu 2022,2022,Network traffic instability with automated driving and cooperative merging,https://doi.org/10.1016/j.trc.2022.103626,[D],Cooperative merging / coordinated gap creation / ramp coordination,Capacity drop,INDIRECT,,gap between theoretical FD and simulated maximum flow at the zipper merge,microsimulation (SUMO),"Authors say the merge capacity drop becomes less notable with cooperative merging, judged from FD scatter against the theoretical FD; no pre-breakdown vs queue-discharge comparison is made.",Sec. 4.4 (para. on capacity drop); Fig. 7 | Full-text source: ScienceDirect full text HTML,HIGH,NO
S015,Ziyuan Gu 2022,2022,Network traffic instability with automated driving and cooperative merging,https://doi.org/10.1016/j.trc.2022.103626,[D],Cooperative merging / coordinated gap creation / ramp coordination,Stop-and-go waves,DIRECT,consistent_positive,vehicle trajectories on a merge approach (Fig. 8),microsimulation (SUMO),"Non-cooperative AV platoons show larger, faster backward-propagating shockwaves (string instability) than HVs, while CAV cooperative merging gives smooth trajectories. Evidence is visual trajectory comparison only.",Sec. 4.4; Fig. 8 | Full-text source: ScienceDirect full text HTML,MEDIUM,NO
S016,Gunter et al. 2021,2021,Are Commercially Implemented Adaptive Cruise Control Systems String Stable?,https://doi.org/10.1109/TITS.2020.3000682,[D],Traffic smoothing / mobile actuator,String instability,DIRECT,negative,linear string-stability condition on calibrated ACC models; disturbance amplification (6 mph lead disturbance grows to ~21-25 mph); minimum space gap vs platoon position,field experiments (two-vehicle tests on 7 commercial ACC vehicles; 8-vehicle ACC platoon field test) + model calibration + platoon simulation,"All seven commercial ACC systems are string unstable at both minimum and maximum following settings. In simulation and in the 8-vehicle field platoon a 6 mph disturbance is amplified (simulated to ~21 mph), with disengagements or collisions by the 7th-15th vehicle. Longer gap settings slow but do not remove amplification. [Final second-author adjudication: commercial ACC recoded from platooning to traffic smoothing (individual onboard control).]",Sec. IV-A to IV-C; Sec. V; Table II; Figs. 5-7 | Full-text source: IEEE Xplore full text,HIGH,NO
S016,Gunter et al. 2021,2021,Are Commercially Implemented Adaptive Cruise Control Systems String Stable?,https://doi.org/10.1109/TITS.2020.3000682,[D],Traffic smoothing / mobile actuator,Stop-and-go waves,INDIRECT,,disturbance amplification along platoon,field platoon + simulation,"Amplified disturbances imply ACC platoons would seed stop-and-go waves, but no traffic-level wave or congestion metric is measured. [Final second-author adjudication: commercial ACC recoded from platooning to traffic smoothing (individual onboard control).]",Sec. IV-B; Sec. V | Full-text source: IEEE Xplore full text,MEDIUM,NO
S017,Guo et al. 2022,2022,Evaluating the Effectiveness of Integrated Connected Automated Vehicle Applications Applied to Freeway Managed Lanes,https://doi.org/10.1109/TITS.2020.3012678,[D],Cooperative merging / coordinated gap creation / ramp coordination,Merging turbulence,DIRECT,strongly_conditional,managed-lane throughput and average delay with vs without cooperative merge; reduction from CACC pipeline capacity,"microsimulation (VISSIM), 3-lane freeway, leftmost managed lane with dedicated on-ramp (100% CAV ramp traffic), mainline CAV MP 0-100%; CACC model validated with CARMA field data","Cooperative merge raises throughput and generally cuts delay, but results depend on release strategy and penetration: at 70% MP multi-vehicle release worsens performance and delay is slightly worse despite higher throughput, because human-driven virtual followers cannot hold the created gaps.",Sec. IV-B; Fig. 7; Table II | Full-text source: IEEE Xplore full text,HIGH,NO
S017,Guo et al. 2022,2022,Evaluating the Effectiveness of Integrated Connected Automated Vehicle Applications Applied to Freeway Managed Lanes,https://doi.org/10.1109/TITS.2020.3012678,[D],Speed harmonization / dynamic headway / bottleneck-inflow regulation,Congestion onset / breakdown,INDIRECT,,average delay and throughput with added speed harmonization (Table III),microsimulation (VISSIM),"Adding speed harmonization further reduces delay in most cases, which the authors attribute to smoothing and breakdown prevention; throughput changes are near zero and there is no gain at 100% MP. Breakdown onset itself is not measured.",Sec. IV-C; Table III | Full-text source: IEEE Xplore full text,MEDIUM,NO
S017,Guo et al. 2022,2022,Evaluating the Effectiveness of Integrated Connected Automated Vehicle Applications Applied to Freeway Managed Lanes,https://doi.org/10.1109/TITS.2020.3012678,[D],Platooning,Congestion onset / breakdown,INDIRECT,,CACC pipeline capacity from fundamental diagrams (+4.1% to +42.0% at 30-100% MP),microsimulation (VISSIM),"Pipeline capacity estimated from fundamental diagrams rises with MP and no breakdown appears at high MP, but the authors note the input volume is capped by the simulator (~3,214 veh/h/lane), so the absence of breakdown is partly an artefact.",Sec. IV-A; Fig. 6 | Full-text source: IEEE Xplore full text,MEDIUM,NO
S017,Guo et al. 2022,2022,Evaluating the Effectiveness of Integrated Connected Automated Vehicle Applications Applied to Freeway Managed Lanes,https://doi.org/10.1109/TITS.2020.3012678,[D],Speed harmonization / dynamic headway / bottleneck-inflow regulation,Stop-and-go waves,INDIRECT,,delay; throughput (no wave metric),microsimulation (VISSIM),"Speed harmonisation is designed to reduce stop-and-go traffic upstream of the merge and it lowers delay in most cases, but no wave, oscillation or speed-variance metric is reported. [Final second-author adjudication: relationship added.]",Sec. IV-C; Table III | Full-text source: IEEE Xplore full text,MEDIUM,NO
S018,Yuqing Guo 2020,2020,Integrated Variable Speed Limits and Lane-Changing Control for Freeway Lane-Drop Bottlenecks,https://doi.org/10.1109/ACCESS.2020.2981658,[D],Integrated longitudinal–lateral bottleneck control,Capacity drop,DIRECT,strongly_conditional,bottleneck discharge flow vs ideal one-lane capacity (1270 vs 2300 PCE/h uncontrolled; ~2228 with control); upstream flow-density FD; TTS,simulation (SUMO) with multi-class multi-lane CTM-based MPC/GA controller,"Integrated lane-level VSL + lane-change-number control raises post-breakdown discharge at an incident lane closure from 1270 toward the 2300 PCE/h ideal capacity; no benefit (-2.5% flow) when demand is below reduced capacity, large gains at medium/high demand. 100% CAV assumed.","Sec. V.B; Table 2; Fig. 7; Fig. 8 | Full-text source: IEEE Xplore full text (doc 9040535, open access)",MEDIUM,NO
S018,Yuqing Guo 2020,2020,Integrated Variable Speed Limits and Lane-Changing Control for Freeway Lane-Drop Bottlenecks,https://doi.org/10.1109/ACCESS.2020.2981658,[D],Integrated longitudinal–lateral bottleneck control,Lane-changing friction,DIRECT,consistent_positive,TTS and bottleneck flow vs VSL-only (no lane-change control); spatial distribution of lane-change proportions,simulation (SUMO) with CTM-based MPC/GA controller,"Distributing mandatory lane changes upstream is the targeted mechanism; the integrated controller beats VSL-only (TTS -23.6% to -44.6% vs -6.4% to -13.8%) across three incident durations, isolating the lane-change-control contribution. Friction itself is not measured directly.","Sec. V.C; Tables 3-5; Figs. 8, 11 | Full-text source: IEEE Xplore full text (doc 9040535, open access)",MEDIUM,NO
S018,Yuqing Guo 2020,2020,Integrated Variable Speed Limits and Lane-Changing Control for Freeway Lane-Drop Bottlenecks,https://doi.org/10.1109/ACCESS.2020.2981658,[D],Speed harmonization / dynamic headway / bottleneck-inflow regulation,Capacity drop,DIRECT,consistent_positive,average discharge flow and TTS for VSL-only benchmark vs no control,simulation (SUMO),"VSL-only (CAV speed limits) comparator modestly raises discharge flow (~1500 vs <1000 PCE/h) and reduces TTS 6-14%, much less than integrated control.","Sec. V.C; Tables 3-5; Fig. 8 | Full-text source: IEEE Xplore full text (doc 9040535, open access)",MEDIUM,NO
S018,Yuqing Guo 2020,2020,Integrated Variable Speed Limits and Lane-Changing Control for Freeway Lane-Drop Bottlenecks,https://doi.org/10.1109/ACCESS.2020.2981658,[D],Integrated longitudinal–lateral bottleneck control,Queue formation / discharge,INDIRECT,,post-incident flow recovery; vehicle duration/waiting-time distribution,simulation (SUMO),Authors infer smaller queues from faster recovery and shorter waiting-time distribution; queue length is not measured.,"Sec. V.C; Figs. 8-10 | Full-text source: IEEE Xplore full text (doc 9040535, open access)",MEDIUM,NO
S019,Ha et al. 2025,2025,Leveraging vehicle connectivity and autonomy for highway bottleneck congestion mitigation using reinforcement learning,https://doi.org/10.1080/23249935.2023.2215338,[D],Speed harmonization / dynamic headway / bottleneck-inflow regulation,Congestion onset / breakdown,DIRECT,strongly_conditional,"time-space mean speed and speed-SD heatmaps; average bottleneck outflow vs car-following (all-HDV), naive VSL and decision-tree VSL across inflows","microsimulation (SUMO, IDM HDVs, LC2013), short lane-drop corridors, ~7-10% CAV; graph-convolution DDPG CAV acceleration control","A few RL-controlled CAVs meter inflow upstream of consecutive lane drops, shortening and weakening congestion versus all-HDV traffic and beating VSL at most inflows; naive VSL outperforms it above 2,400 veh/h and decision-tree VSL at 2,000 veh/h, and the policy peaks near its training inflow. Authors caution outflow values are biased and only relative. Moderate-scenario superiority is partly shown via reward.",Sec. 4.1-4.2; Figs. 5-10 | Full-text source: Taylor & Francis full text,MEDIUM,NO
S019,Ha et al. 2025,2025,Leveraging vehicle connectivity and autonomy for highway bottleneck congestion mitigation using reinforcement learning,https://doi.org/10.1080/23249935.2023.2215338,[D],Speed harmonization / dynamic headway / bottleneck-inflow regulation,Shifted / redistributed congestion,INDIRECT,,speed and speed-SD heatmaps upstream of bottleneck,microsimulation (SUMO),Control creates a second slow region upstream of the lane drop and raises speed variance there; relocation of delay is observed but not evaluated as a net effect.,Sec. 4.2; Figs. 8-9 | Full-text source: Taylor & Francis full text,MEDIUM,NO
S020,Youngjun Han 2020,2020,Variable Speed Release (VSR): Speed Control to Increase Bottleneck Capacity,https://doi.org/10.1109/TITS.2019.2891314,[D],Speed harmonization / dynamic headway / bottleneck-inflow regulation,Congestion onset / breakdown,DIRECT,consistent_positive,"breakdown probability (Kaplan-Meier on breakdown flow), breakdown flow rate, discharge rate (+20.5% CAV), average delay (-93.6% CAV)","analytical stochastic breakdown model + numerical experiment + microsimulation (VISSIM, lane drop, MV/CAV and mixed penetration)",Variable speed release raises speed near the bottleneck to cut minimum headway and breakdown probability. Breakdown-probability curves shift right with VSR speed; only 5/30 runs break down at 120 km/h with CAVs. Gains are marginal for manual vehicles and rise with CAV share; paper states VSR fails when demand exceeds the raised capacity.,"Secs. II.B, III.B-C, IV.B-C; Table II; Figs. 2, 7, 9-11 | Full-text source: IEEE Xplore full text (doc 8621603)",HIGH,NO
S020,Youngjun Han 2020,2020,Variable Speed Release (VSR): Speed Control to Increase Bottleneck Capacity,https://doi.org/10.1109/TITS.2019.2891314,[D],Speed harmonization / dynamic headway / bottleneck-inflow regulation,Capacity drop,INDIRECT,,discharge rate at lane-drop bottleneck,microsimulation (VISSIM),"Capacity drop is invoked as motivation and discharge rate rises, but the gain comes from avoiding breakdown; there is no pre- vs post-breakdown discharge comparison, so capacity-drop mitigation is not tested.",Sec. I; Sec. IV.B; Table II | Full-text source: IEEE Xplore full text (doc 8621603),MEDIUM,NO
S021,Yu Han 2021,2021,A linear Lagrangian model predictive controller of macro- and micro- variable speed limits to eliminate freeway jam waves,https://doi.org/10.1016/j.trc.2021.103121,[D],Speed harmonization / dynamic headway / bottleneck-inflow regulation,Stop-and-go waves,DIRECT,consistent_positive,"speed/flow contour plots, total time spent (-7.3% infrastructure VSL in VISSIM; -9.0% to -10.3% hierarchical CAV-actuated VSL over 10 runs)","microsimulation: VISSIM 3-lane 7.5 km freeway with 100% human drivers (gantry VSL); single-lane IDM+ simulator with 5% CAVs acting as VSL actuators; linear Lagrangian-LWR MPC upper level, continuous MPC CAV trajectories lower level","The MPC resolves an induced moving jam in both settings; with only 5% CAVs slowing upstream of the jam, arriving flow drops and the wave dissipates, insensitive to CAV placement, with no new jams from control switching. Single-lane for the CAV version; lane changing not considered.",Sec. 5.1-5.2; Figs. 10-12 | Full-text source: ScienceDirect full text (UC Davis access),HIGH,NO
S021,Yu Han 2021,2021,A linear Lagrangian model predictive controller of macro- and micro- variable speed limits to eliminate freeway jam waves,https://doi.org/10.1016/j.trc.2021.103121,[D],Speed harmonization / dynamic headway / bottleneck-inflow regulation,Capacity drop,DIRECT,consistent_positive,"free-flow capacity (~2,000 veh/h/lane) vs jam discharge (~1,600 veh/h/lane, 20% drop); downstream flow contours with/without control",microsimulation (VISSIM) with capacity-drop-extended Lagrangian prediction model,"The uncontrolled jam discharges ~20% below free-flow capacity; resolving the jam restores higher downstream flow, i.e. the control removes the jam whose head causes the drop. The drop is quantified in the uncontrolled case; controlled discharge is shown in contours rather than as a separate rate.",Sec. 2.1; Sec. 5.1; Fig. 10(c)-(d) | Full-text source: ScienceDirect full text (UC Davis access),MEDIUM,NO
S022,Kangning Hou 2023,2023,Cooperative On-Ramp Merging Control Model for Mixed Traffic on Multi-Lane Freeways,https://doi.org/10.1109/TITS.2023.3274586,[D],Cooperative merging / coordinated gap creation / ramp coordination,Merging turbulence,DIRECT,strongly_conditional,Edie average flow and speed of merge bottleneck and mainline vs 0% CAV and vs SUMO LC2013; merge location/speed from trajectories,"microsimulation (custom MATLAB platform), 0-100% CAV, CHV compliance 0-100%, on-ramp ratio 10-40%","Anticipatory gap assignment plus cooperative yield/lane-change choice raises merge and mainline flow and speed (up to ~77% flow at 100% CAV). Gains are marginal below 50% compliance and below 60% CAV, larger when the merge is congested; without APS the scheme can lower mainline speed at low penetration. Throughput gains are demand-served flows, not estimated capacity.",Sec. VI.B-E; Tables II-IV; Figs. 11-14 | Full-text source: IEEE Xplore full text,MEDIUM,NO
S022,Kangning Hou 2023,2023,Cooperative On-Ramp Merging Control Model for Mixed Traffic on Multi-Lane Freeways,https://doi.org/10.1109/TITS.2023.3274586,[D],Cooperative merging / coordinated gap creation / ramp coordination,Congestion onset / breakdown,INDIRECT,,"time-space trajectories, deceleration wave extent",microsimulation (MATLAB vs SUMO),"Authors claim upstream propagation of merge-induced deceleration waves is mitigated, shown for one scenario against SUMO default models; the comparator differs in driver models, so the causal attribution is not isolated.",Sec. VI.E; Figs. 13-14 | Full-text source: IEEE Xplore full text,MEDIUM,NO
S023,Hu 2019,2019,Trajectory optimization of connected and autonomous vehicles at a multilane freeway merging area,https://doi.org/10.1016/j.trc.2019.02.016,[D],Cooperative merging / coordinated gap creation / ramp coordination,Merging turbulence,DIRECT,strongly_conditional,"total delay, average speed, downstream lane-imbalance factor: cooperative merging only (Case 1) vs no control (Case 0), 4 demand levels x 3 splits","microsimulation (VISSIM + MATLAB online optimisation), two-lane freeway with one on-ramp, 100% CAV, cars only","Cooperative merging control alone cuts delay by up to ~90% at high demand, but raises delay by 17-156% at low/medium demand with 65-35 and 50-50 splits and worsens downstream lane imbalance because mainline vehicles cannot change lanes in the merging region.",Sec. 4.2; Tables 6-8; Fig. 8 | Full-text source: ScienceDirect full text (UC Davis access),HIGH,NO
S023,Hu 2019,2019,Trajectory optimization of connected and autonomous vehicles at a multilane freeway merging area,https://doi.org/10.1016/j.trc.2019.02.016,[D],Integrated longitudinal–lateral bottleneck control,Merging turbulence,DIRECT,consistent_positive,"total delay (-25% to -82% vs merging-only control), average speed, lane-imbalance factor, trajectories","microsimulation (VISSIM), 100% CAV",Adding optimised cooperative lane changes that clear the outer lane before the merge to cooperative merging beats merging-only control in all 12 demand/split combinations and removes the merge shockwave seen in Case 1.,Sec. 4.2-4.3; Tables 6-8; Figs. 8-9 | Full-text source: ScienceDirect full text (UC Davis access),HIGH,NO
S023,Hu 2019,2019,Trajectory optimization of connected and autonomous vehicles at a multilane freeway merging area,https://doi.org/10.1016/j.trc.2019.02.016,[D],Integrated longitudinal–lateral bottleneck control,Lane-changing friction,INDIRECT,,downstream lane-imbalance factor,microsimulation (VISSIM),Upstream lane-change redistribution balances lane flows; lane-change disturbance itself is not measured.,Sec. 3.1; Sec. 4.2 | Full-text source: ScienceDirect full text (UC Davis access),MEDIUM,NO
S024,Chengying Hua 2023,2023,Dynamic speed harmonization for mixed traffic flow on the freeway using deep reinforcement learning,https://doi.org/10.1049/itr2.12429,[D],Speed harmonization / dynamic headway / bottleneck-inflow regulation,Congestion onset / breakdown,DIRECT,consistent_positive,"mean travel time (-4.5% to -5.2% vs no control), emergency decelerations, emissions","microsimulation (SUMO; Krauss HDVs 50% non-compliant, IDM CAVs), I-80 weaving section with PeMS demand, 0-100% CAV; DDPG lane-differential VSL","DRL speed harmonization improves mean travel time by about 5% at every penetration level, a modest gain; emissions and fuel worsen at 0-25% CAV. Congestion-state metrics (breakdown timing, queue) are not reported, so the mechanism attribution is approximate.",Sec. 5.2; Table 2 | Full-text source: Wiley Online Library full text (open access),MEDIUM,NO
S024,Chengying Hua 2023,2023,Dynamic speed harmonization for mixed traffic flow on the freeway using deep reinforcement learning,https://doi.org/10.1049/itr2.12429,[D],Speed harmonization / dynamic headway / bottleneck-inflow regulation,Stop-and-go waves,DIRECT,mixed,lane-by-lane spatiotemporal speed heatmaps,microsimulation (SUMO),"Speed oscillations in the outer weaving lanes are damped at higher penetration, but middle-lane oscillation rises with penetration and merge-side lanes stay unstable; evidence is visual, without an oscillation statistic.",Sec. 5.3; Fig. 6 | Full-text source: Wiley Online Library full text (open access),LOW,NO
S025,Hung and Zhang 2022,2022,Impact of Cooperative Adaptive Cruise Control on Traffic Stability,https://doi.org/10.1177/03611981221094822,[D],Platooning,String instability,DIRECT,strongly_conditional,transfer-function string-stability conditions (homogeneous CACC); Ward stability function and critical speed for mixed HDV/CV/AV/CAV traffic by penetration,analytical/theoretical (linear string stability) with numerical parameter analysis; no traffic simulation,"CACC is string stable only above a minimum time headway that depends on control gain and control interval; in mixed traffic the critical speed rises from 8.8 to 21.1 m/s as CAV share grows (25% HDV), but stays ~2.2-2.6 m/s with 75% HDVs. Benefit is conditional on penetration and parameter choice; no congestion outcome.","Secs. ""Stability Analysis for Homogeneous CAV Traffic Flow"", ""...Heterogeneous Traffic Flow""; Table 1; Figs. 9-10 | Full-text source: SAGE journals full text",HIGH,NO
S026,M. Karimi 2020,2020,Cooperative merging control via trajectory optimization in mixed vehicular traffic,https://doi.org/10.1016/j.trc.2020.102663,[M],Cooperative merging / coordinated gap creation / ramp coordination,Merging turbulence,INDIRECT,,"trajectory feasibility (speed, gap, jerk constraints) for six CAV/conventional triplet types over 25,000 initial conditions; computation time","numerical simulation (MATLAB) of single merge triplets, linear Helly car-following for conventional vehicles, MPC for CAVs; no traffic stream","Shows that the MPC can produce smooth, non-stopping merges for every triplet type, but evaluates isolated three-vehicle manoeuvres with no uncontrolled comparator and no delay, throughput or congestion metric; in one case mainline vehicles slow by 20 km/h. Successful merging is not evidence of reduced merge congestion. [Evidence role recoded from corpus [D] to [M].]",Sec. 5.1-5.7; Figs. 15-22 | Full-text source: ScienceDirect full text (UC Davis access),HIGH,NO
S027,Ko et al. 2020,2020,Speed harmonisation and merge control using connected automated vehicles on a highway lane closure: a reinforcement learning approach,https://doi.org/10.1049/iet-its.2019.0709,[D],Cooperative merging / coordinated gap creation / ramp coordination,Lane-changing friction,DIRECT,strongly_conditional,"bottleneck throughput (veh/h) and fuel vs base case, late merge, FIFO; trajectories","microsimulation (SUMO, Krauss/LC2013), two-to-one lane closure, 20-80% CAV, 2000-3500 veh/h; DQN merge-priority control","RL merge control of CAVs at a lane closure raises bottleneck throughput 20-31% over late merge and more over the uncontrolled base case, rising with penetration; FIFO beats it at 20-35% CAV. Throughput here is served discharge, not estimated capacity.",Sec. 5.3.2; Figs. 7-9; Table 2 | Full-text source: Wiley Online Library full text,MEDIUM,NO
S027,Ko et al. 2020,2020,Speed harmonisation and merge control using connected automated vehicles on a highway lane closure: a reinforcement learning approach,https://doi.org/10.1049/iet-its.2019.0709,[D],Speed harmonization / dynamic headway / bottleneck-inflow regulation,Queue formation / discharge,DIRECT,mixed,"bottleneck throughput and fuel, MC+SH vs MC only",microsimulation (SUMO),Adding CAV speed harmonisation lowers fuel but reduces throughput relative to merge control alone at 80% CAV because vehicles no longer arrive as a compressed queue; the authors report a throughput-fuel trade-off.,Sec. 5.3.2-5.3.3; Figs. 9-11 | Full-text source: Wiley Online Library full text,MEDIUM,NO
S027,Ko et al. 2020,2020,Speed harmonisation and merge control using connected automated vehicles on a highway lane closure: a reinforcement learning approach,https://doi.org/10.1049/iet-its.2019.0709,[D],Speed harmonization / dynamic headway / bottleneck-inflow regulation,Stop-and-go waves,INDIRECT,,open-lane trajectories,microsimulation (SUMO),Reduced stop-and-go with speed harmonisation is shown only in example trajectories.,Sec. 5.3.1; Fig. 7 | Full-text source: Wiley Online Library full text,MEDIUM,NO
S028,Kreidieh 2018,2018,Dissipating stop-and-go waves in closed and open networks via deep reinforcement learning,https://doi.org/10.1109/ITSC.2018.8569485,[D],Traffic smoothing / mobile actuator,Stop-and-go waves,DIRECT,consistent_positive,"throughput (+13% at 10% CAV), average speed (~2x), space-time wave frequency/magnitude","microsimulation (SUMO/Flow), single-lane highway with on-ramp perturbation, 0-10% CAV, deep RL (TRPO) centralized policy","RL-controlled CAVs (design method: deep RL) virtually eliminate on-ramp-triggered stop-and-go waves at 10% penetration; 2.5-5% already reduce wave frequency and size. Results are reported in traffic metrics, not only reward. Learned behavior resembles ramp-metering-like inflow holding.","Sec. IV.A-B; Figs. 3, 4, 6 | Full-text source: IEEE Xplore full text",HIGH,NO
S028,Kreidieh 2018,2018,Dissipating stop-and-go waves in closed and open networks via deep reinforcement learning,https://doi.org/10.1109/ITSC.2018.8569485,[D],Traffic smoothing / mobile actuator,String instability,INDIRECT,,none (convective instability discussed),microsimulation (SUMO/Flow),"String/convective instability is the framing, but no string-stability analysis or metric is reported for the controlled system.",Sec. II.C | Full-text source: IEEE Xplore full text,MEDIUM,NO
S029,K. Kušić 2020,2020,Extended Variable Speed Limit control using Multi-agent Reinforcement Learning,https://doi.org/10.1109/ITSC45102.2020.9294639,[M],Speed harmonization / dynamic headway / bottleneck-inflow regulation,Congestion onset / breakdown,DIRECT,mixed,"bottleneck-section density (-18%), speed (+7.3%), TTS in controlled sections (-9.7%), whole-network TTS","microsimulation (SUMO, Krauss HDVs, single seed), infrastructure VMS-based VSL learned by multi-agent W-learning; no AVs/CAVs","Two-agent VSL lowers density and raises speed at the on-ramp bottleneck and cuts TTS in the controlled stretch, but whole-network TTS only converges to about the no-control level; independent-agent VSL worsened bottleneck speed. Local improvement only; no AV/CAV actuation, so direct only for an infrastructure-VSL claim. [Evidence role recoded from corpus [D] to [M] after author-review resolution.] [Revised in the ambiguity-resolution pass; see ambiguity_resolutions_and_differences.csv.]",Sec. VI.A-B; Table I; Figs. 3-5 | Full-text source: IEEE Xplore full text,MEDIUM,NO
S029,K. Kušić 2020,2020,Extended Variable Speed Limit control using Multi-agent Reinforcement Learning,https://doi.org/10.1109/ITSC45102.2020.9294639,[M],Speed harmonization / dynamic headway / bottleneck-inflow regulation,Merging turbulence,INDIRECT,,acceleration-lane occupancy (-28%),microsimulation (SUMO),Easier merging is inferred from lower acceleration-lane occupancy; merge interactions are not analysed. [Evidence role recoded from corpus [D] to [M] after author-review resolution.] [Revised in the ambiguity-resolution pass; see ambiguity_resolutions_and_differences.csv.],Sec. VI.A.3 | Full-text source: IEEE Xplore full text,MEDIUM,NO
S030,Zhibin Li 2017,2017,Reinforcement Learning-Based Variable Speed Limit Control Strategy to Reduce Traffic Congestion at Freeway Recurrent Bottlenecks,https://doi.org/10.1109/TITS.2017.2687620,[M],Speed harmonization / dynamic headway / bottleneck-inflow regulation,Capacity drop,DIRECT,consistent_positive,"bottleneck discharge flow with/without drop; system total travel time (-49.3% stable, -21.8% fluctuating demand)","macroscopic simulation (modified CTM with inverse-lambda FD, calibrated to I-880 PeMS data; 8.1% capacity drop); infrastructure VSL, no AVs/CAVs","Q-learning VSL throttles inflow before breakdown so the modelled 8.1% capacity drop does not occur, outperforming feedback VSL. The drop is an exogenous model feature (pre- vs post-drop discharge built into the FD), so the benefit follows from avoiding the imposed drop rather than from an emergent mechanism. [Evidence role recoded from corpus [D] to [M] after author-review resolution.] [Revised in the ambiguity-resolution pass; see ambiguity_resolutions_and_differences.csv.]","Sec. III.A-B; Sec. V; Figs. 3, 8-11 | Full-text source: IEEE Xplore full text",MEDIUM,NO
S030,Zhibin Li 2017,2017,Reinforcement Learning-Based Variable Speed Limit Control Strategy to Reduce Traffic Congestion at Freeway Recurrent Bottlenecks,https://doi.org/10.1109/TITS.2017.2687620,[M],Speed harmonization / dynamic headway / bottleneck-inflow regulation,Congestion onset / breakdown,DIRECT,consistent_positive,"congestion duration, bottleneck speed/density time series, system travel time",macroscopic simulation (CTM calibrated to field data),"Proactive speed limits delay or prevent congestion formation at a merge bottleneck in stable and fluctuating demand; effect disappears under >5 mph overspeed unless the agent keeps learning. Infrastructure VSL, no AV/CAV actuation. [Evidence role recoded from corpus [D] to [M] after author-review resolution.] [Revised in the ambiguity-resolution pass; see ambiguity_resolutions_and_differences.csv.]",Sec. V; Sec. VI; Figs. 8-12 | Full-text source: IEEE Xplore full text,MEDIUM,NO
S031,Lin Liu 2024,2024,Reinforcement-Learning-Based Multilane Cooperative Control for On-Ramp Merging in Mixed-Autonomy Traffic,https://doi.org/10.1109/JIOT.2024.3447039,[D],Cooperative merging / coordinated gap creation / ramp coordination,Merging turbulence,INDIRECT,,"travel time, fuel, CO2, TTC count vs other RL controllers (D3QN, PPO, GCQ)","microsimulation (SUMO/Flow), 200 m three-lane on-ramp, 25-100% CAV, graph-based MARL lane-change policy","CAV lane-change policy beats other RL controllers by 5.7-7.7% in travel time at 100% CAV, but there is no uncontrolled or all-HDV baseline and no congestion-state metric, so reduced merge congestion is not demonstrated.",Sec. IV.C-D; Tables II-III; Fig. 4 | Full-text source: IEEE Xplore full text,LOW,NO
S031,Lin Liu 2024,2024,Reinforcement-Learning-Based Multilane Cooperative Control for On-Ramp Merging in Mixed-Autonomy Traffic,https://doi.org/10.1109/JIOT.2024.3447039,[D],Cooperative merging / coordinated gap creation / ramp coordination,Lane-changing friction,INDIRECT,,travel time and TTC across lane-change penalty values (0-1.2),microsimulation (SUMO/Flow),"Raising the lane-change penalty in the reward lowers travel time and TTC, consistent with lane-change friction, but this is a reward-tuning sensitivity on a very short segment with no uncontrolled comparator.",Sec. IV.D.2; Fig. 5 | Full-text source: IEEE Xplore full text,LOW,NO
S032,Wenqi Lu 2024,2024,Improving Traffic Operation of Bottleneck in a Connected and Automated Vehicles Environment: An Integrated Lane-Level Control Method,https://doi.org/10.1109/TITS.2024.3362129,[D],Integrated longitudinal–lateral bottleneck control,Congestion onset / breakdown,INDIRECT,,"mean travel speed in bottleneck area (+32% high demand), total travel time (-53% high demand) vs no control, QVSL, LS, RM, DVSL, LVSL","microsimulation (SUMO, IDM, LC2013), on-ramp merge bottleneck, 50% CAV (10-90% sensitivity); DDPG lane-level VSL + dynamic-programming lane selection","Integrated lane-level speed limits (all vehicles) plus lane recommendations (CAVs) improve bottleneck speed and TTT against no control in all demand levels, and beat each component alone. Outcomes are aggregate speed/TTT; no specific congestion process (breakdown timing, capacity drop, queue) is measured, so the mechanism coding is approximate. Gains plateau at high penetration as lane-change opportunities saturate. [Revised in the ambiguity-resolution pass; see ambiguity_resolutions_and_differences.csv.]",Sec. V.B.1-2; Tables VI-VIII; Figs. 13-14 | Full-text source: IEEE Xplore full text,MEDIUM,NO
S032,Wenqi Lu 2024,2024,Improving Traffic Operation of Bottleneck in a Connected and Automated Vehicles Environment: An Integrated Lane-Level Control Method,https://doi.org/10.1109/TITS.2024.3362129,[D],Speed harmonization / dynamic headway / bottleneck-inflow regulation,Congestion onset / breakdown,DIRECT,consistent_positive,"bottleneck mean travel speed and TTT, LVSL alone vs no control",microsimulation (SUMO),Lane-level VSL component alone raises MTS >10% and cuts TTT >25% vs no control across demand levels; applies to HVs and CAVs through posted limits.,Sec. V.B.1; Tables VI-VIII | Full-text source: IEEE Xplore full text,MEDIUM,NO
S032,Wenqi Lu 2024,2024,Improving Traffic Operation of Bottleneck in a Connected and Automated Vehicles Environment: An Integrated Lane-Level Control Method,https://doi.org/10.1109/TITS.2024.3362129,[D],Lane assignment / lane-use control,Lane-changing friction,INDIRECT,,MTS by control-horizon length; LS-only performance at high demand,microsimulation (SUMO),"Authors attribute the drop at a 30 s horizon to frequent recommended lane changes disturbing flow, and LS-only failure at high demand to scarce gaps; lane-change friction is not measured.","Sec. V.B.1, V.B.3; Fig. 15 | Full-text source: IEEE Xplore full text",MEDIUM,NO
S033,S. Nakka 2022,2022,A Multi-Agent Deep Reinforcement Learning Coordination Framework for Connected and Automated Vehicles at Merging Roadways,https://doi.org/10.23919/ACC53348.2022.9867314,[M],Cooperative merging / coordinated gap creation / ramp coordination,Stop-and-go waves,INDIRECT,,minimum/average speed of CAVs in control zone over 5 runs; reward curve,"custom Python simulation, single-lane highway + single-lane ramp, 100% CAV (double integrator), 2-8 vehicles; MARL (MADDPG)","Claim that stop-and-go driving is eliminated rests on positive minimum speeds in five short runs with no uncontrolled or conventional baseline and no traffic-flow metric. Shows collision-free coordinated merging (trajectory feasibility), not a congestion reduction. [Evidence role recoded from corpus [D] to [M].]",Sec. IV; Figs. 2-6 | Full-text source: IEEE Xplore full text,MEDIUM,NO
S033,S. Nakka 2022,2022,A Multi-Agent Deep Reinforcement Learning Coordination Framework for Connected and Automated Vehicles at Merging Roadways,https://doi.org/10.23919/ACC53348.2022.9867314,[M],Cooperative merging / coordinated gap creation / ramp coordination,Merging turbulence,INDIRECT,,trajectories: rear-end and lateral safety satisfied,custom Python simulation,Successful conflict-free merging of a few CAVs is demonstrated; merging turbulence effects on traffic are not measured and no comparator exists. [Evidence role recoded from corpus [D] to [M].],Sec. IV; Figs. 3-5 | Full-text source: IEEE Xplore full text,MEDIUM,NO
S034,Sinan Öncü 2014,2014,Cooperative Adaptive Cruise Control: Network-Aware Analysis of String Stability,https://doi.org/10.1109/TITS.2014.2302816,[M],Platooning,String instability,DIRECT,strongly_conditional,string-stability frequency response (FRF) gain vs time headway and communication delay; experimental FRF estimates,"analytical/theoretical (networked control system model: sampling, ZOH, constant delay) + field test with two CACC-equipped Toyota Prius vehicles (Lelystad track)","CACC string stability holds only for combinations of time headway and wireless delay inside the derived region; larger delays require larger headways, and test-track FRFs confirm that delays compromise string stability. The paper is a controller/communication design framework without a traffic-congestion outcome, so the role is methodological. [Evidence role recoded from corpus [D] to [M].]",Sec. V; Sec. VI-C; Figs. 10-11; Sec. VII | Full-text source: IEEE Xplore full text,HIGH,NO
S035,Pan et al. 2021,2021,Integrated optimal control strategies for freeway traffic mixed with connected automated vehicles: A model-based reinforcement learning approach,https://doi.org/10.1016/j.trc.2021.102987,[D],Integrated longitudinal–lateral bottleneck control,Congestion onset / breakdown,DIRECT,strongly_conditional,"average monetised travel cost per vehicle (delay + fuel + emissions; -17.7%, -29.7%, -40% at 0%, 33%, 67% CAV), spatial-temporal speed heat maps","macroscopic simulation (multiclass multilane CTM with lane-change and capacity-drop features), 2.75-mile two-lane freeway with on-ramp weaving bottleneck, 0-67% CAV; cross-entropy (model-based RL) parameterised optimal control of RM, lane-level VSL, lane-change control/recommendations","Integrated speed limits, lane-change control for CAVs (recommendations for human drivers) and ramp metering shorten and shrink the weaving-area congestion; gains grow with CAV share and fall with longer CAV response times. The headline metric is a composite monetary cost (the optimisation objective), not a pure traffic metric; congestion reduction is shown in heat maps.","Sec. 5.2.1-5.2.2; Table 6; Figs. 10-11, 14-15 | Full-text source: ScienceDirect full text (UC Davis access)",MEDIUM,NO
S035,Pan et al. 2021,2021,Integrated optimal control strategies for freeway traffic mixed with connected automated vehicles: A model-based reinforcement learning approach,https://doi.org/10.1016/j.trc.2021.102987,[D],Integrated longitudinal–lateral bottleneck control,Lane-changing friction,INDIRECT,,speed heat maps; location of mandatory lane changes,macroscopic simulation (multilane CTM),"Shifting mandatory lane changes upstream, where speeds are still high, is argued to cut friction and capacity loss at the bottleneck; lane-change disturbance is modelled, not measured separately.",Sec. 5.2.1; Figs. 10-11 | Full-text source: ScienceDirect full text (UC Davis access),MEDIUM,NO
S035,Pan et al. 2021,2021,Integrated optimal control strategies for freeway traffic mixed with connected automated vehicles: A model-based reinforcement learning approach,https://doi.org/10.1016/j.trc.2021.102987,[D],Integrated longitudinal–lateral bottleneck control,Capacity drop,INDIRECT,,none reported separately (capacity drop modelled in CTM),macroscopic simulation,Authors attribute gains partly to alleviated capacity drop but report no pre- vs post-breakdown discharge comparison.,Sec. 5.2.1 | Full-text source: ScienceDirect full text (UC Davis access),MEDIUM,NO
S035,Pan et al. 2021,2021,Integrated optimal control strategies for freeway traffic mixed with connected automated vehicles: A model-based reinforcement learning approach,https://doi.org/10.1016/j.trc.2021.102987,[D],Speed harmonization / dynamic headway / bottleneck-inflow regulation,Merging turbulence,DIRECT,mixed,speed heat maps and travel cost with vs without ramp metering; ramp-metering improvement rate vs CAV share,macroscopic simulation,Signal-based ramp metering creates discontinuous merging and speed oscillation in lane 1 under heavy demand; removing it removes the oscillation but slightly raises cost (1.60 vs 1.54 USD/PCU). Metering benefit declines toward zero as CAV share rises.,"Sec. 5.2.1-5.2.2; Figs. 13, 16-17 | Full-text source: ScienceDirect full text (UC Davis access)",MEDIUM,NO
S036,Papacharalampous et al. 2015,2015,Mitigating Congestion at Sags with Adaptive Cruise Control Systems,https://doi.org/10.1109/ITSC.2015.395,[D],Speed harmonization / dynamic headway / bottleneck-inflow regulation,Queue formation / discharge,DIRECT,consistent_positive,"total travel time savings vs no control (ACC 10.0, CACC 10.4, TSA-ACC 18 veh-min for 200 vehicles); headways downstream of the sag; strategy decomposition","microsimulation (single-lane sag, sag-aware car-following model, 200 vehicles, 10% equipped, 20 seeds, no lane changes)","Traffic-state-adaptive ACC shortens desired headway inside and leaving the sag queue; decomposition shows this discharge-phase strategy produces nearly all savings (18.6 veh-min), while lengthening headway on approach gives small and highly variable gains. Queue discharge rate itself is not reported; effect sizes are small (~3-6 s per vehicle).","Sec. IV.B; Sec. V.A-C; Figs. 2, 3, 5, 6 | Full-text source: IEEE Xplore full text",MEDIUM,NO
S036,Papacharalampous et al. 2015,2015,Mitigating Congestion at Sags with Adaptive Cruise Control Systems,https://doi.org/10.1109/ITSC.2015.395,[D],Traffic smoothing / mobile actuator,Stop-and-go waves,INDIRECT,,speed contour plots,microsimulation (single-lane sag),"Speed contours suggest ACC vehicles weaken the stop-and-go wave upstream of the sag, while the approach-phase TSA strategy creates a new slow-moving area; this is visual and not quantified.","Sec. V.A, V.C; Figs. 1, 5 | Full-text source: IEEE Xplore full text",MEDIUM,NO
S037,Georgia Perraki 2018,2018,Evaluation of a model predictive control framework for motorway traffic involving conventional and automated vehicles,https://doi.org/10.1016/j.trc.2018.05.002,[D],Integrated longitudinal–lateral bottleneck control,Capacity drop,DIRECT,consistent_positive,"aggregate flow downstream of bottleneck vs no control (closer to nominal capacity), TTS (-18.5%, -17.4%, -13.9% at 100/50/20% equipped; -16.4/-15.9/-7.9% without ramp metering), TTS SD; calibrated model reproduces field capacity drop","microsimulation (Aimsun, IDM + heuristic merging rules, calibrated/validated to A20 Rotterdam-Gouda loop data), 20-100% VACS-equipped vehicles, 10 replications; MPC (Roncoli et al. multi-lane model) for VSL/mainstream flow control and lane-change commands via vehicles plus ramp metering","Integrated lane-change control ahead of the lane drop, ramp metering and (at lower penetration) mainstream speed control keep the bottleneck near capacity instead of dropping to congested discharge, removing congestion at 100% and mostly at 50%. Authors attribute the gain mainly to avoided capacity drop, supported by the pre-/post-breakdown flow comparison. Gains shrink at 20% equipped, especially without ramp metering; statistically significant (paired t-test).",Sec. 3.3; Sec. 4.2.1-4.2.4; Tables 2-3; Figs. 6-12 | Full-text source: ScienceDirect full text (UC Davis access),HIGH,NO
S037,Georgia Perraki 2018,2018,Evaluation of a model predictive control framework for motorway traffic involving conventional and automated vehicles,https://doi.org/10.1016/j.trc.2018.05.002,[D],Integrated longitudinal–lateral bottleneck control,Lane-changing friction,INDIRECT,,optimal vs executed lateral flows; speed contours,microsimulation (Aimsun),Lane-change commands move vehicles out of the dropping lane early; the friction channel is part of the integrated effect and not isolated.,Sec. 4.2.2; Fig. 10 | Full-text source: ScienceDirect full text (UC Davis access),MEDIUM,NO
S037,Georgia Perraki 2018,2018,Evaluation of a model predictive control framework for motorway traffic involving conventional and automated vehicles,https://doi.org/10.1016/j.trc.2018.05.002,[D],Speed harmonization / dynamic headway / bottleneck-inflow regulation,Shifted / redistributed congestion,INDIRECT,,speed contours at 50% penetration; on-ramp queues,microsimulation (Aimsun),"At partial penetration the controller creates short controlled congestion upstream and holds ramp traffic, relocating some delay; reported qualitatively, not quantified.","Sec. 4.2.2-4.2.3; Figs. 8, 11-12 | Full-text source: ScienceDirect full text (UC Davis access)",MEDIUM,NO
S038,Perrine 2020,2020,Anticipating long-distance travel shifts due to self-driving vehicles,https://doi.org/10.1016/j.jtrangeo.2019.102547,[C],Not applicable,Not applicable,NONE,,"annual long-distance trips, person-miles and airline revenue by mode (rJourney subset)","network/demand model (national nested logit mode/destination choice, 2010 rJourney data, AV added as a mode)","Models AV-induced shifts in long-distance mode and destination choice (air trips -47%, car+AV trips +5-12%, total PMT -6.7%). No traffic operation, congestion process or AV control application is evaluated, so no application-mechanism relationship applies.","Sec. 4; Tables 3-4, 8 | Full-text source: ScienceDirect full text HTML",HIGH,NO
S039,T. T. Phan 2020,2020,A Cooperative Space Distribution Method for Autonomous Vehicles at A Lane-Drop Bottleneck on Multi-Lane Freeways,https://doi.org/10.1109/TITS.2020.3040431,[D],Integrated longitudinal–lateral bottleneck control,Lane-changing friction,DIRECT,consistent_positive,average travel time; number of stopping vehicles; average speed of lane-changing AVs; efficiency relative to minimum-time lower bound,"numerical study (MATLAB), 4-to-3 lane drop, 100% AV platoons, 3 scenarios; vs non-cooperative (NCV) and cooperative velocity (CVM) methods","Coordinated longitudinal positioning plus simultaneous lane changes lets dropped-lane AVs merge without stopping; CSDM variants reach 92-100% efficiency vs 80% (NCV) and 84-91% (CVM), with zero stopped vehicles. Evidence is limited to small 100%-AV platoons in a deterministic numerical setting.","Sec. VI-A to VI-C; Tables IV-VI; Figs. 13, 18, 23 | Full-text source: IEEE Xplore full text",HIGH,NO
S039,T. T. Phan 2020,2020,A Cooperative Space Distribution Method for Autonomous Vehicles at A Lane-Drop Bottleneck on Multi-Lane Freeways,https://doi.org/10.1109/TITS.2020.3040431,[D],Integrated longitudinal–lateral bottleneck control,Queue formation / discharge,INDIRECT,,number of stopping vehicles in dropped lane,numerical study,"Stopping vehicles (a local queue) in the dropped lane fall to zero under CSDM; this is a local queue for a handful of AVs, not a traffic-level queue-discharge measure.",Sec. VI-A; Table IV | Full-text source: IEEE Xplore full text,MEDIUM,NO
S040,Qin and Wang 2021,2021,Stabilizing mixed cooperative adaptive cruise control traffic flow to balance capacity using car-following model,https://doi.org/10.1080/15472450.2021.1985490,[M],Platooning,String instability,DIRECT,strongly_conditional,"analytical string-stability criteria (homogeneous, mixed, local CACC/ACC platoon) vs CACC penetration and time gaps; numerical speed responses","analytical/theoretical (linear string stability, generalized car-following models) + numerical simulation of a local platoon","Derives when mixed CACC-ACC-human flow is string stable; stability depends on penetration rate, CACC/ACC time gaps and gains, and CACC degradation to ACC behind human drivers. Uses the criteria to trade analytical capacity against stability via penetration-dependent time-gap rules. Linear analysis only; no congestion or traffic-state outcome. [Evidence role recoded from corpus [D] to [M] after author-review resolution.] [Revised in the ambiguity-resolution pass; see ambiguity_resolutions_and_differences.csv.]","Secs. ""Stability analysis results"", ""Application of balancing capacity""; Tables 2-4; Figs. 6, 13 | Full-text source: Taylor & Francis full text",HIGH,NO
S041,M. Ramezani 2019,2019,Lane density optimisation of automated vehicles for highway congestion control,https://doi.org/10.1080/21680566.2019.1568925,[D],Lane assignment / lane-use control,Congestion onset / breakdown,DIRECT,strongly_conditional,total travel time; density contours (onset timing/severity); TTT vs AV penetration and demand,"microsimulation (Aimsun), 3-lane freeway with one on-ramp and a 5-on/4-off-ramp network, AV penetration 0-100%, demand -10% to +10%, vs no control and ALINEA","Combined proactive lane-density and reactive lane-change control cuts TTT by 46.3% (single ramp) and 42.5% (multiple ramps) and delays or prevents congestion onset, but benefits fall as penetration drops and ALINEA outperforms it at demand +3% or more; ALINEA plus lane control is best at high demand.","Sec. 4.1-4.2; Figs. 3, 5-9, 11, 13-15 | Full-text source: Taylor & Francis full text HTML (tables not captured; values from text)",HIGH,NO
S041,M. Ramezani 2019,2019,Lane density optimisation of automated vehicles for highway congestion control,https://doi.org/10.1080/21680566.2019.1568925,[D],Lane assignment / lane-use control,Queue formation / discharge,DIRECT,consistent_positive,on-ramp queue length (vehicles),microsimulation (Aimsun),"Lane control avoids the ramp-queue penalty of metering: maximum ramp queue 12 veh (vs 48 with ALINEA) on the single ramp and 8 veh over all ramps (vs up to 126 uncontrolled, 75 with ALINEA) in the network.",Sec. 4.1 (Figs. 5-7); Sec. 4.2 (Figs. 13-15) | Full-text source: Taylor & Francis full text HTML (tables not captured; values from text),HIGH,NO
S041,M. Ramezani 2019,2019,Lane density optimisation of automated vehicles for highway congestion control,https://doi.org/10.1080/21680566.2019.1568925,[D],Lane assignment / lane-use control,Merging turbulence,INDIRECT,,TTT with reactive lane-change advisory only (-37.9%); lane-change counts (Table 3),microsimulation (Aimsun),"The reactive component clears the merge lane so ramp vehicles merge smoothly, and it accounts for most of the TTT gain, but merge-area turbulence is not measured directly. [Final second-author adjudication: merging relationship reassigned to lane-use control; it comes from reactive lane-change control that clears the merge lane, not from merge coordination.]",Sec. 2.3; Sec. 4.1; Fig. 3; Table 3 | Full-text source: Taylor & Francis full text HTML (tables not captured; values from text),MEDIUM,NO
S041,M. Ramezani 2019,2019,Lane density optimisation of automated vehicles for highway congestion control,https://doi.org/10.1080/21680566.2019.1568925,[D],Lane assignment / lane-use control,Capacity drop,INDIRECT,,"none specific (TTT, density)",microsimulation (Aimsun),"Abstract attributes gains to delayed onset and severity of congestion and subsequent capacity drop, but no pre-breakdown vs discharge comparison is reported.",Abstract; Sec. 4.1 | Full-text source: Taylor & Francis full text HTML (tables not captured; values from text),HIGH,NO
S042,Rios-Torres and Malikopoulos 2017,2017,Automated and cooperative vehicle merging at highway on-ramps,https://doi.org/10.1109/TITS.2016.2587582,[D],Cooperative merging / coordinated gap creation / ramp coordination,Merging turbulence,DIRECT,strongly_conditional,"total travel time (-7.1%, -13.5%) and fuel (-52.7%, -48.1%) vs stop-controlled ramp baseline; trajectories","numerical simulation (MATLAB, single-lane main road + single-lane ramp, 30 CAVs, 100% CAV, centralized closed-form optimal control)","Centralized FIFO coordination lets ramp and mainline CAVs merge without stopping and cuts travel time against a baseline in which ramp vehicles must stop and yield. The comparator is stylized (full stop, not gap-acceptance merging), and at 29 m/s the controller was infeasible unless the control zone was lengthened to 1,200 m.",Sec. IV.B-E; Figs. 8-14 | Full-text source: IEEE Xplore full text,MEDIUM,NO
S042,Rios-Torres and Malikopoulos 2017,2017,Automated and cooperative vehicle merging at highway on-ramps,https://doi.org/10.1109/TITS.2016.2587582,[D],Cooperative merging / coordinated gap creation / ramp coordination,Stop-and-go waves,INDIRECT,,speed profiles,numerical simulation (MATLAB),"Stop-and-go avoidance is the motivation, and coordinated speed profiles show no stops, but no wave or traffic-flow oscillation metric is reported; vehicles at the back still decelerate as capacity is reached.",Sec. II; Sec. IV.B; Fig. 10 | Full-text source: IEEE Xplore full text,MEDIUM,NO
S043,C. Roncoli 2019,2019,Integrated optimal traffic flow control enabled by speed and time-gap regulation,https://doi.org/10.1109/ITSC.2019.8917432,[D],Speed harmonization / dynamic headway / bottleneck-inflow regulation,Congestion onset / breakdown,DIRECT,consistent_positive,"TTS (-39.5% vs no control; -12.1% for RM+VSL only), segment speed profiles, ramp queue","macroscopic first-order network model with capacity drop (7 segments, merge bottleneck); FD validated by microsimulation (Aimsun, ACC model, 100% CAV); centralized convex optimal control","Letting the controller lower CAV time gaps (~1 s) at the merge raises the estimated capacity (from microsimulated FDs) so the bottleneck never activates and no ramp queue forms, versus controlled congestion and ramp queues under conventional RM+VSL. Mixed penetration is discussed only as an equivalent average headway, not simulated.","Sec. IV.A, C-E; Figs. 2, 4, 5 | Full-text source: IEEE Xplore full text",MEDIUM,NO
S043,C. Roncoli 2019,2019,Integrated optimal traffic flow control enabled by speed and time-gap regulation,https://doi.org/10.1109/ITSC.2019.8917432,[D],Speed harmonization / dynamic headway / bottleneck-inflow regulation,Capacity drop,INDIRECT,,TTS; capacity drop parameter beta=0.9,macroscopic simulation,"Capacity drop is an imposed model parameter; the gain comes from never triggering it, and no pre- vs post-breakdown discharge comparison under control is reported.",Sec. IV.B-C | Full-text source: IEEE Xplore full text,MEDIUM,NO
S044,C. Roncoli 2015,2015,Model Predictive Control for Motorway Traffic with Mixed Manual and VACS-equipped Vehicles☆,https://doi.org/10.1016/j.trpro.2015.09.095,[D],Integrated longitudinal–lateral bottleneck control,Congestion onset / breakdown,DIRECT,consistent_positive,"total time spent (TTS, mean of 10 replications) vs no control for 3 penetration rates x 3 ACC headways (Table 1); lane-level speed contours (Figs. 4, 6)","microsimulation (AIMSUN with IDM car-following and modified merge rules), 5-km 3-lane motorway with one on-ramp, 50-min trapezoidal demand, 10 replications; VACS/ACC penetration 1%, 5%, 20%, ACC time headway 0.7/1.3/2.0 s; centralised QP-based MPC combining ramp metering, VSL sent to ACC vehicles and lane-changing advice","In every one of the nine scenarios the integrated MPC lowers TTS (by 6.0-21.7%) to about 212-221 veh-h, and the speed contour for the 5%/1.3 s case shows the merge breakdown that spreads upstream without control being avoided. Relative gains are smaller where the no-control case is less congested (20% penetration with short headways). Similar controlled TTS at 1% and 20% penetration suggests ramp metering carries much of the effect; no component-wise breakdown is reported, and the breakdown evidence is shown for one replication only.","Sec. 4 (Table 1, Fig. 4); Sec. 5 (Figs. 5-6); Sec. 6 | Full-text source: Publisher PDF (open access, supplied by the author)",MEDIUM,NO
S044,C. Roncoli 2015,2015,Model Predictive Control for Motorway Traffic with Mixed Manual and VACS-equipped Vehicles☆,https://doi.org/10.1016/j.trpro.2015.09.095,[D],Integrated longitudinal–lateral bottleneck control,Capacity drop,INDIRECT,,none specific (TTS; throughput increase stated qualitatively),microsimulation (AIMSUN),"Authors attribute the gain to avoiding breakdown and mitigating the capacity drop at the merge, and the MPC model builds a capacity-drop term into its fundamental diagram, but no pre-breakdown capacity vs queue-discharge comparison or throughput values are reported.","Sec. 2 (Fig. 2); Sec. 5 (last bullet); Sec. 6 | Full-text source: Publisher PDF (open access, supplied by the author)",HIGH,NO
S044,C. Roncoli 2015,2015,Model Predictive Control for Motorway Traffic with Mixed Manual and VACS-equipped Vehicles☆,https://doi.org/10.1016/j.trpro.2015.09.095,[D],Integrated longitudinal–lateral bottleneck control,Merging turbulence,INDIRECT,,lateral flow assigned upstream of the merge (Fig. 5b),microsimulation (AIMSUN),"Lane-changing advice moves equipped vehicles from lane 1 to lane 2 in the segment before the on-ramp to ease ramp merging, but its effect on merge-area disturbance is not isolated from ramp metering and VSL.","Sec. 5 (bullets); Fig. 5b | Full-text source: Publisher PDF (open access, supplied by the author)",MEDIUM,NO
S045,Rossi 2018,2018,Routing autonomous vehicles in congested transportation networks: structural properties and coordination algorithms,https://doi.org/10.1007/s10514-018-9750-5,[D],Perimeter / corridor / fleet rebalancing,Shifted / redistributed congestion,DIRECT,consistent_positive,customer travel time with vs without rebalancing (Table 2); customer service time and link-level vehicle counts (Figs. 3-4),"analytical/theoretical (network flow model, capacity-symmetric networks) + network model and agent-based simulation (MATSim) of Manhattan with ~480,000 NYC taxi requests, 8,000 AVs","Coordinated rebalancing need not add congestion on capacity-symmetric networks, and in Manhattan travel times with and without rebalancing differ by 0.12-1.16% even with 60% northbound capacity cut. A congestion-aware real-time algorithm matches the baselines at low congestion and beats them at high congestion, whereas congestion-blind rebalancing adds congestion. The mechanism is congestion added by empty rebalancing trips, the closest listed mechanism being redistributed congestion.",Sec. 3.2; Sec. 5.2-5.3; Table 2; Figs. 3-4 | Full-text source: Springer Link full text,MEDIUM,NO
S046,Mingfeng Shang 2021,2021,Impacts of commercially available adaptive cruise control vehicles on highway stability and throughput,https://doi.org/10.1016/j.trc.2020.102897,[D],Traffic smoothing / mobile actuator,String instability,DIRECT,negative,"linear string-stability criterion (homogeneous and mixed flow, Ward heterogeneous condition) for IDM calibrated to commercial ACC data","analytical/theoretical (linear string stability of calibrated IDM) + microsimulation (SUMO), single on-ramp merge, ACC MPR 0-100%","All four commercial ACC models are string unstable at every speed and every mixed-traffic MPR; a theoretical ACC is string stable at 25 m/s and stabilises mixed flow. Commercial ACC therefore does not remove, and at the bottleneck worsens, instability. [Final second-author adjudication: commercial ACC recoded from platooning to traffic smoothing (individual onboard control).]",Sec. 4.2-4.3; Fig. 4-5; Tables 5-6 | Full-text source: ScienceDirect full text HTML,HIGH,NO
S046,Mingfeng Shang 2021,2021,Impacts of commercially available adaptive cruise control vehicles on highway stability and throughput,https://doi.org/10.1016/j.trc.2020.102897,[D],Traffic smoothing / mobile actuator,Congestion onset / breakdown,DIRECT,negative,bottleneck capacity (99th-percentile 30-s flow at merge detector) vs MPR; correlation of capacity with string stability (r = 0.76),microsimulation (SUMO),"Merge-bottleneck capacity falls by up to 21-35% as commercial ACC share rises (theoretical ACC: +7% only at 100%), and lower capacity tracks lower string stability. Capacity is estimated from the FD at the bottleneck; breakdown onset timing is not reported, so the mechanism fit is approximate. [Final second-author adjudication: commercial ACC recoded from platooning to traffic smoothing (individual onboard control).]","Sec. 5.1; Sec. 6.1; Fig. 7a, 11a; Table 6 | Full-text source: ScienceDirect full text HTML",MEDIUM,NO
S047,S. Shladover 2012,2012,Impacts of Cooperative Adaptive Cruise Control on Freeway Traffic Flow,https://doi.org/10.3141/2324-08,[M],Platooning,Congestion onset / breakdown,INDIRECT,,"simulated steady-state lane capacity (veh/h/lane) vs ACC/CACC/VAD shares (2,018 all-manual; ACC 2,030-2,100; 100% CACC ~3,970)","microsimulation (Aimsun, NGSIM oversaturated-flow model for manual driving, first-order ACC/CACC with field-test gap distributions), one-lane 6.5 km link with no bottleneck or lane changing, 3 seeds","Estimates lane capacity rather than any congestion process: ACC leaves capacity unchanged, CACC raises it quadratically with penetration (faster with vehicle-awareness devices). No bottleneck, breakdown, queue or wave is simulated, so the link to congestion onset is only mechanistic (higher capacity delays breakdown). None of the nine mechanisms is directly evaluated. [Evidence role recoded from corpus [D] to [M].]","pp. 66-69; Tables 1-3; Figs. 1, 3, 4 | Full-text source: SAGE publisher PDF",MEDIUM,NO
S048,Hari Hara Sharan Nagalur Subraveti 2021,2021,On lane assignment of connected automated vehicles: strategies to improve traffic flow at diverge and weave bottlenecks,https://doi.org/10.1016/j.trc.2021.103126,[D],Lane assignment / lane-use control,Lane-changing friction,DIRECT,consistent_positive,"bottleneck throughput vs maximum possible outflow (no-control loss 8.3% high exit / 1.7% low exit), lane-wise throughput, cumulative curves, trajectory voids in capacity-impact zone","analytical lane-assignment formulation + microscopic numerical simulation (Newell car-following, Laval-Daganzo lane-change voids, 3-lane diverge/weave, lane-specific FDs, HDV compensation rates), 0-100% CAV, 20 runs","Destination-based pre-assignment of CAVs moves lane changes out of the capacity-impact zone so fewer voids form near the diverge; throughput recovers to its maximum from ~10-30% penetration, with more benefit when compensating HDVs are exiting vehicles. Assumes instantaneous lane changes and homogeneous vehicles.",Sec. 4.2; Table 11; Figs. 4-7 | Full-text source: ScienceDirect full text (UC Davis access),HIGH,NO
S048,Hari Hara Sharan Nagalur Subraveti 2021,2021,On lane assignment of connected automated vehicles: strategies to improve traffic flow at diverge and weave bottlenecks,https://doi.org/10.1016/j.trc.2021.103126,[D],Lane assignment / lane-use control,Capacity drop,DIRECT,consistent_positive,diverge throughput relative to lane-capacity sum (loss avoided),numerical simulation,"The lane-change-induced discharge loss below capacity at the diverge (8.3%) is removed at moderate penetration, i.e. discharge is compared with an explicit capacity reference; no temporal breakdown is simulated, so this is an extended-bottleneck capacity loss rather than a classical pre-/post-breakdown drop.",Sec. 4.2; Fig. 4 | Full-text source: ScienceDirect full text (UC Davis access),MEDIUM,NO
S048,Hari Hara Sharan Nagalur Subraveti 2021,2021,On lane assignment of connected automated vehicles: strategies to improve traffic flow at diverge and weave bottlenecks,https://doi.org/10.1016/j.trc.2021.103126,[D],Lane assignment / lane-use control,Merging turbulence,DIRECT,strongly_conditional,weave throughput under strategies WS1/WS2 across merge/diverge demand and penetration,numerical simulation,"At weaves, clearing lane 3 for merging traffic (WS2) helps when merge flow is high and diverge flow low, but with high merge and diverge flows WS2 gains fade and throughput dips above 50% penetration; WS1 gives up to 7.2% more throughput for high diverge flow. Best strategy depends on flow mix and penetration; surplus ramp demand cannot always be accommodated.",Sec. 4.3; Table 12; Figs. 8-10 | Full-text source: ScienceDirect full text (UC Davis access),HIGH,NO
S049,Mehrdad Tajalli 2022,2022,Distributed cooperative trajectory and lane changing optimization of connected automated vehicles: Freeway segments with lane drop,https://doi.org/10.1016/j.trc.2022.103761,[D],Integrated longitudinal–lateral bottleneck control,Lane-changing friction,DIRECT,consistent_positive,"average travel time (0% to -86.4%), throughput (+3% to +134%), stops, TTC near-crash counts vs VISSIM ""all-knowing"" CAV behaviour; trajectories on lane adjacent to the drop","numerical optimisation (vehicle-level MINLP with MPC and consensus, JAVA) coupled to VISSIM, lane-drop freeway with 2-4 lanes, 3 demands x 3 speed limits, 100% CAV","Cooperative joint longitudinal-lateral planning times mandatory lane changes out of the dropped lane without forcing adjacent-lane vehicles to slow sharply; gains are large when demand is high and lanes are few and negligible at low demand with 3-4 lanes. The comparator is a different behavioural model (Wiedemann-based CoEXist CAVs), so the size of the gain partly reflects model differences; 2,400 veh/h/ln cases are not real-time solvable.",Sec. 6.3-6.4; Tables 4-5; Figs. 6-9 | Full-text source: ScienceDirect full text (UC Davis access),MEDIUM,NO
S049,Mehrdad Tajalli 2022,2022,Distributed cooperative trajectory and lane changing optimization of connected automated vehicles: Freeway segments with lane drop,https://doi.org/10.1016/j.trc.2022.103761,[D],Integrated longitudinal–lateral bottleneck control,Queue formation / discharge,DIRECT,consistent_positive,"number of stops (zero under control vs up to ~3,500 in comparator), spatial speed distribution near the drop",numerical optimisation + VISSIM,"Under control no vehicle stops upstream of the drop, whereas the comparator forms a stopped queue in the dropped lane at high demand.",Sec. 6.3; Table 4; Fig. 8 | Full-text source: ScienceDirect full text (UC Davis access),MEDIUM,NO
S050,Talebpour 2016,2016,Influence of connected and autonomous vehicles on traffic flow stability and throughput,https://doi.org/10.1016/j.trc.2016.07.007,[D],Platooning,String instability,DIRECT,strongly_conditional,Ward linear string-stability criterion and critical speed vs CV/AV penetration; simulated stable/oscillatory/collision regime thresholds vs reaction time and platoon size,"analytical/theoretical (linear string stability, heterogeneous flow) + microsimulation (single-lane platoons 20-100 vehicles; prospect-theory model for regular vehicles, IDM for CVs, deterministic AV model)","Critical speed and oscillation/collision thresholds rise with CV and AV penetration; AVs help more at high penetration while low AV shares add little, and CVs help even at low shares. The vehicle types are generic car-following technologies, not a traffic-management application, so the family code is a best fit. [Final second-author adjudication: evidence role restored to [D]; on-ramp breakdown flow and throughput are direct AV/CAV congestion outcomes.]",Sec. 5.1-5.2; Figs. 4-10 | Full-text source: ScienceDirect full text (UC Davis access),HIGH,NO
S050,Talebpour 2016,2016,Influence of connected and autonomous vehicles on traffic flow stability and throughput,https://doi.org/10.1016/j.trc.2016.07.007,[D],Platooning,Congestion onset / breakdown,DIRECT,strongly_conditional,fundamental-diagram scatter and breakdown flow / maximum throughput vs CV/AV shares at a one-lane on-ramp merge,microsimulation (single-lane highway with on-ramp),"Breakdown flow and maximum throughput increase with penetration (up to >100%), but scatter in the fundamental diagram increases from 0% to 50% penetration before falling; AV-dominated mixes outperform CV-dominated ones. Throughput here is maximum observed flow at breakdown rather than a controlled capacity estimate. [Final second-author adjudication: evidence role restored to [D]; on-ramp breakdown flow and throughput are direct AV/CAV congestion outcomes.]",Sec. 6; Figs. 12-15 | Full-text source: ScienceDirect full text (UC Davis access),MEDIUM,NO
S051,Van Arem 2006,2006,The Impact of Cooperative Adaptive Cruise Control on Traffic-Flow Characteristics,https://doi.org/10.1109/TITS.2006.884615,[D],Platooning,Stop-and-go waves,DIRECT,consistent_positive,number of shockwaves (>=3 vehicles decelerating hard within 50 m and 3 s) before and after the lane drop,"microsimulation (MIXIC), 4-to-3 lane drop on Dutch motorway data, CACC penetration 0-100%, with and without dedicated CACC lane","Shockwave counts fall sharply as CACC share rises, significantly in all CACC cases, before and after the lane drop. Average speed does not improve at low shares (it dips below the reference), so the wave reduction does not translate into throughput below ~40-60%.",Sec. VI; Fig. 6; Sec. VII | Full-text source: IEEE Xplore full text,HIGH,NO
S051,Van Arem 2006,2006,The Impact of Cooperative Adaptive Cruise Control on Traffic-Flow Characteristics,https://doi.org/10.1109/TITS.2006.884615,[D],Platooning,Merging turbulence,DIRECT,negative,number of vehicles failing to merge at the lane drop (removed from simulation),microsimulation (MIXIC),Close CACC platoons block mandatory merges: merge failures increase with CACC penetration and with a CACC lane; the authors call this a negative effect on the merging process and propose gap creation / cooperative merging.,Sec. VI (para. 2); Sec. VII; Sec. VIII | Full-text source: IEEE Xplore full text,HIGH,NO
S051,Van Arem 2006,2006,The Impact of Cooperative Adaptive Cruise Control on Traffic-Flow Characteristics,https://doi.org/10.1109/TITS.2006.884615,[D],Routing / dynamic traffic assignment / managed-lane operation,Lane-changing friction,DIRECT,strongly_conditional,average speed and speed standard deviation by link; shockwaves; congestion before the lane drop with a dedicated CACC lane,"microsimulation (MIXIC), regular lane replaced by a CACC lane",A dedicated CACC lane forces many earlier lane changes. At low CACC shares (<40%) it degrades performance (20% case gives severe congestion before the lane drop); at higher shares it improves speed on the high-volume link just upstream of the bottleneck but not downstream. [Final second-author adjudication: dedicated/reserved AV or CACC lane recoded to routing/DTA/managed-lane operation.],Sec. VI; Figs. 7-8; Sec. VII-VIII | Full-text source: IEEE Xplore full text,HIGH,NO
S051,Van Arem 2006,2006,The Impact of Cooperative Adaptive Cruise Control on Traffic-Flow Characteristics,https://doi.org/10.1109/TITS.2006.884615,[D],Platooning,String instability,INDIRECT,,shockwave counts (proxy); CACC string-stable vehicle model,"microsimulation (MIXIC), 4-to-3 lane drop on Dutch motorway data, CACC penetration 0-100%, with and without dedicated CACC lane","CACC string stability is built into the simulated vehicle model and shows up as fewer shockwaves as CACC share rises, but string stability is not tested or measured separately. [Final second-author adjudication: relationship added.]",Sec. VI; Fig. 6; Sec. VII | Full-text source: IEEE Xplore full text,MEDIUM,NO
S052,Eugene Vinitsky 2023,2023,Optimizing Mixed Autonomy Traffic Flow with Decentralized Autonomous Vehicles and Multi-Agent Reinforcement Learning,https://doi.org/10.1145/3582576,[D],Speed harmonization / dynamic headway / bottleneck-inflow regulation,Capacity drop,DIRECT,strongly_conditional,"inflow-outflow curves (uncontrolled outflow falls to ~1,550 veh/h once congested above ~2,500 veh/h inflow); controlled outflow at 3,500 veh/h inflow (1,803-2,034 veh/h by penetration and sensing); vs ALINEA and hand-tuned feedback AV controller","microsimulation (SUMO/Flow), scaled Bay Bridge 4-2-1 lane zipper-merge bottleneck, 5-40% AVs, lane changing disabled in main runs; decentralized MARL (TD3) with local/aggregate observations","RL-controlled AVs meter entry to the bottleneck and hold discharge 15-33% above the uncontrolled post-breakdown outflow, beating a tuned feedback controller and matching ramp-meter ALINEA at 40%. The uncontrolled curve gives the pre-/post-breakdown reference. Gains depend on penetration and sensing, controllers trained at one penetration underperform at others, and enabling lane changing sharply cuts gains at low penetration.","Sec. III-A/B; Sec. IV-A to IV-D; Table III; Figs. 4, 6-11 | Full-text source: arXiv 2011.00120v1 preprint (2020); ACM version of record not accessible (bot check) - may differ",MEDIUM,NO
S052,Eugene Vinitsky 2023,2023,Optimizing Mixed Autonomy Traffic Flow with Decentralized Autonomous Vehicles and Multi-Agent Reinforcement Learning,https://doi.org/10.1145/3582576,[D],Speed harmonization / dynamic headway / bottleneck-inflow regulation,Lane-changing friction,INDIRECT,,outflow with lane changing enabled vs disabled,microsimulation (SUMO/Flow),"Human lane changes into gaps left by AVs defeat inflow holding at low penetration; the study disables lane changing in its main experiments, so friction is a confound noted, not a mechanism evaluated.",Sec. III-A; Sec. IV-D; Fig. 11 | Full-text source: arXiv 2011.00120v1 preprint (2020); ACM version of record not accessible (bot check) - may differ,MEDIUM,NO
S053,Eugene Vinitsky 2018,2018,Lagrangian Control through Deep-RL: Applications to Bottleneck Decongestion,https://doi.org/10.1109/ITSC.2018.8569615,[D],Speed harmonization / dynamic headway / bottleneck-inflow regulation,Capacity drop,DIRECT,strongly_conditional,"inflow-outflow curves: uncontrolled outflow falls from a maximum of ~1,600 to a congested equilibrium of ~800 veh/h; AV-controlled outflow ~1,000 veh/h (+~200 veh/h, 25%, at high inflow); vs feedback ramp metering","microsimulation (SUMO/Flow), 4-2-1 lane zipper-merge bottleneck, 10% AVs, lane changing disabled; centralized deep RL (TRPO) setting per-lane AV speed limits","RL-set AV speed limits meter platoon entry and stabilise bottleneck discharge above the post-breakdown equilibrium at inflows above ~1,600 veh/h, matching ramp metering; below that inflow the controller under-performs the uncontrolled runs (authors attribute this to short runs). The pre-/post-breakdown reference comes from the uncontrolled inflow-outflow sweep. Lane changing defeats control in preliminary tests.","Sec. III-D, III-G; Sec. IV-V; Figs. 6, 9, 10 | Full-text source: IEEE Xplore full text",MEDIUM,NO
S054,Wang et al. 2016,2016,Connected variable speed limits control and car-following control with vehicle-infrastructure communication to resolve stop-and-go waves,https://doi.org/10.1080/15472450.2016.1157022,[D],Speed harmonization / dynamic headway / bottleneck-inflow regulation,Stop-and-go waves,DIRECT,consistent_positive,"total time spent (>80 veh-h less than uncontrolled all-human; >30 veh-h less than VSL with all-human), number of detected/resolved/new jams, fuel","microsimulation (MOTUS, IDM+ human drivers), 14 km two-lane freeway with a temporary speed-limit bottleneck, 0/5/10/50/100% car-following-control (ACC-type) vehicles, SPECIALIST VSL via V2I, 10 runs per scenario",SPECIALIST VSL executed through in-vehicle controllers resolved the moving jam in every CFC scenario and cut TTS against both uncontrolled and human-only VSL cases. Side effect: faster CFC acceleration out of the jam triggered new jams downstream and lowered state-5 flow as penetration rose.,"Sec. ""Effectiveness of connected traffic control""; Table 2; Figs. 3-5 | Full-text source: Taylor & Francis full text",MEDIUM,NO
S054,Wang et al. 2016,2016,Connected variable speed limits control and car-following control with vehicle-infrastructure communication to resolve stop-and-go waves,https://doi.org/10.1080/15472450.2016.1157022,[D],Traffic smoothing / mobile actuator,Capacity drop,DIRECT,consistent_positive,jam outflow vs inflow (queue discharge) in uncontrolled scenarios with 0-100% CFC vehicles,microsimulation (MOTUS),"Without VSL, jam outflow stays below inflow with all-human traffic and at 5% CFC, and roughly matches inflow at >=10% CFC, so the capacity drop shrinks. The authors credit part of the connected-control gain to this smaller drop. The effect comes from ACC-type car-following control rather than from speed harmonization itself, so the family assignment is approximate. [Revised in the ambiguity-resolution pass; see ambiguity_resolutions_and_differences.csv.]","Sec. ""Flow characteristics of uncontrolled scenarios""; Fig. 3; Table 2 | Full-text source: Taylor & Francis full text",MEDIUM,NO
S054,Wang et al. 2016,2016,Connected variable speed limits control and car-following control with vehicle-infrastructure communication to resolve stop-and-go waves,https://doi.org/10.1080/15472450.2016.1157022,[D],Speed harmonization / dynamic headway / bottleneck-inflow regulation,String instability,INDIRECT,,speed contours downstream of jam head,microsimulation (MOTUS),Downstream-propagating disturbances in CFC scenarios suggest destabilisation in the acceleration phase; no stability analysis.,"Sec. ""Flow characteristics of uncontrolled scenarios""; Fig. 3 | Full-text source: Taylor & Francis full text",MEDIUM,NO
S055,Shian Wang 2023,2023,A general approach to smoothing nonlinear mixed traffic via control of autonomous vehicles,https://doi.org/10.1016/j.trc.2022.103967,[D],Traffic smoothing / mobile actuator,String instability,DIRECT,strongly_conditional,"average speed variation per vehicle (ASV), speed/spacing profiles, head-to-tail string stability in an 11-vehicle string; theoretical IDM and IDM calibrated to string-unstable commercial ACC data","analytical controller synthesis (convergence proofs, general nonlinear car-following) + numerical simulation of a single-lane 11-vehicle string, AV share 10-100%","Additive AV controllers that track a softened version of the leader disturbance reduce ASV at every penetration, with larger reductions in the more unstable ACC string; full head-to-tail string stability appears only at 80-100% AVs. Benefit depends on controller gains and penetration; no throughput or delay metric; lane changes ignored.",Sec. 4.2.1-4.2.2; Table 3; Figs. 4-16 | Full-text source: ScienceDirect full text (UC Davis access),HIGH,NO
S055,Shian Wang 2023,2023,A general approach to smoothing nonlinear mixed traffic via control of autonomous vehicles,https://doi.org/10.1016/j.trc.2022.103967,[D],Traffic smoothing / mobile actuator,Stop-and-go waves,INDIRECT,,speed profiles of a short string,numerical simulation,"Framed as alleviating stop-and-go waves, but only perturbation amplification in an 11-vehicle open string is simulated.",Sec. 3; Sec. 4.2 | Full-text source: ScienceDirect full text (UC Davis access),MEDIUM,NO
S056,Shian Wang 2022,2022,Optimal Control of Autonomous Vehicles for Traffic Smoothing,https://doi.org/10.1109/TITS.2021.3094552,[D],Traffic smoothing / mobile actuator,String instability,DIRECT,consistent_positive,"vehicle speed profiles / head-to-tail string stability; HV fuel (VT-Micro, -0.56% to -1.06%)","analytical optimal control (Pontryagin) + numerical simulation of a 10-vehicle string (IDM HVs, OVRV AVs), 1-3 AVs","Optimal AV control turns a string-unstable 10-vehicle platoon into head-to-tail string-stable traffic for step and sinusoidal lead perturbations, with stronger damping for more AVs. No throughput, delay or congestion metric; fuel gains are under 1.1%.",Sec. V.B.1-2; Figs. 2-4; Tables IV-VII | Full-text source: IEEE Xplore full text,HIGH,NO
S056,Shian Wang 2022,2022,Optimal Control of Autonomous Vehicles for Traffic Smoothing,https://doi.org/10.1109/TITS.2021.3094552,[D],Traffic smoothing / mobile actuator,Stop-and-go waves,INDIRECT,,speed profiles of short string,numerical simulation,"Framed as dampening stop-and-go waves, but tested only as perturbation amplification in a 10-vehicle open string, not sustained waves in traffic.",Sec. V.B.1 | Full-text source: IEEE Xplore full text,MEDIUM,NO
S057,Lin Xiao 2018,2018,Unravelling effects of cooperative adaptive cruise control deactivation on traffic flow characteristics at merging bottlenecks,https://doi.org/10.1016/j.trc.2018.10.008,[D],Platooning,Capacity drop,DIRECT,negative,free-flow merging capacity vs queue discharge rate at each CACC MPR; capacity drop % (Table 3),"microsimulation (MOTUS), four-lane freeway with single-lane on-ramp, CACC MPR 0-100%, realistic CACC model with driver deactivation and string-length limit","Capacity drop persists at every MPR: 17.1% for manual traffic vs 15.4-17.2% with CACC, and grows in veh/h as MPR rises. Deactivations around lane changes cause it, so CACC does not mitigate capacity drop even though capacity and discharge both rise.",Sec. 4.3; Table 3; Table 4; Sec. 5 | Full-text source: Final published PDF via TU Delft repository (green OA),HIGH,NO
S057,Lin Xiao 2018,2018,Unravelling effects of cooperative adaptive cruise control deactivation on traffic flow characteristics at merging bottlenecks,https://doi.org/10.1016/j.trc.2018.10.008,[D],Platooning,Merging turbulence,DIRECT,mixed,merging capacity vs pipeline capacity; CACC operation and deactivation ratios at the merge,microsimulation (MOTUS),"Merging capacity rises with MPR (to 3293 veh/h/lane at 100%) but stays 6-14% below pipeline capacity because lane changes at the merge trigger CACC deactivations, and the shortfall widens with MPR.",Sec. 4.2; Table 3; Fig. 6; Sec. 6 | Full-text source: Final published PDF via TU Delft repository (green OA),HIGH,NO
S057,Lin Xiao 2018,2018,Unravelling effects of cooperative adaptive cruise control deactivation on traffic flow characteristics at merging bottlenecks,https://doi.org/10.1016/j.trc.2018.10.008,[D],Platooning,Queue formation / discharge,DIRECT,consistent_positive,queue discharge rate (veh/h/lane) by MPR,microsimulation (MOTUS),"Queue discharge flow increases with CACC MPR, slightly at 20-40% and strongly at 60-100%; the sign is consistent but low-share gains are marginal.",Sec. 4.3; Table 3 | Full-text source: Final published PDF via TU Delft repository (green OA),MEDIUM,NO
S058,Lin Xiao 2020,2020,Traffic Flow Impacts of Converting an HOV Lane Into a Dedicated CACC Lane on a Freeway Corridor,https://doi.org/10.1109/MITS.2019.2953477,[D],Routing / dynamic traffic assignment / managed-lane operation,Congestion onset / breakdown,DIRECT,strongly_conditional,time-space speed contours; congestion onset time at three active bottlenecks; total travel time and delay vs HOV reference,"microsimulation (MOTUS), SR-99 freeway corridor Sacramento with multiple merges/diverges, CACC MPR 10-50%, leftmost HOV lane converted to CACC lane","Converting the HOV lane to a CACC lane brings onset forward and enlarges congestion at 10-20% MPR (travel time +42%/+31%), is similar to the HOV case at 30%, and delays or prevents onset at 40-50% (travel time -31%/-36%). Bottleneck locations do not change. [Revised in the ambiguity-resolution pass; see ambiguity_resolutions_and_differences.csv.] [Final second-author adjudication: dedicated/reserved AV or CACC lane recoded to routing/DTA/managed-lane operation.]",Sec. IV-A; Sec. IV-C; Fig. 4; Table 3; Sec. V | Full-text source: IEEE Xplore full text (tables are images; values from text),HIGH,NO
S058,Lin Xiao 2020,2020,Traffic Flow Impacts of Converting an HOV Lane Into a Dedicated CACC Lane on a Freeway Corridor,https://doi.org/10.1109/MITS.2019.2953477,[D],Routing / dynamic traffic assignment / managed-lane operation,Lane-changing friction,DIRECT,negative,speed-flow plots on CACC lane; speed difference between CACC lane and adjacent GP lane,microsimulation (MOTUS),"A friction effect (CACC-lane speed drops at low flow, caused by vehicles entering/exiting the continuous-access CACC lane and cooperative gap creation) appears at all MPRs, grows more extensive at high MPR, and produces speed differences up to 100 km/h at low MPR. [Revised in the ambiguity-resolution pass; see ambiguity_resolutions_and_differences.csv.] [Final second-author adjudication: dedicated/reserved AV or CACC lane recoded to routing/DTA/managed-lane operation.]",Sec. IV-B; Figs. 5-6 | Full-text source: IEEE Xplore full text (tables are images; values from text),HIGH,NO
S058,Lin Xiao 2020,2020,Traffic Flow Impacts of Converting an HOV Lane Into a Dedicated CACC Lane on a Freeway Corridor,https://doi.org/10.1109/MITS.2019.2953477,[D],Routing / dynamic traffic assignment / managed-lane operation,Shifted / redistributed congestion,DIRECT,strongly_conditional,GP-lane congestion and travel-time delay of conventional vs CACC vehicles,microsimulation (MOTUS),"At low MPR the underused CACC lane shifts demand onto the remaining GP lanes and conventional vehicles bear most of the delay; the effect fades at higher MPR. The lane-class redistribution is reported with measured GP-lane congestion and delay by vehicle class, so it is coded DIRECT and strongly conditional on MPR. [Revised in the ambiguity-resolution pass; see ambiguity_resolutions_and_differences.csv.] [Final second-author adjudication: dedicated/reserved AV or CACC lane recoded to routing/DTA/managed-lane operation. Redistribution is now DIRECT (strongly conditional): delay by vehicle class and lane-level congestion patterns show demand shifting to general-purpose lanes at low MPR only.]",Sec. IV-A; Sec. IV-C; Fig. 7 | Full-text source: IEEE Xplore full text (tables are images; values from text),MEDIUM,NO
S059,Longhao Yan 2025,2025,Bi-Level Control of Weaving Sections in Mixed Traffic Environments With Connected and Automated Vehicles,https://doi.org/10.1109/TITS.2025.3610019,[D],Integrated longitudinal–lateral bottleneck control,Capacity drop,DIRECT,consistent_positive,queuing diagrams vs virtual departure curve (capacity-drop magnitude); capacity by penetration (Fig. 10); throughput up to +12.6%,"microsimulation calibrated to an empirical Basel weaving section (535 m, empirical capacity drop 24.4%: 5,400 to 4,080 veh/h), CAV penetration 20-100%, vs HDM, rule-based HLC and MPC benchmarks","Globally coordinated RL-weighted MPC lane changing reduces the magnitude of the capacity drop in every tested penetration scenario, most visibly at 20%, and at 100% nearly tracks the virtual departure curve. The drop reduction is shown in cumulative-curve figures rather than as a tabulated pre/post discharge number.","Sec. V-B; Sec. V-C (Value of global coordination); Figs. 5, 7, 10 | Full-text source: IEEE Xplore full text (tables are images; values from text)",MEDIUM,NO
S059,Longhao Yan 2025,2025,Bi-Level Control of Weaving Sections in Mixed Traffic Environments With Connected and Automated Vehicles,https://doi.org/10.1109/TITS.2025.3610019,[D],Integrated longitudinal–lateral bottleneck control,Lane-changing friction,DIRECT,consistent_positive,"space-mean speed (up to +50.6%), average delay (up to -65.7%), throughput; TTC and jerk","microsimulation (Basel weaving section), sensitivity to OD ratios and weaving length","Coordinating mandatory weaving lane changes improves speed, delay and throughput at all penetration rates, OD mixes and segment lengths, with gains growing with penetration and demand; safety (TTC) and comfort also improve.","Sec. V-C; Sec. V-D; Tables I, III-VI; Figs. 8-9 | Full-text source: IEEE Xplore full text (tables are images; values from text)",HIGH,NO
S060,Yang 2018,2018,Multi-scale perimeter control approach in a connected-vehicle environment,https://doi.org/10.1016/j.trc.2017.08.014,[D],Perimeter / corridor / fleet rebalancing,Queue formation / discharge,DIRECT,consistent_positive,"normalized queue lengths at 20 perimeter intersections (up to 60% shorter), total intersection delay (-16% to -37% vs PID and bang-bang), total travel cost (-4.9% to -22.9%)","macroscopic simulation (two-region MFD dynamics coupled with intersection queue models, Zurich-like demand), connected vehicles as data source with 0-15% measurement noise; deterministic and stochastic MPC of perimeter signal green ratios","Integrating intersection queues into MFD perimeter control keeps the centre near critical accumulation while holding shorter, more evenly spread queues at gating intersections than PID or bang-bang perimeter control; gains vanish at low demand and degrade with large noise unless the stochastic MPC is used. CVs act only as sensors; no vehicle actuation.",Sec. 4.2-4.4; Table 2; Figs. 3-7 | Full-text source: ScienceDirect full text (UC Davis access),MEDIUM,NO
S060,Yang 2018,2018,Multi-scale perimeter control approach in a connected-vehicle environment,https://doi.org/10.1016/j.trc.2017.08.014,[D],Perimeter / corridor / fleet rebalancing,Shifted / redistributed congestion,DIRECT,consistent_positive,distribution of queues between centre accumulation and perimeter/side streams; side-stream queues,macroscopic simulation (MFD),Perimeter control deliberately relocates delay from the protected centre to perimeter intersections; the multi-scale MPC reduces how much delay is pushed onto side and inflow streams compared with conventional perimeter controllers (bang-bang favours inflow at the expense of side streams).,Sec. 4.2; Figs. 4-5 | Full-text source: ScienceDirect full text (UC Davis access),MEDIUM,NO
S060,Yang 2018,2018,Multi-scale perimeter control approach in a connected-vehicle environment,https://doi.org/10.1016/j.trc.2017.08.014,[D],Perimeter / corridor / fleet rebalancing,Congestion onset / breakdown,INDIRECT,,network accumulation time series vs critical accumulation,macroscopic simulation (MFD),"All controllers keep accumulation near critical, whereas the uncontrolled network is stated to become oversaturated; the no-control case is not quantified.",Sec. 4.1-4.2; Fig. 3 | Full-text source: ScienceDirect full text (UC Davis access),MEDIUM,NO
S061,Yuanxiang Yang 2025,2025,Macro-micro integration of game-theoretic trajectory planning and tactical lane control for mixed traffic control at motorway bottlenecks,https://doi.org/10.1016/j.trc.2025.105356,[D],Lane assignment / lane-use control,Lane-changing friction,DIRECT,consistent_positive,"per-lane density contours, completed trips (throughput proxy), average time loss, interrupted trips (queue at lane end), flow-density at bottleneck segment; 50 replications, vs no control","microsimulation (SUMO/TraCI, Krauss car-following, same dynamics for CAVs and HDVs except CAV lane changes), 3-to-2 lane drop and off-ramp diverge, 10-90% CAV; optimisation-based macroscopic lane-flow controller","Proactively redistributing CAVs across lanes upstream of the lane drop reduces the dropped-lane queue, time loss and interrupted trips and raises completed trips at every penetration; throughput gains saturate from ~30% CAV. Longer control zones help at 10%; conservative upstream references cut time loss at high penetration. ""Capacity"" is approximated by completed trips.","Sec. 5.2.1-5.2.2; Table 5; Figs. 9-13, 17 | Full-text source: ScienceDirect full text (UC Davis access)",HIGH,NO
S061,Yuanxiang Yang 2025,2025,Macro-micro integration of game-theoretic trajectory planning and tactical lane control for mixed traffic control at motorway bottlenecks,https://doi.org/10.1016/j.trc.2025.105356,[D],Lane assignment / lane-use control,Queue formation / discharge,DIRECT,consistent_positive,interrupted trips (speeds <0.1 m/s) as proxy for lane-3 queue length; density contours,microsimulation (SUMO),The standing queue at the end of the dropped lane shrinks with control and falls sharply at high penetration.,"Sec. 5.2.1; Figs. 9, 13 | Full-text source: ScienceDirect full text (UC Davis access)",MEDIUM,NO
S061,Yuanxiang Yang 2025,2025,Macro-micro integration of game-theoretic trajectory planning and tactical lane control for mixed traffic control at motorway bottlenecks,https://doi.org/10.1016/j.trc.2025.105356,[D],Integrated longitudinal–lateral bottleneck control,Lane-changing friction,DIRECT,consistent_positive,completed trips and time loss: integrated framework vs macroscopic controller with random lane-changer selection,microsimulation (SUMO),"Selecting which CAVs change lanes using game-theoretic trajectory payoffs gives equal results at 10%, more stable results at 20-30% and consistently better throughput and time loss at 50-90% than random selection.",Sec. 5.2.1; Figs. 14-15 | Full-text source: ScienceDirect full text (UC Davis access),MEDIUM,NO
S062,Zhao and Kockelman 2018,2018,Anticipating the Regional Impacts of Connected and Automated Vehicle Travel in Austin Texas,https://doi.org/10.1061/(ASCE)UP.1943-5444.0000463,[C],Not applicable,Not applicable,NONE,,"regional VKT and system average speed (AM peak, four-step model with destination/mode choice and UE assignment)","network/demand model (modified CAMPO four-step model, Austin 6-county region, TransCAD)",CAV/SAV availability raises regional VKT by ~9% (up to ~19% with low value of time) and lowers system average speed; results are demand-side forecasts with no operational control or congestion-mechanism analysis.,"Sec. ""Sensitivity Test Assumptions and Results""; Tables 4-7; Conclusions | Full-text source: ASCE Library full text HTML",HIGH,NO
S062,Zhao and Kockelman 2018,2018,Anticipating the Regional Impacts of Connected and Automated Vehicle Travel in Austin Texas,https://doi.org/10.1061/(ASCE)UP.1943-5444.0000463,[C],Routing / dynamic traffic assignment / managed-lane operation,Shifted / redistributed congestion,INDIRECT,,regional VKT and average speed with CAVs avoiding vs using tolled/managed lanes (Table 9),network/demand model (UE assignment),"If CAVs avoid tolled or managed lanes, VKT rises ~4-5% and average speed falls 9-12% versus the toll-free case; this is a route-choice assumption scenario in a static demand model, not an evaluated managed-lane control.","Sec. ""Toll Costs""; Table 9 | Full-text source: ASCE Library full text HTML",MEDIUM,NO
S063,Zhou 2022,2022,Multi-agent reinforcement learning for cooperative lane changing of connected and autonomous vehicles in mixed traffic,https://doi.org/10.1007/s43684-022-00023-5,[M],Lane assignment / lane-use control,Lane-changing friction,INDIRECT,,episode reward vs other MARL algorithms; AV acceleration variance; example trajectories,"simulation (highway-env, 520 m two-lane highway, IDM/MOBIL HDVs, three densities); MARL (MA2C)","Only RL reward, comfort (acceleration SD) and illustrative cooperative lane-change snapshots are reported; no speed, delay, throughput or congestion metric and no non-RL baseline. Reward gains cannot be read as traffic improvement. [Evidence role recoded from corpus [D] to [M].]",Sec. 4.3; Table 2; Figs. 3-9 | Full-text source: Springer Nature Link full text (open access),HIGH,NO
S064,Zhu et al. 2024,2024,Improving Freeway Merging Efficiency via Flow-Level Coordination of Connected and Autonomous Vehicles,https://doi.org/10.1109/TITS.2023.3346832,[D],Cooperative merging / coordinated gap creation / ramp coordination,Merging turbulence,DIRECT,strongly_conditional,mainline and ramp travel time and delay; trajectory plots,"analytical/theoretical (macroscopic optimisation) + microsimulation (VISSIM), single-lane freeway with one on-ramp, 100% CAV, six demand scenarios, 10 seeds","Proactive mainline gap creation plus ramp platooning absorbs merging disturbances at high demand (2C: travel time -67.3%, delay -91.6%) but adds ramp delay at low demand (1A, 1B); authors recommend a volume activation threshold.",Sec. IV-B; Tables V-VI; Figs. 7-8 | Full-text source: IEEE Xplore full text (tables are images; values from text),HIGH,NO
S064,Zhu et al. 2024,2024,Improving Freeway Merging Efficiency via Flow-Level Coordination of Connected and Autonomous Vehicles,https://doi.org/10.1109/TITS.2023.3346832,[D],Cooperative merging / coordinated gap creation / ramp coordination,Congestion onset / breakdown,DIRECT,consistent_positive,cross-section speed contours (onset of congestion),microsimulation (VISSIM),"In the high-demand scenarios where uncontrolled merging triggers breakdowns that spread upstream, CoMC prevents the breakdown; at low demand neither case breaks down. Single-lane, all-CAV setting only.",Sec. IV-B; Fig. 9 | Full-text source: IEEE Xplore full text (tables are images; values from text),HIGH,NO
S064,Zhu et al. 2024,2024,Improving Freeway Merging Efficiency via Flow-Level Coordination of Connected and Autonomous Vehicles,https://doi.org/10.1109/TITS.2023.3346832,[D],Cooperative merging / coordinated gap creation / ramp coordination,Capacity drop,INDIRECT,,"overall merge-area throughput (2128.5 to 2269.5 veh/h, +6.6%, scenario 2C)",microsimulation (VISSIM),"Authors attribute the throughput gain to preventing breakdown and capacity drop, but no pre-breakdown vs queue-discharge comparison is made; throughput here is served flow, not an estimated capacity.",Sec. IV-B (final paragraphs) | Full-text source: IEEE Xplore full text (tables are images; values from text),HIGH,NO
S065,Chakraborty et al. 2021,2021,Freeway network design with exclusive lanes for automated vehicles under endogenous mobility demand,https://doi.org/10.1016/j.trc.2021.103440,[C],Routing / dynamic traffic assignment / managed-lane operation,Shifted / redistributed congestion,DIRECT,mixed,total system travel time; source-connector waiting time,"network/demand model (lane-based link transmission model, system-optimal DTA, logit AV/LV demand split); 27-km freeway test networks","Optimally placed AV-exclusive lanes cut TSTT by about 10% (max 12.7%), but in the multi-path network waiting time at one source connector rises by 43-56% while system travel time falls, i.e., delay is relocated. The study reports this relationship with system and connector delay, so it is coded DIRECT; its planning-level character is reflected in the [C] role, not in directness. [Final second-author adjudication: dedicated/reserved AV or CACC lane recoded to routing/DTA/managed-lane operation. Redistribution is now DIRECT (mixed): system travel time falls while waiting at one source connector rises 43-56%.]","Sec. 4 (Tables 3, 5-6, 10-11); Sec. 5 | Full-text source: arXiv author version 1912.07746 (via ar5iv HTML); ScienceDirect page blocked by bot check",MEDIUM,NO
S065,Chakraborty et al. 2021,2021,Freeway network design with exclusive lanes for automated vehicles under endogenous mobility demand,https://doi.org/10.1016/j.trc.2021.103440,[C],Routing / dynamic traffic assignment / managed-lane operation,Queue formation / discharge,INDIRECT,,waiting time of vehicles queued at source centroid connectors (on-ramps),network/demand model,"Largest travel-time reductions (up to 45-64%) occur in on-ramp entry queues, which the LTM represents as point queues; queue dynamics are a model output, not the object of analysis. [Final second-author adjudication: dedicated/reserved AV or CACC lane recoded to routing/DTA/managed-lane operation.]",Sec. 4; Tables 5-6 | Full-text source: arXiv author version 1912.07746 (via ar5iv HTML); ScienceDirect page blocked by bot check,MEDIUM,NO
S066,Kesting et al. 2010,2010,Enhanced intelligent driver model to access the impact of driving strategies on traffic capacity,https://doi.org/10.1098/rsta.2010.0084,[D],Speed harmonization / dynamic headway / bottleneck-inflow regulation,Congestion onset / breakdown,DIRECT,consistent_positive,"cumulative distribution of maximum free flow before breakdown (1000 runs), maximum free flow vs ACC share (+~7% at 20%, +16-21% at 50%)","microsimulation (enhanced IDM/ACC model, MOBIL lane changing), two-lane freeway with on-ramp, 0-50% traffic-adaptive ACC, 0-20% trucks",Traffic-state-adaptive ACC that shortens time gaps at bottlenecks shifts the breakdown-probability distribution to higher flows; maximum free flow before breakdown is estimated directly and rises roughly in proportion to ACC share (sensitivity ~0.3-0.4). Gain requires the time-gap reduction; higher acceleration alone does nothing.,Sec. 3; Sec. 4(a)(i)-(iii); Table 2; Figs. 6-8 | Full-text source: arXiv 0912.3613v1 author manuscript (publisher page blocked by bot check),HIGH,NO
S066,Kesting et al. 2010,2010,Enhanced intelligent driver model to access the impact of driving strategies on traffic capacity,https://doi.org/10.1098/rsta.2010.0084,[D],Speed harmonization / dynamic headway / bottleneck-inflow regulation,Queue formation / discharge,DIRECT,consistent_positive,dynamic capacity (jam outflow) vs ACC share (+12-16% at 50%),microsimulation,"Shorter gaps plus higher acceleration at the downstream jam front raise queue discharge, growing over-proportionally with ACC share; only relevant when both parameters are adapted.",Sec. 4(b)(i)-(ii); Figs. 9-10 | Full-text source: arXiv 0912.3613v1 author manuscript (publisher page blocked by bot check),HIGH,NO
S066,Kesting et al. 2010,2010,Enhanced intelligent driver model to access the impact of driving strategies on traffic capacity,https://doi.org/10.1098/rsta.2010.0084,[D],Speed harmonization / dynamic headway / bottleneck-inflow regulation,Capacity drop,INDIRECT,,free-flow capacity and dynamic capacity estimated separately; drop 5-15%,microsimulation,"Both pre-breakdown maximum flow and post-breakdown discharge are estimated and the drop is defined, but the paper does not report whether the drop magnitude shrinks with ACC share (at 50% ACC, free capacity rises more than discharge).",Sec. 4(b)(i) | Full-text source: arXiv 0912.3613v1 author manuscript (publisher page blocked by bot check),MEDIUM,NO
S067,Jiang et al. 2024,2024,Evaluation of Connected and Autonomous Vehicles for Congestion Mitigation: An Approach Based on the Congestion Patterns of Road Networks,https://doi.org/10.1061/JTEPBS.TEENG-8121,[D],Routing / dynamic traffic assignment / managed-lane operation,Shifted / redistributed congestion,DIRECT,strongly_conditional,"average delay and travel time (total, CAV, HDV) vs CAV penetration 0-100% (delay -46.7%, travel time -28.2% at 100%); sensitivity to inflow rate","microsimulation (SUMO/TraCI, Xi'an Second Ring Road network from OSM, congestion patterns mined from taxi GPS), CAVs routed system-optimally using congestion patterns with CACC car-following, HDVs UE routing with IDM, 5 seeds","Routing CAVs away from recurrently congested links lowers network delay and also benefits HDVs as penetration rises, but CAV delay rises between 10% and 30% penetration and a critical penetration (50-70%) appears at higher inflows. The comparison bundles routing with CACC car-following (shorter gaps, no noise), so the routing contribution to redistribution is not isolated.","Secs. ""Effect of CAV Penetration Rate"", ""Effect of Vehicle Inflow Rate""; Table 3; Figs. 4-7 | Full-text source: ASCE Library full text (UC Davis access)",MEDIUM,NO
S068,Kim et al. 2023,2023,Lane-changing control with balancing lane flow at freeway merge bottlenecks in a connected vehicle environment: Application of a PID controller,https://doi.org/10.1049/itr2.12412,[D],Lane assignment / lane-use control,Capacity drop,DIRECT,consistent_positive,"oblique cumulative counts (discharge-rate reduction at merge and upstream stations), bottleneck discharge flow, average travel time (-40% to -49% at demand 3), lane-flow imbalance","microsimulation (VISSIM, Wiedemann), 3-lane freeway on-ramp merge, connected human-driven vs CAV vs mixed (10-90%), 10 replications; plus calibrated Gyeongbu Expressway network (11% CAV)","Feedback lane-change recommendations that spread and limit upstream lane changes weaken or remove the post-breakdown drop in discharge seen without control; the real-world model shows higher, more stable discharge. Benefits are smaller in pure CAV traffic and at 30-70% CAV because CHVs struggle to insert ahead of CAVs, and near zero below capacity, but never reverse.","Sec. 4.2-4.5; Tables 2-4; Figs. 9, 11-15 | Full-text source: Wiley Online Library full text (open access)",HIGH,NO
S068,Kim et al. 2023,2023,Lane-changing control with balancing lane flow at freeway merge bottlenecks in a connected vehicle environment: Application of a PID controller,https://doi.org/10.1049/itr2.12412,[D],Lane assignment / lane-use control,Lane-changing friction,DIRECT,consistent_positive,"lane-change insertion-speed CDF, number and spatial distribution of lane changes, implementation rate: PID vs non-feedback vs no control",microsimulation (VISSIM),"Controlled lane changes happen earlier and at higher insertion speed; PID control halves induced lane changes compared with the non-feedback rule and delays inner-lane congestion by 30 min, supporting the disruptive-lane-change channel.",Sec. 4.2.1-4.2.2; Figs. 10-11 | Full-text source: Wiley Online Library full text (open access),MEDIUM,NO
S068,Kim et al. 2023,2023,Lane-changing control with balancing lane flow at freeway merge bottlenecks in a connected vehicle environment: Application of a PID controller,https://doi.org/10.1049/itr2.12412,[D],Lane assignment / lane-use control,Congestion onset / breakdown,DIRECT,consistent_positive,"inner-lane density time series (onset delayed ~30 min), congestion duration in real-world network",microsimulation (VISSIM),Breakdown onset is delayed and congestion clears about an hour earlier in the calibrated network under control.,"Sec. 4.2.2; Sec. 4.5; Figs. 11, 15 | Full-text source: Wiley Online Library full text (open access)",MEDIUM,NO
S069,Ma and He 2024,2024,Providing real-time en-route suggestions to CAVs for congestion mitigation: A two-way deep reinforcement learning approach,https://doi.org/10.1016/j.trb.2024.103014,[D],Routing / dynamic traffic assignment / managed-lane operation,Shifted / redistributed congestion,DIRECT,strongly_conditional,"system total travel time (Braess: from 74-80 NE range to 70 at system optimum), route flows by episode, average travel time per CAV (Nguyen-Dupuis, 10 runs)","network/demand model (Braess and Nguyen-Dupuis networks, triangular-FD link travel times, 100% self-learning CAVs); multi-agent deep Q-learning for CAV routing + actor-critic information provider","Correlated route suggestions shift CAV route flows from a Nash/user-equilibrium pattern toward the system optimum, lowering total travel time without raising expected individual travel time. The result depends on the size of the additional reward for following suggestions: small rewards can make learning worse than no information provider, and periodic exploration tuning can help or hurt.",Sec. 6.1-6.3; Figs. 8-16 | Full-text source: ScienceDirect full text (UC Davis access),HIGH,NO
S070,Tajdari et al. 2022,2022,Feedback-Based Ramp Metering and Lane-Changing Control With Connected and Automated Vehicles,https://doi.org/10.1109/TITS.2020.3018873,[D],Lane assignment / lane-use control,Congestion onset / breakdown,DIRECT,consistent_positive,"TTS (-26.6% at full compliance; -18% with off-ramp), per-lane density contours, on-ramp queue, vs no control and ALINEA","macroscopic simulation (two-lane first-order multi-lane CTM with capacity drop from overcritical density and lateral inflow), CAV share of lane changes 10-100%; LQI feedback + extremum seeking; infrastructure ramp metering","Lane-change commands to CAVs plus ramp metering hold each lane at its critical density, eliminating merge congestion; ALINEA alone keeps total but not per-lane density critical, giving lower throughput and longer ramp queues, which isolates the lane-control contribution. TTS changes little at lower penetration. Ramp queues are unbounded in the experiments.","Sec. VI.A-F; Table II; Figs. 5, 9-14 | Full-text source: IEEE Xplore full text",MEDIUM,NO
S070,Tajdari et al. 2022,2022,Feedback-Based Ramp Metering and Lane-Changing Control With Connected and Automated Vehicles,https://doi.org/10.1109/TITS.2020.3018873,[D],Lane assignment / lane-use control,Lane-changing friction,INDIRECT,,"number of lane changes, TTS with/without activation logic",macroscopic simulation,"Capacity loss from entering lateral flow is built into the model; activation logic cuts controlled lane changes with small TTS change. Friction is modelled, not estimated.",Sec. V.A; Sec. VI.C; Table II | Full-text source: IEEE Xplore full text,MEDIUM,NO
S070,Tajdari et al. 2022,2022,Feedback-Based Ramp Metering and Lane-Changing Control With Connected and Automated Vehicles,https://doi.org/10.1109/TITS.2020.3018873,[D],Lane assignment / lane-use control,Capacity drop,INDIRECT,,per-lane density at bottleneck; TTS,macroscopic simulation,Capacity drop is an exogenous model feature avoided by keeping densities critical; no pre-/post-breakdown discharge comparison.,Sec. V.A; Sec. VI.A-B | Full-text source: IEEE Xplore full text,MEDIUM,NO
S071,Daiquan Xiao 2022,2022,Reinforcement learning based mainline dynamic speed limit adjustment of expressway off-ramp upstream under connected and autonomous vehicles environment,https://doi.org/10.1049/itr2.12225,[M],Speed harmonization / dynamic headway / bottleneck-inflow regulation,Physical spillback,DIRECT,consistent_positive,"off-ramp queue length, mainline travel-time peaks caused by off-ramp queue overflow, total travel time (-32.8%), delay","microsimulation (VISSIM + Python), 2-lane expressway with single-lane off-ramp feeding a signalised intersection, Wuhan peak demand, single scenario; infrastructure VSL learned by Q-learning","Q-learning mainline speed limits cut the off-ramp queue and remove two of three mainline travel-time peaks from queue overflow, with queues clearing ~10 min earlier; spillover is not fully eliminated because exit demand exceeds ramp capacity. The paper is framed as a CAV environment but no CAV share or CAV behaviour is described in the simulation. [Evidence role recoded from corpus [D] to [M] after author-review resolution.] [Revised in the ambiguity-resolution pass; see ambiguity_resolutions_and_differences.csv.]",Sec. 5.2-5.3; Table 2; Figs. 8-10 | Full-text source: Wiley Online Library full text (open access),MEDIUM,NO
S071,Daiquan Xiao 2022,2022,Reinforcement learning based mainline dynamic speed limit adjustment of expressway off-ramp upstream under connected and autonomous vehicles environment,https://doi.org/10.1049/itr2.12225,[M],Speed harmonization / dynamic headway / bottleneck-inflow regulation,Queue formation / discharge,DIRECT,consistent_positive,off-ramp queue length and time of maximum/dispersal,microsimulation (VISSIM),Queue peak is delayed by 20 min and dissipates 10 min earlier than without control; rule-based VSL lags the RL version. [Evidence role recoded from corpus [D] to [M] after author-review resolution.] [Revised in the ambiguity-resolution pass; see ambiguity_resolutions_and_differences.csv.],Sec. 5.3; Figs. 8-9 | Full-text source: Wiley Online Library full text (open access),MEDIUM,NO
