Source IDs,Source,Citation key,Year,Title,Authors,Journal/Venue,DOI/stable URL,Cit/yr,Study type,Setting / facility,AV/CAV technology,Primary theme,Theme flags,Relevance tier,Control dimension / method,Metrics / congestion mechanism,Lane-changing modeled?,Routing modeled?,Finding / note from upload,Limitations / caveats from upload,Citation detail flags,Deduplication status,Control dimension (standardized),Control method (standardized),Traffic setting (standardized),AV/CAV technology (standardized),Congestion mechanism (standardized),Evaluation metrics (standardized),DOI status,Row audit notes
Undermind #1,Undermind catalog,Siwen Yang 2025,2025,Valve Fleets: A Novel Control Method for Mixed Traffic Flow Regulation With Applications in Bottleneck Segments,"Siwen Yang, Yunwen Xu, and Dewei Li",IEEE Transactions on Intelligent Transportation Systems,https://doi.org/10.1109/TITS.2025.3608730,,Analytical/modeling + microscopic simulation,freeway bottleneck; freeway segment/corridor,CAV; mixed traffic,Direct bottleneck/congestion mitigation,Direct bottleneck/congestion mitigation; Longitudinal control; MPC/optimal control; Mobile actuator control,Tier 1,Hierarchical traffic flow optimization and decentralized MPC,Total travel time; average travel speed; congestion length; bottleneck throughput; local congestion,Yes,No,Yang 2025 proposed valve fleets as multi-lane CAV mobile actuators with controllable speed and structural spacing in freeway bottleneck mixed traffic. SUMO experiments showed lower total travel time and congestion length plus higher average travel speed than no control and platoon-based control but the method depends on ideal V2V and V2I communication and simulated validation.,Simulation-only evidence; assumes ideal V2V and V2I communication; uses valve fleet entry frequency as proxy for CAV penetration; CAV clustering and fleet formation are left for future work.,Study details verified; DOI present,Kept / merged unique record,Longitudinal,Optimization/optimal control; MPC; Mobile actuator control,freeway bottleneck; freeway segment/corridor,CAV; mixed traffic,Bottleneck activation/throughput; Capacity drop; Queueing/delay; Stop-and-go waves,total travel time; average travel speed; congestion length; bottleneck throughput,present,Study details verified; coding includes MCTM and hierarchical MPC details plus SUMO metrics
Undermind #2; Perplexity table P13; Perplexity bibliography,Undermind catalog; Perplexity selected table; Perplexity bibliography,Eugene Vinitsky 2018,2018,Lagrangian Control through Deep-RL: Applications to Bottleneck Decongestion,"Eugene Vinitsky, Kanaad Parvate, Aboudy Kreidieh, Cathy Wu, and Alexandre Bayen",2018 21st International Conference on Intelligent Transportation Systems (ITSC),https://doi.org/10.1109/ITSC.2018.8569615,13,Microscopic simulation with deep RL,Multi-stage freeway bottleneck,AV,Direct bottleneck/congestion mitigation,Direct bottleneck/congestion mitigation; Longitudinal control; RL/MARL,Tier 1,Deep RL Lagrangian speed control,Bottleneck outflow; inflow-outflow curve; capacity drop; comparison with feedback ramp metering,No,No,Vinitsky 2018 used deep reinforcement learning for Lagrangian longitudinal control of AVs in a simulated two-stage freeway bottleneck modeled after the San Francisco-Oakland Bay Bridge. With 10 percent AV penetration the controller stabilized bottleneck outflow near 1000 veh/h and improved high-inflow throughput by about 200 veh/h or 25 percent but lane-changing was disabled and field validation was not provided.,Simulation-only evidence; lane-changing disabled; centralized controller; simplified Bay Bridge bottleneck; performance under lane-changing and lower AV penetration left for future work.,Study details verified; DOI present,Retained after duplicate merge,Longitudinal,RL/MARL; Lagrangian control; Variable-speed control,Multi-stage freeway bottleneck,AV,Bottleneck activation/throughput; Capacity drop; Queueing/delay,throughput/capacity; bottleneck outflow; inflow-outflow curve; delay/travel time/queue,present,merged duplicate metadata; Study details verified; standardized coding updated
Undermind #3,Undermind catalog,Danjue Chen 2021,2021,Harnessing connected and automated vehicle technologies to control lane changes at freeway merge bottlenecks in mixed traffic,"Danjue Chen, Anupam Srivastava, and Soyoung Ahn",Transportation Research Part C: Emerging Technologies,https://doi.org/10.1016/j.trc.2020.102950,8.8,Analytical/modeling + numerical analysis,merge/merging area; freeway bottleneck; freeway segment/corridor,CAV; mixed traffic,Direct bottleneck/congestion mitigation,Direct bottleneck/congestion mitigation; Lateral/lane-changing control; Cooperative merging/platooning; Foundational theory,Tier 1,Lane-changing control with gap closure and batch lane-changing and gap redistribution,Bottleneck throughput; unutilized capacity; lane-change voids; speed disturbance propagation,Yes,No/unclear,Chen 2021 proposed three CAV-enabled lane-changing controls at freeway merge bottlenecks including gap closure batch lane-changing and gap redistribution. The analytical and numerical results showed that combinations such as batch lane-changing plus gap redistribution can reduce lane-change voids and improve bottleneck throughput but the framework relies on simplified car-following assumptions and mostly theoretical numerical evaluation.,Analytical and numerical evidence only; assumes simplified Newell car-following and deterministic elements; initially considers one mainline lane; stochasticity and multi-lane complications require future research.,Study details verified; DOI present,Kept / merged unique record,Lateral/merging,Traffic-flow modeling; Cooperative merging control; Gap management,merge/merging area; freeway bottleneck; freeway segment/corridor,CAV; mixed traffic,Lane-changing friction / gaps; Capacity drop; Bottleneck activation/throughput; Stop-and-go waves,throughput/capacity; unutilized capacity; speed/stability; string stability/wave damping,present,Study details verified and authors plus venue plus mechanisms corrected
Undermind #4,Undermind catalog,Yu Du 2023,2023,Adaptive Control with Moving Actuators at Motorway Bottlenecks with Connected and Automated Vehicles,"Yu Du, Michail A. Makridis, Chris M.J. Tampère, Anastasios Kouvelas, and Wei ShangGuan",Transportation Research Part C: Emerging Technologies,https://doi.org/10.1016/j.trc.2023.104319,11,Microsimulation and control design,motorway bottleneck; freeway segment/corridor; off-ramp or lane-choice bottleneck; on-ramp extension discussed,CAV; mixed HDV-CAV,Direct bottleneck/congestion mitigation,Direct bottleneck/congestion mitigation; Longitudinal control; Speed harmonization; Mixed traffic control,Tier 1,Moving-actuator CAV speed control with LQR feedback and FD-based activation,Bottleneck density control and throughput improvement measured by density flow speed delay stop time queue length and lane-changing distribution,Yes,No/unclear,Du et al. 2023 proposed adaptive speed control using CAVs as moving actuators upstream of motorway bottlenecks in mixed traffic. The Aimsun Antwerp case study found lower density and delay plus higher speed and flow even at low CAV penetration rates with rush-hour delay reductions around 18 to 26 percent in the region of interest when penetration exceeded 20 percent.,Simulation-only evidence from one Antwerp case. Low penetration reduces actuator availability. Extra lane changes may create uncertainty. Lane-change plus speed control and interacting bottlenecks are left for future work.,Bibliographic details verified,Kept / merged unique record,Longitudinal,Feedback/control-theoretic; LQR; Moving-actuator speed control; FD-based activation,motorway bottleneck; freeway segment/corridor,CAV; mixed HDV-CAV,Bottleneck activation/throughput; spillback; lane-changing friction,throughput/capacity; delay/travel time/queue; speed/stability; density/occupancy,DOI verified,"Venue, comparator, and Antwerp operating context verified."
Undermind #5,Undermind catalog,Ha 2023,2023,Leveraging vehicle connectivity and autonomy for highway bottleneck congestion mitigation using reinforcement learning,"Paul Young Joun Ha, Sikai Chen, Jiqian Dong, and Samuel Labi",Transportmetrica A: Transport Science,https://doi.org/10.1080/23249935.2023.2215338,8.2,Microsimulation and reinforcement learning,highway bottleneck; lane-drop bottleneck; mixed traffic corridor,CAV; mixed HDV-CAV,Direct bottleneck/congestion mitigation,Direct bottleneck/congestion mitigation; Longitudinal control; RL/MARL; Speed harmonization,Tier 1,Graph-based DDPG CAV speed harmonization,Bottleneck congestion and speed harmonization measured by throughput outflow rate speed standard deviation average speed reward and time-space speed heatmaps,Yes,No/unclear,Ha et al. 2023 trained CAVs with graph convolution and DDPG to harmonize speeds at highway lane-drop bottlenecks in mixed traffic. SUMO experiments showed that small CAV fleets improved bottleneck throughput and reduced speed variation relative to car-following baselines and generally outperformed VSL despite the VSL assuming full human-driver compliance.,Simulation-only evidence. Communication latency was assumed zero. CAV lane-changing was not used as a control action. Generalisability across car-following models and real deployment incentives require further study.,published DOI present; Study details verified,Kept / merged unique record,Longitudinal,RL/MARL; DDPG; Graph neural network; Speed harmonization,highway bottleneck; lane-drop bottleneck; mixed traffic corridor,CAV; mixed HDV-CAV,Bottleneck activation/throughput; speed oscillations; shockwave formation,throughput/capacity; speed/stability; delay/travel time/queue,DOI verified,Study details verified. Article published online in 2023 and appears in 2025 volume
Undermind #6,Undermind catalog,Hu 2019,2019,Trajectory optimization of connected and autonomous vehicles at a multilane freeway merging area,Xiangwang Hu and Jian Sun,Transportation Research Part C: Emerging Technologies,https://doi.org/10.1016/j.trc.2019.02.016,25,Microsimulation and trajectory optimization,multilane freeway merging area; on-ramp merge; freeway bottleneck,CAV,Direct bottleneck/congestion mitigation,Direct bottleneck/congestion mitigation; Longitudinal control; Lateral/lane-changing control; Cooperative merging/platooning,Tier 1,Integrated cooperative lane-changing control and cooperative merging control trajectory optimization,Merging bottleneck delay and lane imbalance measured by total delay time average travel speed and downstream lane imbalance factor,Yes,No/unclear,Hu and Sun 2019 developed an online trajectory optimization framework combining Cooperative Lane Changing Control and Cooperative Merging Control for a multilane freeway on-ramp bottleneck in a CAV environment. VISSIM-MATLAB experiments showed that integrated CLCC plus CMC reduced total delay by up to 57.5 percent compared with CMC alone and improved average speed by up to 7.3 percent while balancing downstream lane flow.,Assumes a fully connected and autonomous merging area. Lane-changing decision and execution are separated and lane-changing vehicle selection is random. Comfort is not prioritized and results are simulation-only for a two-lane mainline case.,published DOI present; Study details verified,Kept / merged unique record,Lateral; Longitudinal; Cooperative,Optimization/optimal control; Trajectory optimization; Cooperative merging control,multilane freeway merging area; on-ramp merge; freeway bottleneck,CAV,Bottleneck activation/throughput; merging turbulence; lane-changing friction,delay/travel time/queue; speed/stability; density/occupancy,DOI verified,Study details verified and author name corrected to Xiangwang Hu
Undermind #7,Undermind catalog,A. Ghiasi 2019,2019,A mixed traffic speed harmonization model with connected autonomous vehicles,"A. Ghiasi, X. Li, and Jiaqi Ma",Transportation Research Part C: Emerging Technologies,https://doi.org/10.1016/j.trc.2019.05.005,25,Analytical/modeling + simulation,single-lane freeway bottleneck; freeway segment/corridor,CAV; CV; HV,Direct bottleneck/congestion mitigation,Direct bottleneck/congestion mitigation; Longitudinal control; Speed harmonization; Stop-and-go wave damping,Tier 1,CAV trajectory smoothing; speed harmonization,throughput; speed variation; fuel consumption; surrogate safety; stop-and-go oscillations; bottleneck queue,No,No,Ghiasi et al. 2019 proposed CAV trajectory smoothing for mixed HV-CV-CAV freeway traffic near a bottleneck. The simulations showed smoother trajectories and improvements in throughput speed variation fuel consumption and surrogate safety by damping backward deceleration waves.,Simulation-only evidence with stochastic car-following; developed mainly for a single-lane freeway without lane changing or overtaking; multi-lane extension and real-world trajectory validation remain future work,Bibliographic details verified,Kept / merged unique record,Longitudinal,Trajectory optimization; speed harmonization; prediction-based control,freeway bottleneck; freeway segment/corridor,CAV; CV; HV,Stop-and-go waves / flow stability; Bottleneck activation/throughput,throughput/capacity; speed/stability; fuel/emissions/energy; safety surrogate,present,Comparator and single-lane bottleneck setting verified.
Undermind #8,Undermind catalog,M. Karimi 2020,2020,Cooperative merging control via trajectory optimization in mixed vehicular traffic,"M. Karimi, C. Roncoli, C. Alecsandru, and M. Papageorgiou",Transportation Research Part C: Emerging Technologies,https://doi.org/10.1016/j.trc.2020.102663,21,Analytical/modeling + simulation,on-ramp merge; merge/merging area; freeway bottleneck,CAV; conventional vehicles,Direct bottleneck/congestion mitigation,Direct bottleneck/congestion mitigation; Cooperative merging/platooning; Longitudinal control,Tier 1,Cooperative CAV trajectory optimization; MPC,desired lead and lag gaps; speed tracking; acceleration; jerk; safety and comfort constraints; merging delay avoidance,Yes,No,Karimi et al. 2020 developed cooperative MPC-based trajectory optimization for six mixed CAV-conventional triplet scenarios at highway merging areas. The simulations showed efficient and smooth merging maneuvers that satisfied safety and comfort constraints and avoided stopping at the end of the acceleration lane.,Simulation-only lower-level controller; merging sequence assumed from a higher level; continuous mixed-flow evaluation across penetration rates not included; human-driver behavior cannot be fully guaranteed and triplet failure remains possible,Bibliographic details verified,Kept / merged unique record,Cooperative; Longitudinal,MPC; Optimization/optimal control,on-ramp merge; merge/merging area; freeway bottleneck,CAV; AV,Merging turbulence; Lane-changing friction / gaps; Bottleneck activation/throughput,speed/stability; safety surrogate; comfort; merging success,present,Mixed-traffic triplet scenarios and no-control trajectory reference verified.
Undermind #9,Undermind catalog,Tajdari et al. 2022,2022,Feedback-Based Ramp Metering and Lane-Changing Control With Connected and Automated Vehicles,"Farzam Tajdari, C. Roncoli, and M. Papageorgiou","IEEE Transactions on Intelligent Transportation Systems, 23(2), 939-951",https://doi.org/10.1109/TITS.2020.3018873,10,Analytical/modeling + macroscopic simulation,on-ramp merge; motorway bottleneck; multi-lane freeway segment,AV; CAV; CV,Direct bottleneck/congestion mitigation,Direct bottleneck/congestion mitigation; Lateral/lane-changing control; Ramp metering; Feedback control,Tier 1,Integrated ramp metering and lane-changing feedback control,TTS; bottleneck density; throughput; on-ramp queue; number of lane changes; capacity drop,Yes,No,Tajdari et al. 2020 proposed integrated lane-changing and ramp-metering control using an LQI feedback regulator with extremum-seeking set-point tuning. Macroscopic simulations with capacity drop showed congestion elimination and about 26 percent TTS improvement without activation logic and about 23 percent with activation logic.,Simulation-only evidence using a first-order multi-lane macroscopic model; experiments assume exact density measurements; ramp queue was not upper-bounded; field validation and richer behavioral uncertainty are not addressed,Study details verified,Kept / merged unique record,Lateral; Ramp control,Feedback/control-theoretic; LQI/LQR; Ramp metering; Extremum seeking,on-ramp merge; freeway bottleneck; freeway segment/corridor,AV; CAV; CV,Bottleneck activation/throughput; Capacity drop; Lane-changing friction / gaps,throughput/capacity; TTS/travel time; queue length; lane changes,present,The study confirms integrated controller metrics and reported TTS improvements; Final relevance review promoted this verified Tier-1 record into retained corpus; publication year corrected to volume-of-record year 2022.
Undermind #10,Undermind catalog,Zhu et al. 2024,2024,Improving Freeway Merging Efficiency via Flow-Level Coordination of Connected and Autonomous Vehicles,"Jie Zhu, Liang Wang, Ivana Tasic, and Xiaobo Qu",IEEE Transactions on Intelligent Transportation Systems,https://doi.org/10.1109/TITS.2023.3346832,3.8,Analytical/modeling + microscopic simulation,freeway on-ramp merge; single-lane freeway bottleneck,CAV,Direct bottleneck/congestion mitigation,Direct bottleneck/congestion mitigation; Lateral/lane-changing control; Cooperative merging/platooning,Tier 1,Flow-level coordinative merging control with proactive gap creation and ramp platoon formation,travel time; delay; throughput; speed contour; traffic breakdown; capacity drop; merging disturbance,Yes,No,Zhu et al. 2024 proposed CoMC for freeway on-ramp bottlenecks using proactive mainline gap creation and ramp platoon formation. The study found that CoMC prevented recurrent congestion under high demand and increased throughput by about 6.6% in the critical scenario while reducing overall travel time by 67.3% and delay by 91.6%.,Simulation-only evidence; assumes 100% CAV penetration; single-lane freeway setup; ignores free lane changes on the main road; not applicable after traffic has already broken down to low-speed stop-and-go conditions.,Study details verified,Kept / merged unique record,Lateral; Cooperative,Optimization/control; proactive gap creation; platoon merging,freeway on-ramp merge; freeway bottleneck,CAV,Bottleneck activation/throughput; Capacity drop; Lane-changing friction / gaps; Traffic breakdown,travel time; delay; throughput; speed contour,present,The study supports Tier 1 classification; update year to 2024 based on journal publication while DOI remains 2023.
Undermind #11,Undermind catalog,Ko et al. 2020,2020,Speed harmonisation and merge control using connected automated vehicles on a highway lane closure: a reinforcement learning approach,"Byungjin Ko, Seunghan Ryu, Byungkyu Brian Park, and Sang Hyuk Son",IET Intelligent Transport Systems,https://doi.org/10.1049/iet-its.2019.0709,3.3,RL simulation/benchmark,highway lane closure; merge control zone; speed harmonization zone; mixed traffic,CAV; connected human-driven vehicles; non-connected human-driven vehicles,Direct bottleneck/congestion mitigation,Direct bottleneck/congestion mitigation; Longitudinal control; Lateral/lane-changing control; Cooperative merging/platooning; RL/MARL,Tier 1,Deep Q-network speed harmonization and merge control using homogeneous team learning,throughput; fuel consumption; stop-and-go trajectories; lane-closure bottleneck congestion,Yes,No,Ko et al. 2020 trained CAVs with DQN for combined speed harmonization and merge control at a two-lane highway lane-closure bottleneck. The study found that the method improved mixed traffic flow by increasing throughput up to 30% and reducing fuel consumption up to 20% compared with late merge control without speed harmonization.,Simulation-only evidence; limited to a two-lane lane-closure scenario; throughput and fuel objectives showed a trade-off; the study did not compare alternative deep RL variants such as double DQN or dueling DQN.,Study details verified,Kept / merged unique record,Longitudinal; Lateral,RL/MARL; DQN; speed harmonization; merge control,highway lane closure bottleneck; merge area,CAV in mixed traffic,Bottleneck activation/throughput; Lane-changing friction / gaps; Stop-and-go waves,throughput; fuel consumption; trajectories,present,The study supports Tier 1 because CAVs act as traffic-control agents for lane-closure bottleneck decongestion.
Undermind #12; Undermind #148,Undermind catalog,An et al. 2023,2023,Speed Harmonization for Partially Connected and Automated Traffic,"Lianhua An, Xianfeng Yang, Dong-Kyu Kim, Jia Hu, Guan Wang, and Zhigang Xu",IEEE Transactions on Intelligent Transportation Systems,https://doi.org/10.1109/TITS.2023.3287336,0.8,Analytical/control design + microscopic simulation,multi-lane freeway segment; on-ramp bottleneck case study,CAV; HV; partially connected and automated traffic,Longitudinal control,Longitudinal control; Direct bottleneck/congestion mitigation,Tier 1,Feedback-linearization speed harmonization with PID control of CAV desired cruising speed,control accuracy; settling time; flow rate; cumulative delay; stops; capacity drop; breakdown prevention,No/unclear,No,An et al. 2023 proposed a speed harmonization controller that regulates total traffic flow by adjusting only CAV target cruising speeds in partially connected automated traffic. The study reported over 80% control accuracy and showed that bottleneck control increased flow rate by about 6% reduced stops by up to 90% and reduced delay by about 5% by preventing breakdown and capacity drop.,Simulation-only evidence; performance degrades for target demand drops above 20%; relies on traffic-state measurement and density estimates; benchmark is no-control rather than a broad set of competing controllers.,Study details verified,Kept / merged unique record,Longitudinal,Feedback linearization; PID; speed harmonization,multi-lane freeway; on-ramp bottleneck,CAV in mixed traffic,Capacity drop; Bottleneck activation/throughput; Traffic breakdown; Stop-and-go waves,control accuracy; settling time; flow rate; cumulative delay; stops,present,The study supports Tier 1 because the controller directly targets demand regulation and capacity-drop prevention using partial CAV penetration.
Undermind #13,Undermind catalog,M. Ramezani 2019,2019,Lane density optimisation of automated vehicles for highway congestion control,Mohsen Ramezani and Eric Ye,Transportmetrica B: Transport Dynamics,https://doi.org/10.1080/21680566.2019.1568925,5.6,Optimization/modeling + microsimulation,on-ramp merge; freeway bottleneck; highway segment/corridor; multiple-ramp freeway network,AV,Direct bottleneck/congestion mitigation,Direct bottleneck/congestion mitigation; Lateral/lane-changing control; Cooperative merging/platooning,Tier 1,Lateral lane-changing control; lane density optimization; lane-change advisory,on-ramp bottleneck; congestion onset delay; capacity drop mitigation; total travel time; travel time variation; lane density; ramp queues,Yes,No/unclear,Ramezani and Ye 2019 developed a two-level AV lane-changing control strategy with proactive lane density optimization upstream of merges and reactive merge-conflict avoidance near the bottleneck. Microsimulation showed reduced total travel time and travel time variation by delaying congestion onset and mitigating capacity drop with strong performance at moderate to high AV penetration but weaker performance when demand exceeded enhanced capacity.,Simulation-only evidence; AV and conventional vehicle car-following were parameterized similarly to isolate lateral-control effects; field validation and real mixed-traffic behavioral data were not available; performance declines at very high demand and may require integration with ramp metering.,Study details verified,Kept / merged unique record,Lateral,Optimization/optimal control; Rule-based advisory,on-ramp merge; freeway bottleneck; highway segment/corridor; network,AV,Congestion onset; Capacity drop; Lane-changing friction / merging turbulence; Bottleneck activation/throughput,total travel time; travel time variation; lane density; ramp queue length; lane changes; throughput/capacity,present,Study details verified; DOI present; study type and control method revised from needs verification
Undermind #14,Undermind catalog,Sungyong Chung 2024,2024,Gap setting control strategy for connected and automated vehicles in freeway lane-drop bottlenecks,"Sungyong Chung, Dongju Ka, Yongju Kim, and Chungwon Lee",IET Intelligent Transport Systems,https://doi.org/10.1049/itr2.12538,1.7,Simulation,freeway lane-drop bottleneck; freeway segment/corridor; real-world freeway network,ACC; CAV; AV,Direct bottleneck/congestion mitigation,Direct bottleneck/congestion mitigation; Longitudinal control; Lateral/lane-changing effects; Negative or mixed effects,Tier 1,Longitudinal gap-setting control; PID occupancy feedback; merging support with new gap setting,lane-drop bottleneck; capacity drop; bottleneck occupancy control; mandatory lane-changing conflicts; throughput; travel time; delay; stops; conflicts,Yes,No/unclear,Chung et al. 2024 proposed inflow control and combined control that adjust CAV/ACC gap settings at lane-drop bottlenecks using PID occupancy feedback and a new merging-oriented gap setting. VISSIM simulations showed lower travel time delay stops and conflicts while maintaining high throughput with stronger benefits at higher CAV market penetration rates and a 9.7% average travel-time reduction in a calibrated real-world network scenario.,Simulation-based evidence only; lateral behavior of CAVs was assumed similar to HDVs; only selected commercial AV gap settings were calibrated; effectiveness depends on CAV penetration and driver compliance when implemented through VMS; field tests are still needed.,Study details verified,Kept / merged unique record,Longitudinal; Lateral support,PID feedback/control-theoretic; Gap-setting control,freeway bottleneck; freeway segment/corridor,ACC; CAV; AV,Capacity drop; Bottleneck activation/throughput; Lane-changing friction / gaps; Queue formation/discharge,travel time; delay; number of stops; conflicts; throughput; density/occupancy; market penetration sensitivity,present,Study details verified; DOI present; control dimension revised from needs verification to longitudinal gap-setting control with lateral merging effects
Undermind #15,Undermind catalog,Yu Han 2021,2021,A linear Lagrangian model predictive controller of macro- and micro- variable speed limits to eliminate freeway jam waves,"Yu Han, Meng Wang, Ziang He, Zhibin Li, Hao Wang, and Pan Liu",Transportation Research Part C: Emerging Technologies,https://doi.org/10.1016/j.trc.2021.103121,11,Analytical/modeling + microscopic simulation,freeway segment/corridor; single-lane freeway; synthetic freeway stretch,CAV; connected vehicles,Direct bottleneck/congestion mitigation,Foundational theory; Direct bottleneck/congestion mitigation; Longitudinal control; Cooperative mobile actuators,Tier 1,Longitudinal speed control; hierarchical VSL; MPC,freeway jam waves; stop-and-go waves; capacity drop; total time spent; total travel distance; speed and flow contours; throughput; wave dissipation,No/unclear,No/unclear,Han et al. 2021 developed a linear MPC for variable speed limits based on a discrete Lagrangian LWR model and extended it to a hierarchical CAV-actuated speed-control framework. Microscopic simulations showed that the MPC resolved freeway jam waves and reduced total time spent by 7.3% in VISSIM and by about 9.0% to 10.3% with 5% CAVs acting as mobile actuators in the hierarchical test.,Simulation-only validation; experiments used synthetic freeway settings and model-calibrated scenarios; hierarchical CAV test used a single-lane simulator with IDM+ human drivers; no field deployment and robustness to broader networks remains to be verified.,Bibliographic details verified,Kept / merged unique record,Longitudinal,MPC; VSL/speed control; Hierarchical control,freeway segment/corridor,CAV; CV,Stop-and-go waves / jam waves; Capacity drop; Bottleneck activation/throughput; Flow stability,total time spent; total travel distance; speed and flow contours; throughput; speed/stability; wave damping,present,Freeway-stretch and lane-closure test settings verified.
Undermind #16,Undermind catalog,Jintao Lai 2025,2025,A Multi-Centralized Strategy for Trajectory-Based Active Traffic Management With Cooperative Automation,"Jintao Lai, Zhen Zhang, Lianhua An, Shixingyue Hu, and Jia Hu",IEEE Transactions on Intelligent Transportation Systems,https://doi.org/10.1109/TITS.2025.3614981,not specified,Analytical/modeling + simulation,freeway bottleneck; lane-drop bottleneck; multi-segment freeway corridor,CAV,Direct bottleneck/congestion mitigation,Direct bottleneck/congestion mitigation; Longitudinal control; Lateral/lane-changing control; Cooperative automation; Negative or mixed effects,Tier 1,Trajectory-based active traffic management using multi-centralized MILP control,bottleneck demand-capacity matching; flow-rate tracking; breakdown prevention; cruising discomfort; flow oscillation; impact range; computation time; lane-change smoothness,Yes,No,Lai et al. 2025 proposed a multi-centralized trajectory-based traffic management strategy for CAVs on a freeway corridor with a downstream lane-drop bottleneck. The simulation showed faster and more precise demand-flow tracking than VSL with reductions up to 91.6% in convergence time and 53.0% in cruising discomfort and 66.1% in traffic-flow oscillation and 83.5% in impact range but the approach was simulation based and assumed full CAV control in the main scenario.,Simulation-based evidence; main scenario assumes all vehicles are CAVs; multi-centralized decomposition can produce suboptimal lane-change decisions at segment junctions; authors recommend avoiding segment junctions at high lane-change locations.,Study details verified,Kept / merged unique record,Longitudinal and lateral,Multi-centralized MILP trajectory optimization / flow regulation,freeway bottleneck; lane-drop bottleneck; multi-segment freeway corridor,CAV,Bottleneck activation/throughput; demand-capacity mismatch; traffic breakdown; flow oscillation; lane-changing friction,flow tracking error rate; tracking convergence time; vehicle cruising discomfort; traffic flow oscillation; impact range; computation time; lane-change smoothness,present,Study details verified and standardized
Undermind #17; Undermind #164,Undermind catalog,T. T. Phan 2020,2020,A Cooperative Space Distribution Method for Autonomous Vehicles at A Lane-Drop Bottleneck on Multi-Lane Freeways,"T. T. Phan, L. Le, and D. Ngoduy",IEEE Transactions on Intelligent Transportation Systems,https://doi.org/10.1109/TITS.2020.3040431,3.3,Analytical/modeling + simulation,lane-drop bottleneck; multi-lane freeway,AV,Direct bottleneck/congestion mitigation,Direct bottleneck/congestion mitigation; Lateral/lane-changing control; Longitudinal control; Cooperative merging/platooning,Tier 1,Cooperative space distribution method for AV trajectory and lane-change coordination,lane-drop throughput; safe-gap creation; queue and stopping vehicle reduction; average travel time; bottleneck efficiency,Yes,No,Phan et al. 2020 developed a cooperative space distribution method that divides the upstream lane-drop region into platoon acceleration and merging segments and controls AV velocity and position to create safe gaps. Simulations on a four-lane lane-drop bottleneck showed lower average travel time and fewer stopping vehicles than non-cooperative and cooperative velocity methods with CSDM efficiencies above 90% in tested scenarios but the evidence is simulation based and assumes AV-only cooperative control.,Simulation-only evaluation; assumes AVs can be centrally coordinated and communicate reliably; no mixed HDV-CAV behavior is modeled in the main experiments; field validation is not provided.,Study details verified,Kept / merged unique record,Longitudinal and lateral,Cooperative trajectory planning / space distribution / platoon-based lane-change control,lane-drop bottleneck; multi-lane freeway,AV,Bottleneck activation/throughput; capacity drop; queue formation; lane-changing friction / gaps,average travel time; number of stopping vehicles; average lane-changing velocity; efficiency; bottleneck throughput,present,Study details verified and standardized
Undermind #18,Undermind catalog,Hari Hara Sharan Nagalur Subraveti 2021,2021,On lane assignment of connected automated vehicles: strategies to improve traffic flow at diverge and weave bottlenecks,"Hari Hara Sharan Nagalur Subraveti, A. Srivastava, Soyoung Ahn, V. Knoop, and B. Arem",Transportation Research Part C: Emerging Technologies,https://doi.org/10.1016/j.trc.2021.103126,4.9,Analytical/modeling + simulation,diverge bottleneck; weave bottleneck; freeway bottleneck; mixed traffic,CAV; AV; HDV,Direct bottleneck/congestion mitigation,Direct bottleneck/congestion mitigation; Lateral/lane-changing control; Cooperative merging/platooning,Tier 1,Strategic CAV lane assignment upstream of diverge and weave bottlenecks,lane-changing friction; void creation; bottleneck throughput loss; throughput improvement; delay reduction; compensatory HDV behavior,Yes,No,Nagalur Subraveti et al. 2021 proposed destination-based CAV lane-assignment strategies for mixed traffic at diverge and weave bottlenecks to move disruptive lane changes upstream of the bottleneck. Analytical formulation and numerical simulations showed throughput gains of several percent and up to 7% in reported cases even at low to moderate CAV penetration but the approach relies on simplified lane-changing and compliance assumptions and simulation-based validation.,Simulation-based evidence; assumes controllable fully compliant CAVs and no communication latency; analytical design simplifies traffic dynamics; instantaneous lane-changing and simplified compensatory HDV behavior are used in simulations.,Study details verified,Kept / merged unique record,Lateral,Strategic lane assignment / destination-based CAV lane-use control,diverge bottleneck; weave bottleneck; freeway bottleneck; mixed traffic,CAV; AV; HDV,Bottleneck activation/throughput; lane-changing friction / gaps; capacity drop; void creation,throughput; delay; lane-change counts; CAV penetration rate; exit flow; merge flow; compensation rate,present,Study details verified and standardized
Undermind #19; Perplexity table P12,Undermind catalog; Perplexity selected table,Lin Xiao 2018,2018,Unravelling effects of cooperative adaptive cruise control deactivation on traffic flow characteristics at merging bottlenecks,"Lin Xiao, Meng Wang, Wouter Schakel, and Bart van Arem",Transportation Research Part C: Emerging Technologies,https://doi.org/10.1016/j.trc.2018.10.008,27,Analytical/modeling + microscopic simulation,merge/merging area; freeway bottleneck; highway segment/corridor,CACC; ACC; AV,Direct bottleneck/congestion mitigation,Direct bottleneck/congestion mitigation; Longitudinal control; Cooperative merging/platooning; Negative or mixed effects,Tier 1,Rule-based CACC with ACC/manual deactivation and reactivation logic,merging capacity; queue discharge flow; capacity drop; flow-density relation; CACC operation ratio; flow heterogeneity,Yes,No/unclear,Xiao et al. 2018 studied CACC operation with deactivation to ACC or manual driving at a freeway merging bottleneck using microscopic simulation. The study found that higher CACC market penetration increased roadway and merging capacity but merging capacity remained below pipeline capacity and capacity drop persisted at all CACC levels due to deactivation and mode-switching effects.,"Simulation-based evidence using modeled CACC behavior and assumptions about deactivation, reactivation, time gaps, string length, communication, and lane-changing behavior; field validation of bottleneck impacts was not provided.",Study details verified,Retained after duplicate merge,Longitudinal; Lateral/merging; Cooperative,ACC/CACC with authority transition logic; microscopic simulation,merge/merging area; freeway bottleneck; highway segment/corridor,CACC; ACC; AV,Capacity drop; bottleneck throughput loss; merging turbulence; flow heterogeneity,merging capacity; queue discharge flow; theoretical capacity; pipeline capacity; capacity drop; flow-density curves; speed-density curves; CACC operation ratio,DOI verified,"Standardized from the published study: full authors, simulation design, metrics, findings, and limitations"
Undermind #20,Undermind catalog,Han Wang 2025,2025,Hierarchical Speed Planner for Automated Vehicles: A Framework for Lagrangian Variable Speed Limit in Mixed-Autonomy Traffic,"Han Wang, Zhe Fu, Jonathan W. Lee, Hossein Nick Zinat Matin, Arwa Alanqary, Daniel Urieli, Sharon Hornstein, Abdul Rahman Kreidieh, Raphael Chekroun, William Barbour, William A. Richardson, Dan Work, Benedetto Piccoli, Benjamin Seibold, Jonathan Sprinkle, Alexandre M. Bayen, and Maria Laura Delle Monache",IEEE Control Systems,https://doi.org/10.1109/MCS.2024.3499212,2.7,Analytical/modeling + simulation + field/operational test,freeway bottleneck; freeway segment/corridor; open-road freeway field test,AV; connected AV,Direct bottleneck/congestion mitigation,Direct bottleneck/congestion mitigation; Longitudinal control; Speed harmonization; RL/MARL; Field/experimental evidence,Tier 1,Hierarchical Lagrangian variable speed limit with server-side speed planner and vehicle-side controllers,bottleneck throughput; density; speed standard deviation; energy/fuel efficiency; traffic smoothing; congestion formation,No/unclear,No/unclear,"Wang et al. 2025 developed a hierarchical Lagrangian VSL speed planner for mixed-autonomy freeway traffic using traffic state estimation, kernel smoothing, and RL-based buffer design. Simulations reported a 5.01% bottleneck throughput increase and a 34.36% speed-standard-deviation reduction, while the open-road MegaVanderTest with 100 AVs showed density reductions around bottleneck congestion formation.","Simulation used a simplified single-lane bottleneck environment and field performance depended on driver engagement, latency, traffic-state estimation quality, and human acceptance; the article emphasizes that full potential requires broader technological and human-factor integration.",Study details verified,Kept / merged unique record,Longitudinal,Lagrangian VSL; hierarchical control; RL-based speed planner; TSE enhancement; kernel smoothing; buffer design,freeway bottleneck; freeway segment/corridor; open-road freeway field test,AV; connected AV,Bottleneck congestion formation; shockwave propagation; density concentration; traffic smoothing,bottleneck throughput; upstream density; speed standard deviation; MPG; fuel consumption; VMT; average speed; density reduction,DOI verified,Updated year and venue from the published study; current version is 2025 IEEE Control Systems with DOI 10.1109/MCS.2024.3499212
Undermind #21,Undermind catalog,Bernat Goñi-Ros 2019,2019,Using advanced adaptive cruise control systems to reduce congestion at sags: An evaluation based on microscopic traffic simulation,"Bernat Goñi-Ros, Wouter J. Schakel, Alexandros E. Papacharalampous, Meng Wang, Victor L. Knoop, Ichiro Sakata, Bart van Arem, and Serge P. Hoogendoorn",Transportation Research Part C: Emerging Technologies,https://doi.org/10.1016/j.trc.2019.02.021,7.6,Microscopic traffic simulation,sag curve; freeway bottleneck; freeway segment/corridor,ACC; C-ACC,Direct bottleneck/congestion mitigation,Direct bottleneck/congestion mitigation; Longitudinal control; Cooperative merging/platooning,Tier 1,"Basic ACC, traffic-state-adaptive ACC, and cooperative ACC controllers",average travel time; average vehicle delay; queue discharge capacity; sag capacity; maximum queue length; congestion prevention,Yes,No/unclear,"Goñi-Ros et al. 2019 evaluated basic ACC, traffic-state-adaptive ACC, and cooperative ACC for congestion mitigation at freeway sags using microscopic simulation. The study found that congestion decreased as ACC penetration increased, that high B-ACC penetration could prevent sag congestion, and that TSA-ACC and C-ACC reduced congestion more than B-ACC mainly by increasing queue discharge capacity.",Simulation-only study with manually tuned controller parameters and assumed ACC behavior; the authors note that controller optimization and technical implementation characteristics were outside the study scope.,Study details verified,Kept / merged unique record,Longitudinal,ACC/CACC; traffic-state-adaptive ACC; microscopic simulation,sag curve; freeway bottleneck; freeway segment/corridor,ACC; C-ACC,Sag bottleneck activation; capacity drop; queue formation/discharge; stop-and-go waves,average travel time; average vehicle delay; maximum queue length; speed-contour plots; queue discharge capacity; sag capacity,DOI verified,"Standardized from the published study: full authors, controller types, setting, metrics, findings, and limitations"
Undermind #22,Undermind catalog,Mingfeng Shang 2021,2021,Impacts of commercially available adaptive cruise control vehicles on highway stability and throughput,Mingfeng Shang and Raphael E. Stern,Transportation Research Part C: Emerging Technologies,https://doi.org/10.1016/j.trc.2020.102897,21,Analytical/modeling + simulation,highway segment/corridor; on-ramp merge,ACC; AV,Negative or mixed effects,Longitudinal control; Negative or mixed congestion effects; Foundational string stability,Tier 1,IDM-based ACC modeling using calibrated commercially available ACC parameters and theoretical ACC comparison,String stability; bottleneck capacity; highway throughput; market penetration effects,Yes,No,Shang and Stern 2021 modeled theoretical ACC and commercially available ACC in mixed highway traffic. The study found that theoretical ACC increased bottleneck capacity by up to 7% while commercially available ACC could reduce capacity by up to 35% due to string instability and larger time gaps.,Simulation used IDM parameters calibrated from selected ACC experiments and a hypothetical highway segment. Results depend on model calibration and may not represent all commercial ACC systems.,Study details verified,Kept / merged unique record,Longitudinal,ACC car-following simulation; string stability analysis,highway segment/corridor; on-ramp merge,ACC; AV,String instability; bottleneck capacity loss; throughput reduction,String stability; bottleneck capacity; downstream throughput; market penetration rate; time gap,present,The study confirms DOI and adds calibrated CA-ACC modeling with SUMO throughput analysis and negative capacity effects
Undermind #23,Undermind catalog,Youngjun Han 2020,2020,Variable Speed Release (VSR): Speed Control to Increase Bottleneck Capacity,Youngjun Han and Soyoung Ahn,IEEE Transactions on Intelligent Transportation Systems,https://doi.org/10.1109/TITS.2019.2891314,3.3,Analytical/modeling + simulation,freeway bottleneck; lane-drop bottleneck; merge bottleneck,CAV; AV,Direct bottleneck/congestion mitigation,Direct bottleneck/congestion mitigation; Longitudinal control; Speed control; Capacity-drop prevention,Tier 1,Variable Speed Release speed control for bottleneck approach speed increase,Bottleneck capacity; stochastic traffic breakdown; capacity drop; delay; discharge rate,Yes,No,Han and Ahn 2020 proposed Variable Speed Release to increase vehicle speed near bottlenecks and reduce stochastic breakdown probability. VISSIM results showed discharge-rate gains up to 20.5% and delay reduction up to 93.6% in CAV scenarios but benefits were smaller for manual vehicles.,The method assumes ideal geometry and high compliance. The authors note that heterogeneous traffic flow dynamic response time safety tradeoffs and external CAV behavior models need further study.,Bibliographic details verified,Kept / merged unique record,Longitudinal,Speed control; Variable Speed Release; complementary VSL or ramp metering,freeway bottleneck; lane-drop bottleneck; merge bottleneck,CAV; AV,Bottleneck activation; stochastic breakdown; capacity drop,Discharge rate; total delay; average delay; breakdown probability; breakdown flow rate,present,No-VSR baseline and VSR scenario structure verified.
Undermind #24,Undermind catalog,Eugene Vinitsky 2023,2023,Optimizing Mixed Autonomy Traffic Flow with Decentralized Autonomous Vehicles and Multi-Agent Reinforcement Learning,"Eugene Vinitsky, Nathan Lichtlé, Kanaad Parvate, and Alexandre Bayen",ACM Transactions on Cyber-Physical Systems,https://doi.org/10.1145/3582576,6.2,Analytical/modeling + simulation,freeway bottleneck; lane-reduction bottleneck; Bay Bridge scaled model,AV,Direct bottleneck/congestion mitigation,Direct bottleneck/congestion mitigation; RL/MARL; Longitudinal control; Mobile actuation,Tier 1,Decentralized AV acceleration control using multi-agent reinforcement learning with feedback-control and ALINEA baselines,Bottleneck throughput; capacity drop; inflow restriction; penetration-rate robustness; sensing assumptions,No,No,Vinitsky et al. 2023 studied decentralized AV acceleration control with multi-agent reinforcement learning in a two-stage lane-reduction bottleneck. The study reported bottleneck throughput improvements from 20% at 5% AV penetration to 33% at 40% penetration and showed RL outperforming tuned feedback control.,The study is simulation-based with SUMO and Flow and disables lane changing in the main experiments while later showing that lane changing can degrade performance. Training instability and simplified radar sensing are also noted limitations.,Study details verified,Kept / merged unique record,Longitudinal,Multi-agent reinforcement learning; decentralized feedback control; mobile metering,freeway bottleneck; lane-reduction bottleneck,AV,Capacity drop; bottleneck throughput loss; queue formation; inflow regulation,Bottleneck outflow; throughput; penetration rate; inflow-outflow curves; controller robustness,present,The study confirms DOI and adds detailed MARL setup with local sensing variants and lane-changing caveats
Undermind #26,Undermind catalog,Goñi-Ros et al. 2016,2016,Optimization of traffic flow at freeway sags by controlling the acceleration of vehicles equipped with in-car systems,"Bernat Goñi-Ros, Victor L. Knoop, Toshimichi Takahashi, Ichiro Sakata, Bart van Arem, and Serge P. Hoogendoorn",Transportation Research Part C: Emerging Technologies,https://doi.org/10.1016/j.trc.2016.06.022,3.1,Analytical/modeling + simulation,sag curve; freeway bottleneck; single-lane freeway segment,in-car system; ACC/CACC-compatible vehicle control,Direct bottleneck/congestion mitigation,Direct bottleneck/congestion mitigation; Longitudinal control; Bottleneck/sag control; Stop-and-go waves,Tier 1,Optimal acceleration control,total travel time; average vehicle delay; sag outflow; stop-and-go wave; congestion formation,No,No,Goñi-Ros et al. 2016 formulated a centralized optimal control problem that regulates acceleration of a small number of equipped vehicles on a single-lane freeway sag. The study found that a deceleration-acceleration-deceleration-acceleration maneuver can temporarily raise sag outflow and delay congestion formation with average vehicle delay reductions of about 2 to 11 percent compared with no control.,Simulation and optimization only. Single-lane sag without ramps or lane changing. Low penetration rates. Global optimality is not guaranteed. Implementation through a specific in-car system is left for future work.,authors verified from published study; DOI verified,Kept / merged unique record,Longitudinal,Optimization/optimal control,sag curve; freeway bottleneck; freeway segment/corridor,in-car system; ACC/CACC-compatible AV,Bottleneck activation/throughput; stop-and-go waves; sag-induced congestion,delay/travel time/queue; throughput/capacity; speed/stability,present,Study details verified
Undermind #27,Undermind catalog,Vishnoi et al. 2024,2024,CAV Traffic Control to Mitigate the Impact of Congestion from Bottlenecks: A Linear Quadratic Regulator Approach and Microsimulation Study,"Suyash C. Vishnoi, Junyi Ji, MirSaleh Bahavarnia, Yuhang Zhang, Ahmad F. Taha, Christian G. Claudel, and Daniel B. Work",Journal on Autonomous Transportation Systems,https://doi.org/10.1145/3636464,4.5,Analytical/modeling + simulation + microsimulation,freeway bottleneck; highway segment,CAV platoons,Direct bottleneck/congestion mitigation,Foundational theory; Direct bottleneck/congestion mitigation; Longitudinal control; Cooperative platooning,Tier 1,LQR speed control; moving-bottleneck control,total travel time; total travel distance; mean speed; computation time; capacity drop; jam mitigation,No,No,Vishnoi et al. 2024 studied LQR-based speed control of CAV platoons treated as moving bottlenecks on a freeway with a fixed bottleneck. The study showed that GN-LQR and GN-LQRP improved mean speed and reduced bottleneck jam impacts with computation times suitable for near real-time control while performing comparably to PI and MPC controllers.,Macroscopic results depend on CTM assumptions and full-lane CAV platoons. Microsimulation used limited scenarios and random seeds. The approach requires one CAV per lane and does not model ramps in the main macroscopic scenario.,Bibliographic details verified,Kept / merged unique record,Longitudinal,Feedback/control-theoretic; LQR; Simulation,freeway bottleneck; freeway segment/corridor,CAV; AV,Bottleneck activation/throughput; capacity drop; jam propagation,delay/travel time/queue; throughput/capacity; speed/stability; computation time,present,Fixed-bottleneck highway setting and controller comparisons verified.
Undermind #28,Undermind catalog,Čičić et al. 2022,2022,Coordinating Vehicle Platoons for Highway Bottleneck Decongestion and Throughput Improvement,"Mladen Čičić, Xi Xiong, Li Jin, and Karl Henrik Johansson",IEEE Transactions on Intelligent Transportation Systems,https://doi.org/10.1109/TITS.2021.3088775,5.9,Analytical/modeling + simulation,freeway bottleneck; highway segment with on-ramp and off-ramp,truck platoons; CAV platoons,Direct bottleneck/congestion mitigation,Foundational theory; Direct bottleneck/congestion mitigation; Longitudinal control; Cooperative platooning,Tier 1,Platoon speed and formation control; Lagrangian moving-bottleneck control,total time spent; delay; throughput; capacity drop; bottleneck queue,No,No,Čičić et al. 2022 developed a tandem queueing control model using truck platoons as moving bottleneck actuators with platoon speed and formation as inputs. The study found that shaping inflow to a stationary bottleneck can avoid capacity drop and reduced median vehicle delay by 75.6 percent compared with the uncontrolled case in multi-class CTM simulations.,Simulation-only evidence. Assumes controllable platoons and known or estimated traffic state. Performance can degrade during long gaps between platoon arrivals. Lane-level interactions are simplified despite formation control.,publication year and full authors verified from published study; DOI verified,Kept / merged unique record,Cooperative,Platooning; Feedback/control-theoretic; Moving bottleneck control,freeway bottleneck; highway segment/corridor,CAV; AV; truck platoons,Bottleneck activation/throughput; capacity drop; queue formation/discharge,throughput/capacity; delay/travel time/queue; speed/stability,present,Study details verified
Undermind #29,Undermind catalog,Pan et al. 2021,2021,Integrated optimal control strategies for freeway traffic mixed with connected automated vehicles: A model-based reinforcement learning approach,"Tianlu Pan, Renzhong Guo, William H.K. Lam, Renxin Zhong, Weixi Wang, and Biao He",Transportation Research Part C: Emerging Technologies,https://doi.org/10.1016/j.trc.2021.102987,13,Analytical/modeling + simulation,two-lane freeway segment with on-ramp bottleneck,CAV; RHV; VACS,Direct bottleneck/congestion mitigation,Direct bottleneck/congestion mitigation; Longitudinal control; Lateral/lane-changing control; Cooperative merging/platooning; RL/MARL; Negative or mixed effects,Tier 1,Integrated ramp metering plus VSLC/VSLR plus LCC/LCR with minimum safety gap control using model-based RL and CEM search,total travel cost; total time spent; on-ramp queue; extra queue; lane-changing maneuvers; fuel consumption; emissions; electricity cost; shockwaves; bottleneck queuing,Yes,No/unclear,Pan et al. 2021 proposed an integrated freeway control framework for mixed CAV and RHV traffic using ramp metering lane-changing control or recommendation and variable speed limit control or recommendation. The study found that integrated control reduced total travel cost by reducing lane-changing maneuvers and bottleneck queues while smoothing traffic and suppressing shockwaves and also reported that ramp metering became less important at high CAV penetration.,Simulation-only numerical study on a virtual 2.75-mile two-lane freeway with assumed CAV compliance complete traffic-state knowledge and no real-world closed-loop data for updating the model.,Study details verified,Kept / merged unique record,Longitudinal; Lateral,Model-based RL; Cross-entropy method; Optimization/optimal control; VSL/speed control; Ramp metering; Lane-changing control,freeway segment/corridor; on-ramp merge; freeway bottleneck,CAV; AV; RHV,bottleneck queuing; shockwaves; lane-changing friction; traffic flow instability,total travel cost; total time spent; queue; lane-changing maneuvers; fuel consumption; emissions; electricity cost; safety gap,present,Authors completed and methods metrics setting and limitations updated from published study
Undermind #30,Undermind catalog,Čičić and Johansson 2018,2018,Traffic regulation via individually controlled automated vehicles: a cell transmission model approach,Mladen Čičić and Karl Henrik Johansson,2018 21st International Conference on Intelligent Transportation Systems (ITSC),https://doi.org/10.1109/ITSC.2018.8569960,6.9,Analytical/modeling + simulation,highway segment without on-ramps; moving traffic jam; freeway bottleneck,AV; infrastructure-controlled AV,Direct bottleneck/congestion mitigation,Foundational theory; Direct bottleneck/congestion mitigation; Longitudinal control,Tier 1,Controlled moving bottleneck using AV speed control in an extended cell transmission model,traffic jam dissipation; average travel time; controlled vehicle delay; traffic density; moving bottleneck effects,No,No,Čičić and Johansson 2018 extended the cell transmission model to include individually controlled automated vehicles acting as moving bottlenecks for traffic jam dissipation. Simulations showed that controlling the AV speed reduced average travel time for surrounding vehicles and helped dissipate the jam faster while allowing the controlled vehicle to avoid the jam with limited delay.,Simulation-only model-based study on a simplified highway without ramps and with a first-order CTM/LWR formulation that does not capture capacity drop unless extended.,Study details verified,Kept / merged unique record,Longitudinal,Traffic-flow modeling; Moving bottleneck control; Rule-based/static feedback control,freeway bottleneck; highway segment/corridor,AV,stop-and-go wave dissipation; moving bottleneck; traffic jam resolution,average travel time; traffic density; controlled vehicle speed; jam dissipation time,present,Authors completed and control method metrics setting and limitations updated from published study
Undermind #31,Undermind catalog,Elmorshedy et al. 2023,2023,Freeway Congestion Management With Reinforcement Learning Headway Control of Connected and Autonomous Vehicles,"Lina Elmorshedy, Ilia Smirnov, and Baher Abdulhai",Transportation Research Record,https://doi.org/10.1177/03611981231152459,0.9,Analytical/modeling + microscopic simulation,three-lane freeway with on-ramp bottleneck based on Churchill ramp in Toronto,ACC; CAV; AV; V2X,Direct bottleneck/congestion mitigation,Direct bottleneck/congestion mitigation; Longitudinal control; RL/MARL,Tier 1,DRL headway control using PPO with section-level ACC desired time headway assignments,bottleneck activation; capacity loss; average network delay; freeway delay; ramp delay; bottleneck flow-density diagram; throughput; flow; speed,Yes,No,Elmorshedy et al. 2023 developed a PPO-based RL headway controller that dynamically assigns ACC time headways by freeway section near an on-ramp bottleneck. The study showed that static short-headway strategies still broke down and that dynamic ramp-only headway control reduced total delay by 56.71 percent relative to uncontrolled ACC and by 32.43 percent relative to 0.8 s headway while shifting the bottleneck toward free-flow operation.,Simulation-only Aimsun study with 100 percent ACC vehicles high-demand on-ramp scenario assumed infrastructure control of headways and a tradeoff of increased ramp delay when ramp headways meter demand.,Study details verified,Kept / merged unique record,Longitudinal,RL/MARL; PPO; Headway control; Demand pacing,freeway bottleneck; on-ramp merge; freeway segment/corridor,ACC; CAV; AV,bottleneck activation; capacity loss; traffic breakdown; demand pacing,average network delay; freeway delay; ramp delay; throughput; flow-density diagram; flow; speed,present,Methods metrics scenario and quantitative finding updated from published study
Undermind #32,Undermind catalog,Yuqing Guo 2020,2020,Integrated Variable Speed Limits and Lane-Changing Control for Freeway Lane-Drop Bottlenecks,"Yuqing Guo, Huile Xu, Yi Zhang, and Danya Yao",IEEE Access,https://doi.org/10.1109/ACCESS.2020.2981658,5.9,Analytical/modeling + simulation,lane-drop bottleneck; freeway bottleneck; freeway segment/corridor,CAV,Direct bottleneck/congestion mitigation,Direct bottleneck/congestion mitigation; Longitudinal control; Lateral/lane-changing control,Tier 1,MPC with GA optimization; VSL/speed control; lane-changing control,capacity drop; lane-changing friction; flow; TTS; TTD; travel time; emissions,Yes,No,Guo et al. 2020 proposed integrated VSL and lane-changing control for CAVs at freeway lane-drop bottlenecks using MPC with an improved multi-class CTM and GA optimization. The study reported higher bottleneck capacity and lower total travel time by 23.86% to 44.62% plus emission reductions in SUMO simulations but it assumes all vehicles are CAVs and relies on simulation evidence.,Simulation-only evidence; assumes all vehicles are CAVs; simplified two-lane lane-closure scenario; future work needed for different CAV penetration rates,Study details verified,Kept / merged unique record,Longitudinal; Lateral,MPC; Genetic algorithm; VSL; Lane-changing control,lane-drop bottleneck; freeway bottleneck; freeway segment/corridor,CAV,Capacity drop; Bottleneck activation/throughput; Lane-changing friction / gaps,flow/throughput; capacity; TTS; TTD; travel time; emissions,present,Study details verified from the published study
Undermind #33,Undermind catalog,Georgia Perraki 2018,2018,Evaluation of a model predictive control framework for motorway traffic involving conventional and automated vehicles,"Georgia Perraki, Claudio Roncoli, Ioannis Papamichail, and Markos Papageorgiou",Transportation Research Part C: Emerging Technologies,https://doi.org/10.1016/j.trc.2018.05.002,4.6,Analytical/modeling + microscopic simulation,real motorway A20 corridor; lane-drop bottleneck; on-ramp bottlenecks; freeway network,VACS; automated vehicles; connected vehicles,Direct bottleneck/congestion mitigation,Direct bottleneck/congestion mitigation; Longitudinal control; Lateral/lane-changing control; Cooperative merging/platooning; Network/routing,Tier 1,MPC with integrated RM; MTFC/VSL; LCC,TTS; throughput; speed; capacity drop; travel time reliability,Yes,No/unclear,Perraki et al. 2018 evaluated an MPC motorway-control framework using VACS-equipped vehicles as actuators together with ramp metering and lane-changing control on a calibrated Aimsun model of the A20 motorway. The study found average TTS reductions of 18.5% at 100% VACS penetration and 13.9% at 20% penetration with integrated control but results are simulation-based and conventional ramp metering remains important at low penetration.,Simulation-only evidence; relies on calibrated microscopic model; assumes compliance of equipped vehicles with control commands; lower penetration reduces benefit when ramp metering is removed,Study details verified,Kept / merged unique record,Longitudinal; Lateral; Ramp control,MPC; VSL/MTFC; Ramp metering; Lane-changing control,freeway network; lane-drop bottleneck; on-ramp bottleneck; motorway corridor,VACS; AV; connected vehicles,Capacity drop; Bottleneck activation/throughput; Network congestion distribution; Lane-changing friction / gaps,TTS; throughput; speed; TTS improvement; travel time reliability,present,Study details verified from the published study
Undermind #34; Perplexity table P16,Undermind catalog; Perplexity selected table,Yue Zhou 2024,2024,CAV-Enabled Active Resolving of Temporary Mainline Congestion Caused by Gap Creation for On-Ramp Merging Vehicles,"Yue Zhou, Jieming Chen, Edward Chung, and Kaan Ozbay",IEEE Transactions on Intelligent Transportation Systems,https://doi.org/10.1109/TITS.2023.3340170,3.3,Analytical/modeling + simulation,on-ramp merge; freeway mainline; single-lane mainline under-critical traffic,CAV,Direct bottleneck/congestion mitigation,Foundational theory; Direct bottleneck/congestion mitigation; Longitudinal control; Cooperative merging/platooning,Tier 1,Analytical optimization; car-following parameter control; active congestion resolving,total delay; total travel time; affected vehicles; recovery wave speed; coefficient of variation of speed,No,No,Zhou et al. 2024 developed a CAV-enabled active congestion resolving method for temporary mainline congestion caused by gap creation for on-ramp merging vehicles. The study analytically showed that modifying affected CAV car-following parameters can create a faster recovery wave and simulations showed TTT savings with fewer affected vehicles but the method assumes all vehicles are CAVs under under-critical demand and uses simplified deterministic traffic theory.,Theoretical and simulation evidence only; assumes full CAV environment; assumes under-critical total demand; focuses on longitudinal movement; assumes no mainline lane changes after facilitation; limited practical validation,Study details verified,Kept / merged unique record,Longitudinal; Cooperative,Analytical optimization; Newell car-following control; Kinematic wave model; Active congestion resolving,on-ramp merge; freeway mainline; single-lane mainline,CAV,Temporary mainline congestion; Gap-creation disturbance; Bottleneck activation/throughput; String stability/wave damping,total delay; TTT; affected vehicles; recovery wave speed; speed variation; CVS,present,Study details verified from the published study
Undermind #35,Undermind catalog,Jieming Chen 2024,2024,An Integrated Approach to Optimal Merging Sequence Generation and Trajectory Planning of Connected Automated Vehicles for Freeway On-Ramp Merging Sections,"Jieming Chen, Yue Zhou, and E-S Chung",IEEE Transactions on Intelligent Transportation Systems,https://doi.org/10.1109/TITS.2023.3315650,12,Analytical/modeling + simulation,on-ramp merge; merge/merging area; freeway segment/corridor,CAV; AV,Direct bottleneck/congestion mitigation,Direct bottleneck/congestion mitigation; Longitudinal control; Cooperative merging/platooning; Lateral/merging control,Tier 1,MINLP; optimal merging sequence; trajectory planning; iterative linear programming,on-ramp merging disturbance; travel delay; speed variation; time gap safety; computational time,Merging modeled; lane-changing not explicitly modeled,No/unclear,Chen 2024 proposed an integrated MINLP approach that jointly optimizes CAV merging sequence and continuous-time trajectories at freeway on-ramp merging sections. The study reported lower travel delay than benchmark CAV merging methods and reduced speed variation while maintaining time-gap safety but evidence is simulation-based with mainly CAV-only assumptions.,Limited to one mainline lane and one on-ramp in the main model. Lane-changing by mainline vehicles is not modeled. The authors note future work should extend to multilane scenarios and relax the 100% CAV assumption for mixed traffic.,Study details verified,Kept / merged unique record,Lateral/merging; Longitudinal,MINLP; Optimal control; Trajectory planning; Cooperative merging,on-ramp merge; freeway bottleneck; freeway segment/corridor,CAV; AV,Merging turbulence; Bottleneck activation/throughput; Speed variance,travel delay; speed variation; time gap/safety; computation time,present,Verified DOI and details from the published study. Updated method metrics limitation and lane-changing interpretation.
Undermind #36,Undermind catalog,Mladen Čičić 2019,2019,Stop-and-go wave dissipation using accumulated controlled moving bottlenecks in multi-class CTM framework,Mladen Čičić and K. Johansson,2019 IEEE 58th Conference on Decision and Control (CDC),https://doi.org/10.1109/CDC40024.2019.9029216,3.4,Analytical/modeling + simulation,freeway bottleneck; freeway segment/corridor,CAV; AV,Direct bottleneck/congestion mitigation,Direct bottleneck/congestion mitigation; Longitudinal control; Traffic-flow modeling,Tier 1,Multi-class CTM; controlled moving bottleneck; speed control,stop-and-go waves; throughput loss; traffic homogeneity; total travel time; average total variation,No/unclear,No/unclear,Čičić and Johansson 2019 developed a multi-class CTM control strategy that first accumulates directly controlled CAVs and then uses them as a controlled moving bottleneck to dissipate freeway stop-and-go waves. Simulations showed improvements in total travel time and average total variation even at low controlled-vehicle penetration rates but approximate feedforward control was less reliable than control using exact density data.,Simulation-only study on a 50 km highway without ramps. The approximate controller depends on historical or estimated density information and can fail when traffic volume is underestimated. Field validation is not provided.,Study details verified,Kept / merged unique record,Longitudinal,Traffic-flow modeling; Moving bottleneck control; Speed control,freeway bottleneck; freeway segment/corridor,CAV; AV,Stop-and-go waves / flow stability; Bottleneck throughput loss; Capacity drop,total travel time; average total variation; throughput; traffic homogeneity,present,Verified DOI and study details. Updated method from generic ACC/CACC to multi-class CTM controlled moving bottleneck.
Undermind #37,Undermind catalog,Antonella Ferrara 2022,2022,Multi-Scale Model-Based Hierarchical Control of Freeway Traffic via Platoons of Connected and Automated Vehicles,"Antonella Ferrara, G. P. Incremona, Eugeniu Birliba, and P. Goatin",IEEE Open Journal of Intelligent Transportation Systems,https://doi.org/10.1109/OJITS.2022.3217001,4.2,Analytical/modeling + simulation,freeway bottleneck; freeway segment/corridor; ring road,CAV; AV,Direct bottleneck/congestion mitigation,Direct bottleneck/congestion mitigation; Longitudinal control; Cooperative merging/platooning; Energy/fuel impacts,Tier 1,Hierarchical MPC; distributed MPC; event-triggered control; sliding mode control; moving bottleneck platoon,freeway congestion; moving bottleneck control; density reduction; total fuel consumption; triggering events,No/unclear,No/unclear,Ferrara et al. 2022 proposed a hierarchical three-level controller in which a CAV platoon acts as a moving bottleneck controlled by high-level event-triggered MPC medium-level distributed MPC and low-level sliding mode control. Simulations on freeway bottleneck scenarios showed reduced congestion and total fuel consumption with reported TFC improvements of about 1.6% to 3.4% depending on demand uncertainty but the evidence is simulation-only.,Simulation-based evaluation only. The authors identify future extensions including battery state-of-charge dynamics emissions modeling faster MPC implementation and coordination with ramp metering variable speed limits and routing.,Study details verified,Kept / merged unique record,Cooperative; Longitudinal,MPC; Distributed MPC; Sliding mode control; Event-triggered control; Moving bottleneck control,freeway bottleneck; freeway segment/corridor; ring road,CAV; AV,Bottleneck activation/throughput; Stop-and-go waves / flow stability; Fuel/energy impacts,density/congestion; total fuel consumption; speed profiles; platoon spacing; triggering events,present,Verified DOI and study details. Updated evidence quality metrics limitations and standardized method.
Undermind #38,Undermind catalog,Shian Wang 2022,2022,Optimal Control of Autonomous Vehicles for Traffic Smoothing,"Shian Wang, Raphael E. Stern, and M. Levin",IEEE Transactions on Intelligent Transportation Systems,https://doi.org/10.1109/TITS.2021.3094552,15,Analytical/modeling + numerical simulation,single-lane mixed-traffic vehicle string; no merge or lane-changing trigger; stop-and-go wave setting,AV,Direct bottleneck/congestion mitigation,Foundational theory; Direct bottleneck/congestion mitigation; Longitudinal control; Cooperative merging/platooning,Tier 1,Optimal control using Pontryagin minimum principle; nonlinear car-following control; AV mobile actuator,stop-and-go waves; string instability; speed perturbation; fuel consumption,No,No,Wang et al. 2022 studied nonlinear optimal AV control for smoothing stop-and-go waves in a predominantly human-driven vehicle string. The study showed that controlled AVs reduced speed perturbations and achieved head-to-tail string stability while reducing fuel consumption by about 0.56% to 1.06% in numerical scenarios.,Simulation-only numerical evidence; no lane changing; no routing; reaction delay and behavioral stochasticity were not modeled; penetration-rate effects were demonstrated but not analytically investigated in depth.,Study details verified,Kept / merged unique record,Longitudinal,Optimization/optimal control; Pontryagin minimum principle; car-following/string-stability control,single-lane mixed traffic; vehicle string; stop-and-go wave setting,AV,Stop-and-go waves / flow stability; string instability; speed perturbation amplification,speed perturbation; head-to-tail string stability; fuel consumption,present,Corrected setting away from merge/freeway bottleneck because experiments use car-following vehicle strings without merges or lane changing; The study confirms direct relevance through wave damping and traffic smoothing.
Undermind #39,Undermind catalog,Wenqi Lu 2024,2024,Improving Traffic Operation of Bottleneck in a Connected and Automated Vehicles Environment: An Integrated Lane-Level Control Method,"Wenqi Lu, Ziwei Yi, Bingjie Liang, Yikang Rui, and Bin Ran",IEEE Transactions on Intelligent Transportation Systems,https://doi.org/10.1109/TITS.2024.3362129,4.8,Analytical/modeling + SUMO simulation,on-ramp bottleneck; freeway bottleneck; lane-level highway segment,CAV; AV,Direct bottleneck/congestion mitigation,Direct bottleneck/congestion mitigation; Longitudinal control; Lateral/lane-changing control; Network/routing; RL/MARL,Tier 1,"Integrated lane-level control combining DDPG lane-level VSL, Conv-LSTM/CNN traffic prediction, and dynamic-programming lane selection",capacity drop; bottleneck operation; traffic efficiency; total travel time; mean travel speed; lane-level speed prediction,Yes,Lane-level route/lane selection only,Lu et al. 2024 studied an integrated lane-level control method for highway bottlenecks in a CAVH mixed-traffic environment. The study found that combining DDPG lane-level variable speed limits with dynamic-programming CAV lane selection reduced total travel time by more than 30% versus no control and improved mean travel speed and total travel time across demand scenarios.,SUMO simulation only; assumes CAVs fully comply with LVSL and lane recommendations; HV compliance is probabilistic; cooperative lane changes and safety/emission objectives are left for future work.,Study details verified,Kept / merged unique record,Longitudinal; Lateral,RL/MARL; DDPG; VSL/speed control; lane selection; dynamic programming; short-term traffic prediction,on-ramp bottleneck; freeway bottleneck; lane-level highway segment,CAV; AV,Bottleneck activation/throughput; capacity drop; lane-changing friction; traffic flow imbalance,total travel time; mean travel speed; MAE; MAPE; VAPE; speed/stability,present,"Filled study details for ILC architecture, simulation setting, control methods, metrics, and limitations; relevance remains Tier 1."
Undermind #40,Undermind catalog,Yuanxiang Yang 2025,2025,Macro-micro integration of game-theoretic trajectory planning and tactical lane control for mixed traffic control at motorway bottlenecks,"Yuanxiang Yang, Yu Liu, and Claudio Roncoli",Transportation Research Part C: Emerging Technologies,https://doi.org/10.1016/j.trc.2025.105356,2.0,Analytical/modeling; numerical simulation,motorway/freeway bottleneck; lane-drop and diverging/off-ramp scenarios; mixed traffic,CAVs in mixed HDV-CAV traffic; V2V-enabled trajectory planning and lane-changing control,Direct bottleneck/congestion mitigation,Direct bottleneck/congestion mitigation; Lateral/lane-changing control; Mixed traffic; Cooperative/game-theoretic trajectory planning,Tier 1,Integrated lateral lane-changing control and longitudinal/lateral trajectory planning; game-theoretic trajectory planner plus tactical lane controller,lane-drop and diverging bottleneck congestion; lane-flow/density imbalance; lane-changing friction; travel delay/time loss; completed trips; CAV penetration sensitivity,Yes,No/unclear,"Yang et al. (2025) studied a macro-micro mixed-traffic bottleneck controller that combines a tactical lane controller with game-theoretic CAV trajectory planning. Numerical experiments in lane-drop and diverging scenarios showed reduced congestion and travel delays, with stronger and more robust effects as CAV penetration increased.","Simulation-based evidence only; assumes motorway sections with uniform lane characteristics and excludes explicit driver-feature modeling, which the authors identify as future work. Mixed traffic also limited equal lane distribution in the diverging scenario.",Verified from the published study,Kept / merged unique record,Lateral; Longitudinal,Game-theoretic control; Optimization/optimal control; Hierarchical macro-micro control,freeway bottleneck; lane-drop bottleneck; diverging/off-ramp area; mixed traffic,CAV; V2V; mixed HDV-CAV traffic,Bottleneck activation/throughput; Capacity drop; Lane-changing friction / gaps; Queue formation/discharge,density/lane distribution; travel delay/time loss; completed trips; CAV penetration sensitivity,present,Study details verified.
Undermind #41,Undermind catalog,Mehrdad Tajalli 2022,2022,Distributed cooperative trajectory and lane changing optimization of connected automated vehicles: Freeway segments with lane drop,"Mehrdad Tajalli, Ramin Niroumand, and Ali Hajbabaie",Transportation Research Part C: Emerging Technologies,https://doi.org/10.1016/j.trc.2022.103761,12,Analytical/modeling; microsimulation/numerical case study,freeway lane-drop bottleneck; controlled freeway segment,CAVs with V2V information sharing; distributed cooperative trajectory and lane-changing optimization,Direct bottleneck/congestion mitigation,Direct bottleneck/congestion mitigation; Lateral/lane-changing control; Longitudinal trajectory control; Cooperative merging/platooning; Safety,Tier 1,Joint longitudinal trajectory control and lateral/lane-changing control; vehicle-level mixed-integer program embedded in distributed cooperative MPC,lane-drop bottleneck; mandatory/discretionary lane changes; stop-and-go conditions; average travel time; completed trips/throughput; stops; delay; TTC/near-crash conditions; runtime,Yes,No/unclear,"Tajalli et al. (2022) studied distributed cooperative CAV trajectory and lane-changing optimization for freeway lane-drop bottlenecks. Across lane-drop simulation scenarios, the method smoothed traffic, reduced average travel time by up to 86.4%, increased completed trips by up to 134.3%, and eliminated stops relative to a Vissim all-knowing CAV benchmark, but relied on idealized all-CAV cooperation and simulation evidence.","Simulation/case-study evidence only; assumes CAVs can share current and predicted states and negotiate cooperatively. Runtime exceeded the 0.2 s implementation interval in high-demand 2400 veh/h/ln scenarios unless fewer neighboring vehicles are considered, with possible suboptimality.",Verified from the published study,Kept / merged unique record,Lateral; Longitudinal,Optimization/optimal control; Distributed cooperative MPC; Mixed-integer programming,lane-drop bottleneck; freeway segment/corridor,CAV; V2V; cooperative automation,Bottleneck activation/throughput; Capacity drop; Lane-changing friction / gaps; Stop-and-go waves / flow stability; Queue formation/discharge,travel time; throughput/completed trips; stops; delay; TTC/safety risk; runtime,present,Study details verified.
Undermind #42; Perplexity table P8; Perplexity bibliography,Undermind catalog; Perplexity selected table; Perplexity bibliography,Kreidieh 2018,2018,Dissipating stop-and-go waves in closed and open networks via deep reinforcement learning,"Abdul Rahman Kreidieh, Cathy Wu, and Alexandre M. Bayen",2018 21st International Conference on Intelligent Transportation Systems (ITSC),https://doi.org/10.1109/ITSC.2018.8569485,16,Analytical/modeling + simulation,single-lane open highway with on-ramp perturbation; closed ring road transfer-learning setup,CAV,Direct bottleneck/congestion mitigation,Direct bottleneck/congestion mitigation; Longitudinal control; RL/MARL; Cooperative automation; Stop-and-go wave damping,Tier 1,Longitudinal acceleration control using centralized deep RL and transfer learning,Stop-and-go wave formation from merge perturbations; throughput loss; speed oscillations; density regulation,No,No,Kreidieh et al. 2018 studied centralized deep RL acceleration control for CAVs in a single-lane open highway with an on-ramp perturbation and a closed ring transfer-learning setup. The study reported near complete stop-and-go wave dissipation at 10% CAV penetration and meaningful reductions at 2.5% penetration measured using throughput average speed wave frequency wave magnitude and density regulation.,Simulation-only evidence using SUMO and Flow; single-lane setting; stylized on-ramp perturbation with small fixed merge inflow; centralized controller assumptions; no field validation.,Study details verified,Retained after duplicate merge,Longitudinal control,Deep RL / TRPO with transfer learning,single-lane open highway; closed ring road; merge perturbation,CAV,Stop-and-go waves / flow stability; bottleneck activation / throughput loss,throughput; average speed; wave frequency; wave magnitude; traffic density; reward based on desired speed and headway penalty,present,The study confirms DOI venue authors method setting metrics and congestion findings; classify as Tier 1 because CAV longitudinal control directly dissipates stop-and-go waves in mixed traffic.
Undermind #43,Undermind catalog,Shian Wang 2023,2023,A general approach to smoothing nonlinear mixed traffic via control of autonomous vehicles,"Shian Wang, Mingfeng Shang, Michael W. Levin, and Raphael Stern",Transportation Research Part C: Emerging Technologies,https://doi.org/10.1016/j.trc.2022.103967,19,Analytical/modeling; numerical simulation,single-lane nonlinear mixed traffic/platoon; traffic-smoothing setting,AV feedback control; ACC represented by calibrated IDM in simulations; local sensing only,Direct bottleneck/congestion mitigation,Direct bottleneck/congestion mitigation; Longitudinal control; Stop-and-go wave damping; String stability; Mixed traffic,Tier 1,Longitudinal AV car-following control; nonlinear feedback/additive controller tracking a virtual speed profile,stop-and-go waves from nonlinear mixed-traffic instability; speed perturbation amplification; head-to-tail string stability; average speed variation; local tracking convergence; safety spacing conditions,No,No,"Wang et al. (2023) developed nonlinear feedback/additive AV controllers that make AVs track a virtual speed profile using only local spacing and relative-speed information. Analytical results prove tracking convergence and sufficient car-following safety conditions, and IDM/ACC numerical experiments show reduced speed disturbance and possible head-to-tail string stability at sufficient AV market penetration.","Lane changing is explicitly neglected for mathematical tractability and treated as an external perturbation; evidence is analytical and simulation-based rather than field validation. The authors note future work should include lane changing, driver stochasticity, and fuel/emissions impacts.",Bibliographic details verified,Kept / merged unique record,Longitudinal,Feedback/control-theoretic; Nonlinear control; Car-following control,single-lane mixed traffic; vehicle platoon/string; traffic smoothing,AV; ACC,Stop-and-go waves / flow stability; String instability; Bottleneck activation/throughput,speed/stability; average speed variation; string stability/wave damping; safety spacing,present,Comparator cases and single-lane mixed-traffic setting verified.
Undermind #44,Undermind catalog,Kangning Hou 2023,2023,Cooperative On-Ramp Merging Control Model for Mixed Traffic on Multi-Lane Freeways,"Kangning Hou, F. Zheng, Xiaobo Liu, and Ge Guo",IEEE Transactions on Intelligent Transportation Systems,https://doi.org/10.1109/TITS.2023.3274586,17,Analytical/modeling + simulation,on-ramp merge; merge/merging area; freeway segment/corridor,CAV; connected human-driven vehicles,Direct bottleneck/congestion mitigation,Direct bottleneck/congestion mitigation; Longitudinal control; Lateral/lane-changing control; Cooperative merging/platooning; Negative or mixed effects,Tier 1,Hierarchical cooperative merging control; APS; CUC; CMC; MPC tracking,on-ramp merging bottleneck throughput; congestion wave propagation; mainline and merging flow; mainline and merging speed,Yes,No,Hou et al. 2023 studied a hierarchical cooperative on-ramp merging control model for mixed CAV and connected human-driven traffic on a multi-lane freeway. The study found that CORMC can raise merging and mainline throughput by over 75% at sufficiently high CAV penetration and mitigate congestion wave propagation measured using average flow and average speed but benefits depend strongly on CHV compliance and high CAV penetration.,Simulation-only MATLAB evidence; assumes V2V communication without delay; assumes all HVs are connected CHVs; low compliance below 50% gives marginal benefit; future work needed for freeways with more than two mainline lanes and off-ramp bottlenecks,Study details verified,Kept / merged unique record,Longitudinal + lateral,Hierarchical cooperative control; anticipatory position searching; collaborative utility choice; cooperative merging control; MPC trajectory tracking,on-ramp merge; multi-lane freeway segment,CAV; connected human-driven vehicles,merging bottleneck; congestion wave propagation; throughput loss,average mainline flow; average merging flow; average mainline speed; average merging speed; flow increment rate; speed increment rate; collision occurrence,present,Study details verified from the published study
Undermind #45,Undermind catalog,Hao Liu 2018,2018,Modeling impacts of Cooperative Adaptive Cruise Control on mixed traffic flow in multi-lane freeway facilities,"Hao Liu, Xingan David Kan, Steven E. Shladover, Xiao-Yun Lu, and Robert E. Ferlis",Transportation Research Part C: Emerging Technologies,https://doi.org/10.1016/j.trc.2018.07.027,36,Analytical/modeling + microscopic simulation,freeway segment/corridor; on-ramp merge; off-ramp diverge; multi-lane freeway corridor,CACC; ACC; VAD; connected automated vehicles,Direct bottleneck/congestion mitigation,Direct bottleneck/congestion mitigation; Longitudinal control; Lateral/lane-changing control; Cooperative merging/platooning; Negative or mixed effects,Tier 1,CACC microscopic modeling; managed lane strategy; vehicle awareness device strategy; anticipatory lane changing rules,pipeline capacity; merge bottleneck throughput; off-ramp bottleneck capacity; total vehicle time traveled; space mean speed; congestion duration and intensity,Yes,No,Liu et al. 2018 extended a CACC microscopic modeling framework for multi-lane mixed freeway traffic with managed lane and VAD operation strategies. The study found that CACC raises pipeline capacity quadratically with market penetration and that ML and VAD can improve capacity by 8% to 23% at low and medium penetration while corridor congestion improves sharply above roughly 20% to 40% CACC penetration but high CACC penetration can worsen off-ramp bottleneck performance.,Simulation-only case studies; CACC lane-changing behavior data were limited; low to medium penetration without ML or VAD produced small capacity benefits; high CACC penetration can intensify off-ramp lane-changing disturbances; communication and behavioral assumptions need field validation,Study details verified,Kept / merged unique record,Longitudinal + lateral,CACC car-following; anticipatory lane-changing model; managed lane; vehicle awareness device; string operation modeling,multi-lane freeway segment; on-ramp merge; off-ramp diverge; freeway corridor,CACC; ACC; connected automated vehicles; VAD-equipped vehicles,pipeline capacity; merge bottleneck throughput; off-ramp bottleneck capacity; congestion propagation; traffic flow instability,pipeline capacity; bottleneck capacity; throughput; VTT; space mean speed; speed contours; CACC string length; percent CACC in strings; mode-switch probability,present,Study details verified from the published study
Undermind #46,Undermind catalog,Chen Zhang 2025,2025,Dynamic jam-absorption driving strategy for multi-lane mixed traffic flow,"Chen Zhang, Yunwen Xu, Yida Huang, and Dewei Li",Transportmetrica B: Transport Dynamics,https://doi.org/10.1080/21680566.2025.2586112,,Analytical/modeling + simulation,merge/merging area; urban/network; network,CAV; AV,Direct bottleneck/congestion mitigation,Direct bottleneck/congestion mitigation; Longitudinal control; Lateral/lane-changing control; Cooperative merging/platooning; Network/routing; Negative or mixed effects,Tier 1,MPC; Feedback control; Lane-changing control,merge/merging area; urban/network; network,Yes,No/unclear,"Abstract Traffic jams cause speed variations and reduce safety and efficiency. A dynamic jam-absorption driving (JAD) method is developed for multi-lane mixed traffic with connected autonomous vehicles (CAVs) and human-driven vehicles (HDVs). An absorbing CAV and its absorbing speed are selected and optimized to minimize jam duration, based on the proposed mixed-traffic wave model and lane-changing probability estimation. The formulated optimization problem can be solved efficiently by using the designed neural networks. To handle real-time disturbances such as stochastic lane changes, a hierarchical architecture couples the JAD planner with model predictive control for speed trajectory tracking. For sequential jams, a JAD execution algorithm coordinates multiple absorbing CAVs through trajectory correction, jam merging, and performance feedback. The simulation results show that the prop…",needs verification,recent/future-dated relative to source; verify publication status; DOI/URL not supplied in uploads,Kept / merged unique record,Lateral,MPC; Feedback/control-theoretic,merge/merging area; urban/network; network,CAV; AV,Bottleneck activation/throughput; Network congestion distribution,speed/stability; safety/risk; string stability/wave damping,present,
Undermind #47,Undermind catalog,C. Roncoli 2015,2015,Model Predictive Control for Motorway Traffic with Mixed Manual and VACS-equipped Vehicles☆,"C. Roncoli, I. Papamichail, and M. Papageorgiou",Transportation Research Procedia,https://doi.org/10.1016/j.trpro.2015.09.095,1.9,Analytical/modeling + microscopic simulation,motorway segment with on-ramp merge,ACC; VACS; V2I-equipped vehicles,Direct bottleneck/congestion mitigation,Direct bottleneck/congestion mitigation; Longitudinal control; Lateral/lane-changing control; Ramp metering; VSL/speed control,Tier 1,MPC; QP optimization; ramp metering; vehicle speed control; lane-changing control,capacity drop mitigation; on-ramp queue; total time spent; mean speed; throughput,Yes,No,"Roncoli et al. 2015 studied an MPC framework using VACS-equipped vehicles as sensors and actuators in a motorway on-ramp setting. The study found that integrated ramp metering, vehicle speed control, and lane-changing control reduced total time spent by about 6.0% to 21.7% across ACC headway and penetration scenarios, but the evidence was simulation-only with assumed V2I compliance and equipped-vehicle behavior.","Limited to microscopic simulation in a 5 km three-lane motorway with one on-ramp, assumed ACC and lane-change advisor implementation, and used calibrated behavioral assumptions rather than field validation.",Study details verified; DOI present,Kept / merged unique record,Longitudinal; Lateral,MPC; Optimization/optimal control; Ramp metering; VSL/speed control; Lane-changing control,freeway bottleneck; on-ramp merge; freeway segment/corridor,ACC; VACS; V2I-equipped vehicles,Capacity drop; Bottleneck activation/throughput; Lane-changing friction / gaps; Queue formation/discharge,TTS; mean speed; throughput; ramp queue; lateral flow,present,"Updated setting, metrics, finding, and limitations from published study."
Undermind #48,Undermind catalog,M. Di Vaio et al. 2019,2019,Cooperative Shock Waves Mitigation in Mixed Traffic Flow Environment,"Marco Di Vaio, Giovanni Fiengo, Alberto Petrillo, Alessandro Salvi, Stefania Santini, and Manuela Tufo",IEEE Transactions on Intelligent Transportation Systems,https://doi.org/10.1109/TITS.2018.2883485,12,Analytical/modeling + HIL + simulation,mixed connected vehicle platoons; single-link traffic smoothing; bottleneck perturbation scenario,AV; CV; connected human-driven vehicles,Direct bottleneck/congestion mitigation,Foundational theory; Direct bottleneck/congestion mitigation; Longitudinal control; Cooperative merging/platooning,Tier 1,Cooperative longitudinal control with V2V delay compensation,shock-wave damping; stop-and-go mitigation; head-to-tail stability; speed disturbance attenuation,No/unclear,No,"Di Vaio et al. 2019 studied a cooperative longitudinal control protocol for autonomous vehicles in mixed connected traffic with multiple time-varying communication and human-reaction delays. The study showed analytical stability and HIL plus PLEXE simulation evidence that autonomous vehicles attenuated downstream speed disturbances and stop-and-go shock waves, but results were based on platoon-pattern simulations rather than network-scale field deployment.","Limited to modeled and simulated mixed platoons with HIL evidence for a small pattern, assumed connected human-driven vehicles, and did not evaluate full network routing or large-scale field operations.",Study details verified; DOI present,Kept / merged unique record,Longitudinal; Cooperative,Cooperative longitudinal control; Delay-robust control; String-stability control,Ring road / single-link traffic smoothing; freeway bottleneck perturbation,AV; CV; connected human-driven vehicles,Stop-and-go waves / flow stability; Shockwave propagation; Bottleneck perturbation,head-to-tail stability; speed error; disturbance amplification; wave damping,present,"Completed authors and revised method, setting, metrics, finding, and limitations from published study."
Undermind #49,Undermind catalog,Yaron Veksler 2024,2024,Cooperative Cruising: Reinforcement Learning based Time-Headway Control for Increased Traffic Efficiency,"Yaron Veksler, Sharon Hornstein, Han Wang, Maria Laura Delle Monache, and Daniel Urieli",arXiv,https://doi.org/10.48550/arXiv.2412.02520,,Analytical/modeling + simulation,single-lane and four-lane highway merge bottleneck in SUMO,ACC; CAV; AV; V2I,Direct bottleneck/congestion mitigation,Direct bottleneck/congestion mitigation; Longitudinal control; Cooperative merging/platooning; RL/MARL,Tier 1,RL-based time-headway control; fixed time-headway baseline,merge bottleneck congestion; density control; average speed improvement; entry-delay-adjusted average speed,Yes,No,"Veksler et al. 2024 studied centralized RL-based time-headway commands for ACC-equipped CAVs near highway merge bottlenecks in single-lane and multi-lane SUMO scenarios. The study reported up to 13% average-speed improvement in single-lane traffic and up to 7% in multi-lane traffic at 100% CAV penetration, but it remains simulation-only and requires calibration and real-world validation.","Preprint evidence, SUMO simulations only, vehicle and lane-changing behavior require calibration with real-world data, and deployment depends on traffic estimation, V2I communication, and ACC integration.",Study details verified; preprint DOI present,Kept / merged unique record,Longitudinal; Cooperative,RL/MARL; Headway control; Centralized control,freeway bottleneck; highway segment/corridor; on-ramp merge,ACC; CAV; AV; V2I,Bottleneck activation/throughput; Lane-changing friction / gaps; Network congestion distribution,average speed relative change; time delay reward; density; throughput; 95% confidence intervals,present,"Updated venue status, setting, control method, metrics, finding, and limitations from published study."
Undermind #50,Undermind catalog,Gihyeob An 2019,2019,Lane-Changing Trajectory Optimization to Minimize Traffic Flow Disturbance in a Connected Automated Driving Environment,Gihyeob An and Alireza Talebpour,2019 IEEE Intelligent Transportation Systems Conference (ITSC),https://doi.org/10.1109/ITSC.2019.8916942,1.4,Analytical/modeling + simulation,platoon in target lane under discretionary lane change,CAV; AV; V2V,Direct bottleneck/congestion mitigation,Foundational theory; Direct bottleneck/congestion mitigation; Longitudinal control; Lateral/lane-changing control,Tier 1,MPC; lane-changing trajectory optimization; longitudinal car-following control,lane-changing disturbance; shockwave magnitude; total deceleration effort; jerk; acceleration disturbance,Yes,No,"An and Talebpour 2019 studied joint optimization of a CAV lane-changing trajectory and MPC-based longitudinal response of the impacted target-lane vehicle. The study found that optimizing a sixth-order polynomial lane-change trajectory reduced total deceleration effort and produced less severe shockwaves, but the evaluation used simplified analytical and simulation scenarios with 100% CAV platoons.","Limited to discretionary lane-change scenarios, assumed V2V information and known MPC structure, used small simulated platoons with 100% CAV market penetration, and did not validate in field traffic.",Bibliographic details verified,Kept / merged unique record,Lateral; Longitudinal; Cooperative,MPC; Optimization/optimal control; Trajectory optimization; Lane-changing control,lane-changing scenario; platoon; freeway/highway segment,CAV; AV; V2V,Lane-changing friction / gaps; Shockwave propagation; Stop-and-go waves / flow stability,total deceleration effort; acceleration; jerk; shockwave magnitude; speed recovery,present,Comparator scenarios and lane-changing control details align with the published study.
﻿Undermind #51,Undermind catalog,Wang et al. 2016,2016,Connected variable speed limits control and car-following control with vehicle-infrastructure communication to resolve stop-and-go waves,"Meng Wang, Winnie Daamen, Serge P. Hoogendoorn, and Bart van Arem","Journal of Intelligent Transportation Systems, 20(6), 559–572",https://doi.org/10.1080/15472450.2016.1157022,14,Microscopic simulation; proof-of-concept integrated traffic and vehicle control,Two-lane 14 km freeway stretch with artificial bottleneck and stop-and-go waves,Connected intelligent vehicles with car-following control via V2I/DSRC,Direct bottleneck/congestion mitigation,Direct bottleneck/congestion mitigation; Longitudinal control; VSL/speed harmonization; Stop-and-go wave damping; Negative or mixed effects,Tier 1,Longitudinal traffic/vehicle control: link-level SPECIALIST VSL plus vehicle-level MPC car-following control using V2I speed-limit actuation,Stop-and-go waves/moving jams; capacity drop; TTS; detected/resolved/new jams; VSL control effort; state speed/density/flow; average fuel consumption,"Yes, but lateral decisions/maneuvers of CFC vehicles are human-driven; not AV-controlled",No,"Wang et al. (2016) studied a connected VSL and MPC-based car-following control system in a two-lane freeway bottleneck simulation. The study showed that V2I actuation of speed limits by CFC vehicles resolved stop-and-go waves in all tested mixed-CFC cases and reduced TTS by more than 80 veh-h versus uncontrolled all-human traffic and by more than 30 veh-h versus controlled all-human traffic, with lower average fuel consumption, but some new jams could be triggered downstream after VSL release.","Simulation-only proof of concept; assumes full CFC compliance with VSL, no sensor errors, negligible DSRC delay, simplified vehicle dynamics, and human-executed lane changes; SPECIALIST parameters were heuristically tuned rather than optimized; practical delays/human factors left for future work.",Study details verified; DOI verified,Kept / merged unique record,Longitudinal,VSL/speed harmonization; MPC; Car-following control; V2I/infrastructure control,Freeway bottleneck; single-link traffic smoothing; mixed traffic,Connected AV/IV; car-following control vehicles; V2I/DSRC,Stop-and-go waves / flow stability; Bottleneck activation/throughput; Capacity drop,TTS/travel time; resolved jams; new jams; VSL control effort; speed/flow/density; fuel consumption,present,Study details incorporated into the standardized coding.
Undermind #52,Undermind catalog,Yu and Yeo 2025,2025,Traffic control policies for minimizing the negative effect of Adaptive Cruise Control on highway,Hwapyeong Yu and Hwasoo Yeo,"Transportation Research Part C: Emerging Technologies, 173, 105063",https://doi.org/10.1016/j.trc.2025.105063,6.4,Microscopic simulation; traffic control policy evaluation,"Calibrated SR99-N highway corridor in Sacramento with merging and weaving bottlenecks, mixed ACC/HDV traffic",Commercial ACC mixed with human-driven vehicles; ACC time-gap modes,Direct bottleneck/congestion mitigation,Direct bottleneck/congestion mitigation; Longitudinal control; Ramp metering/VSL; ACC gap policy; Negative or mixed effects; Safety tradeoffs,Tier 1,"Traffic control policy for longitudinal behavior: ramp metering, VSL, ACC Prohibited Area, ACC gap recommendation, and combined RM+VSL+APA or RM+GR policies",ACC-induced capacity reduction from long gaps and string instability; merging/weaving bottleneck congestion; average flow; average delay; VHT; speed contour maps; TTC/TET/P* safety risk,"Yes, AIMSUN lane-changing model; ACC lane changing assumed same as HDV behavior",No/unclear,"Yu and Yeo (2025) evaluated highway traffic-control policies for mixed ACC/HDV traffic on a calibrated SR99-N corridor. RM and VSL mainly reduced accident risk but were weak for congestion relief, while APA and gap recommendation reduced congestion but increased risk; combined policies offset these drawbacks, reducing VHT by 82.65% for RM+VSL+APA and 85.42% for RM+GR at 50% ACC compared with the no-policy 50% ACC case without increasing overall risk.","Simulation-only and site-specific; GR assumes 100% compliance for policy-performance testing, while real VMS-based compliance/enforcement and ACC-use monitoring are uncertain; results depend on ACC gap distribution, calibrated AIMSUN behavior, and selected SR99 demand/geometry; field validation and sensitivity analyses are needed.",Study details verified; DOI verified; author spelling corrected to Hwasoo Yeo,Kept / merged unique record,Longitudinal; Infrastructure/traffic management,Ramp metering; VSL/speed harmonization; ACC use restriction; ACC gap recommendation; Policy combination,Highway segment/corridor; freeway merging/weaving bottleneck; mixed traffic,Commercial ACC; mixed ACC/HDV traffic,Bottleneck activation/throughput; Capacity drop; Queue formation/discharge; Stop-and-go waves / flow stability; Merging/weaving friction,VHT; average delay; average flow; speed contours; TTC/TET/P* safety risk,present,upgraded to Tier 1 because the paper directly tests congestion-mitigation policies for ACC-induced highway bottleneck congestion.
Undermind #53,Undermind catalog,Gunter et al. 2021,2021,Are Commercially Implemented Adaptive Cruise Control Systems String Stable?,"George Gunter, Derek Gloudemans, Raphael E. Stern, Sean McQuade, Rahul Bhadani, Matt Bunting, Maria Laura Delle Monache, Roman Lysecky, Benjamin Seibold, Jonathan Sprinkle, Benedetto Piccoli, and Daniel B. Work","IEEE Transactions on Intelligent Transportation Systems, 22(11), 6992–7003",https://doi.org/10.1109/TITS.2020.3000682,39,Field experiment; empirical model calibration; string-stability analysis; platoon simulation/validation,Two-vehicle ACC car-following field tests and eight-vehicle homogeneous ACC platoon experiment on road/highway test routes,Commercial SAE Level 1 ACC vehicles,Longitudinal control,Longitudinal control; ACC string instability; Stop-and-go wave formation; Negative or mixed effects,Tier 2,Longitudinal ACC behavior assessment using calibrated second-order delay differential car-following models and string-stability analysis,String instability and phantom-jam mechanism; speed disturbance amplification; speed/spacing MSE; inter-vehicle spacing; ACC disengagement threshold,No,No,"Gunter et al. (2021) tested seven commercially available 2018 ACC vehicle models using more than 1,200 miles of car-following data and calibrated delay-differential car-following models. All tested ACC systems were string unstable, and an eight-vehicle platoon experiment amplified a 6 mph lead-vehicle disturbance to a 25 mph disturbance, causing the final ACC vehicle to disengage; this provides direct evidence that current commercial ACC can worsen disturbance propagation rather than damp stop-and-go waves.",Empirical evidence is limited to seven 2018 models from two makes and selected min/max following settings; ACC logic is black-box and approximated by fitted models; no direct network-scale congestion mitigation test; authors note higher-fidelity models and comparisons with human drivers are future work.,Study details verified; DOI verified; year corrected from catalog metadata to journal issue year,Kept / merged unique record,Longitudinal,ACC/CACC; Empirical calibration; String-stability analysis,ACC platoon / car-following field test; single-lane platoon,Commercial ACC,Stop-and-go waves / flow stability; String instability; Phantom jams,string stability/wave damping; speed disturbance amplification; speed/spacing error; ACC disengagement,present,publication year standardized to 2021 based on journal issue metadata.
Undermind #54,Undermind catalog,Chenguang Zhao 2023,2023,Safety-critical traffic control by connected automated vehicles,Chenguang Zhao; Huan Yu; Tamas G. Molnar,Transportation Research Part C: Emerging Technologies,https://doi.org/10.1016/j.trc.2023.104230,14,Analytical/modeling + numerical simulation with real trajectory input,single-lane mixed-autonomy vehicle chain; CAV following head HV and leading following HVs/CHV,CAV; V2V connectivity; partial-state feedback via connected human-driven vehicle,Longitudinal control,Direct bottleneck/congestion mitigation; Longitudinal control; Safety-critical control; Stop-and-go wave damping; String stability,Tier 1,Longitudinal control; safety-critical traffic control; control barrier functions; quadratic-program safety filter; observer-based CBF; leading cruise control / connected traffic control,string instability; stop-and-go oscillations; spacing; velocity; acceleration; CBF safety functions; head-to-tail string stability; TH/TTC/SDH safety policies; collision avoidance,No,No,"Zhao et al. (2023) studied a CBF-based safety filter for CAV longitudinal traffic control in a single-lane mixed-autonomy chain. The study showed that STC can maintain collision-free behavior while preserving the stabilizing benefits of a nominal traffic-smoothing controller, including simulations driven by real NGSIM head-vehicle trajectories.",Simulation-only evidence; simplified single-lane setting; following HVs modeled with car-following assumptions; lateral lane-changing/cut-in dynamics are outside scope; safety constraints can sacrifice string stability when safety and stability conflict.,Study details verified from the published study; published version verified; original arXiv venue corrected to journal version,Kept / merged unique record,Longitudinal,Safety-critical control; CBF; quadratic programming; observer-based control; LCC/CTC,single-lane mixed traffic; vehicle chain; freeway/highway longitudinal flow,CAV; V2V; partial connectivity,Stop-and-go waves / flow stability; String instability; Safety-stability tradeoff,speed/stability; string stability/wave damping; safety/risk; spacing/headway,present,Evidence quality: Study details verified. Strong synthesis example for safety layer in CAV-based traffic smoothing.
Undermind #55,Undermind catalog,Yu Bai 2021,2021,A motion planner enabling cooperative lane changing: Reducing congestion under partially connected and automated environment,Yu Bai; Yu Zhang; Jia Hu,"Journal of Intelligent Transportation Systems: Technology, Planning, and Operations",https://doi.org/10.1080/15472450.2020.1820332,2.9,Analytical/modeling + simulation/case study with sensitivity analysis,two-lane lane-changing scenario; receiving-gap preparation; partially connected and automated environment,"CAVs with V2V communication and longitudinal automation; CLC-1 uses vehicles D and E; CLC-2 uses vehicles C, D, and E",Lateral/lane-changing control,Direct bottleneck/congestion mitigation; Lateral/lane-changing control; Cooperative merging/platooning; MPC/optimal control; Shockwave/oscillation reduction,Tier 1,Cooperative lane-changing control; longitudinal cooperative gap creation; model predictive control solved by dynamic-programming-based numerical method,lane-changing friction; shockwaves from cut-in/gap creation; traffic oscillation; minimum speed; fuel consumption; CO2/HC/CO/NOx emissions; computation time,Yes,No,"Bai et al. (2021) studied cooperative lane-changing motion planning using longitudinal CAV control to enlarge the receiving gap before a lane change. The study reported traffic-oscillation reductions of 0.1%–9.4%, fuel-efficiency gains up to 6.72%, emissions reductions up to 36.41%, and 17–21 ms computation time, but benefits depended strongly on initial receiving-gap headway.",Simulation-only comparison against IDM/polite human baseline; steering/lateral dynamics are not modeled; controller currently assumes CAV participation and does not work directly with conventional vehicles; following-vehicle oscillation benefit is not always guaranteed and depends on initial gap.,Study details verified from the published study; citation year corrected to journal volume year 2021 while DOI remains 2020 online DOI,Kept / merged unique record,Lateral; Cooperative; Longitudinal,MPC; dynamic programming; cooperative lane-change motion planning,lane-changing; merge/receiving gap; two-lane arterial/freeway-like segment,CAV; V2V; longitudinal automation; partial connectivity,Lane-changing friction / gaps; Shockwaves / traffic oscillation,speed/stability; fuel/emissions/energy; computation time,present,Evidence quality: Study details verified. Useful for lateral/cooperative-control taxonomy because it targets lane-change-induced shockwaves rather than only maneuver feasibility.
Undermind #56,Undermind catalog,Filip Vrbanić 2021,2021,Variable Speed Limit and Ramp Metering for Mixed Traffic Flows: A Review and Open Questions,Filip Vrbanić; Edouard Ivanjko; Krešimir Kušić; Dino Cakija,Applied Sciences,https://doi.org/10.3390/app11062574,11,Review/survey,urban motorways; freeway bottlenecks; ramp merging areas; mixed traffic flows,AVs and CAVs in mixed traffic; V2V/V2I/V2X-enabled compliance with VSL and merging-control strategies,Traffic management / VSL and ramp metering,Longitudinal control; Cooperative merging/platooning; Review/survey; VSL/speed control; Ramp metering; Reinforcement learning,Tier 2,Variable speed limits; ramp metering; merging control; classical feedback/control; MPC; optimization; RL/DRL approaches,bottleneck activation; capacity drop; shockwave propagation; ramp-merging turbulence; speed heterogeneity; TT/TTT/TTS; LoS; speed; density; flow; delay; throughput; safety; fuel/emissions,Varies/unclear,Varies/unclear,"Vrbanić et al. (2021) reviewed VSL and ramp-metering/merging-control strategies for mixed AV/CAV traffic on urban motorways. The review found that VSL and RM can mitigate bottleneck congestion and capacity-drop effects, while mixed traffic creates new opportunities through AV/CAV compliance and connectivity, but also open issues around penetration rate, communication reliability, and controller coordination.","Review only, with no new simulation or field validation; literature search limited to English online papers from January 2010 to October 2020 in Scopus, IEEE, and Web of Science; focuses on VSL/RM and merging control rather than vehicle-level AV control alone.",Study details verified from the published study; DOI and open-access version verified,Kept / merged unique record,Longitudinal; Cooperative,Review/survey; VSL; ramp metering; merging control; MPC; optimization; RL/DRL,urban motorway; freeway bottleneck; ramp merge; mixed traffic,AV; CAV; V2V/V2I/V2X; mixed traffic,Bottleneck activation/throughput; Capacity drop; Shockwaves; Merging turbulence; Speed heterogeneity,delay/travel time/queue; speed/stability; throughput/flow; density/LoS; safety/risk; fuel/emissions/energy,present,Evidence quality: Study details verified. Good synthesis source for positioning AV/CAV congestion mitigation within motorway VSL/RM and mixed-traffic control.
Undermind #57,Undermind catalog,Lin Liu 2024,2024,Reinforcement-Learning-Based Multilane Cooperative Control for On-Ramp Merging in Mixed-Autonomy Traffic,"Lin Liu, Xiaoxuan Li, Yongfu Li, Jingxiang Li, and Zhongyang Liu",IEEE Internet of Things Journal,https://doi.org/10.1109/JIOT.2024.3447039,10,Simulation; MARL control framework,multilane freeway on-ramp merging in mixed-autonomy traffic; SUMO/FLOW simulated single-lane and three-lane ramp scenarios,CAVs with V2V/V2I/RSU information; mixed CAV/HDV traffic; graph-based cooperative decision control,Direct bottleneck/congestion mitigation,Direct bottleneck/congestion mitigation; Cooperative merging/platooning; RL/MARL; Lateral/merging,Tier 1,Lateral lane-changing/cooperative merging; graph convolutional PPO multi-agent reinforcement learning (GCAV-CPO),"Merge bottleneck and lane-changing friction; evaluated with fuel consumption, CO2 emissions, travel time, TTC, reward, traffic pressure modes, and CAV penetration rates",Yes,No/unclear,"Liu et al. (2024) proposed GCAV-CPO, a graph-convolutional PPO/MARL controller for CAV lane-change decisions in multilane on-ramp merging under mixed autonomy. The study reported better traffic efficiency, safety, and energy/emissions outcomes than D3QN, PPO, and GCQ across traffic-pressure modes and CAV penetration rates, using travel time, fuel consumption, CO2, and TTC as metrics.",Simulation-only evidence in a stylized SUMO/FLOW ramp environment; assumes perfect V2X communication with no packet loss or delay; no field validation; congestion improvement is inferred mainly from travel-time/energy/safety metrics rather than explicit capacity-drop or queue-discharge measures.,Published study; DOI verified,Kept / merged unique record,Lateral/merging; Cooperative,Graph MARL; PPO; GCN; cooperative lane-changing reward,Multilane freeway on-ramp merge; mixed traffic,CAVs with V2V/V2I; HDVs,Merge bottleneck; lane-changing friction; merging turbulence; travel-time delay,Fuel consumption; CO2 emissions; travel time; TTC; reward; CAV penetration-rate sensitivity,present,Enriched from the published study
Undermind #58,Undermind catalog,M. Wang 2016,2016,Cooperative Car-Following Control: Distributed Algorithm and Impact on Moving Jam Features,"M. Wang, W. Daamen, S. Hoogendoorn, and B. Arem",IEEE Transactions on Intelligent Transportation Systems,https://doi.org/10.1109/TITS.2015.2505674,15,Control algorithm development; microscopic simulation impact study,two-lane freeway with temporary VSL-induced bottleneck and moving jams; mixed traffic with CFC/C-CFC penetration rates,Autonomous car-following control (CFC) and cooperative CFC (C-CFC) vehicles using sensors and V2V communication,Direct bottleneck/congestion mitigation,Direct bottleneck/congestion mitigation; Longitudinal control; Cooperative merging/platooning; Stop-and-go wave damping; Capacity drop,Tier 1,Longitudinal car-following; receding-horizon/model predictive control with decentralized CFC and distributed cooperative C-CFC algorithms,"Moving jam formation/propagation and capacity drop; evaluated with TTS, average outflow, jam area, jam flow/speed, jam-head velocity, cross-lane speed difference, and fuel consumption",Yes,No/unclear,"Wang et al. (2016) developed decentralized CFC and distributed cooperative C-CFC receding-horizon controllers and tested them in a two-lane freeway bottleneck simulation. The study found that CFC mitigated capacity drop and reduced jam size/fuel consumption, while C-CFC damped stop-and-go waves and at 10% penetration prevented persistent waves in the tested bottleneck, measured with outflow, TTS, jam area, jam speed/flow, jam propagation, and fuel consumption.",Simulation-only evidence with a temporary speed-limit bottleneck rather than a geometric merge; assumes perfect sensors/V2V and negligible communication delay; controls only longitudinal motion while lane-changing remains human-driven; results may differ for other bottleneck types and real traffic.,Published study; DOI verified,Kept / merged unique record,Longitudinal,Receding-horizon/MPC; distributed cooperative car-following control; decentralized CFC,Two-lane freeway bottleneck; mixed traffic,CFC/C-CFC; V2V cooperative vehicles; human-driven vehicles,Stop-and-go waves; moving jam propagation; capacity drop; bottleneck discharge,TTS; average outflow; jam area; jam flow/speed; jam-head velocity; cross-lane speed difference; fuel consumption,present,Enriched from the published study
Undermind #59,Undermind catalog,Anastasia Spiliopoulou 2018,2018,Adaptive Cruise Control Operation for Improved Motorway Traffic Flow,"Anastasia Spiliopoulou, Diamantis Manolis, Foteini Vandorou, and M. Papageorgiou",Transportation Research Record,https://doi.org/10.1177/0361198118796020,4.9,ACC-based traffic control strategy; calibrated microscopic simulation,real A20 motorway stretch in the Netherlands; recurrent on-ramp bottleneck congestion; mixed manual/ACC traffic,Connected ACC-equipped vehicles with dynamically adjusted time-gap settings via infrastructure/traffic-management-center decisions,Direct bottleneck/congestion mitigation,Direct bottleneck/congestion mitigation; Longitudinal control; ACC/CACC; Capacity-drop reduction,Tier 1,Longitudinal ACC time-gap control; real-time feedback strategy using section flow and speed,"On-ramp bottleneck, congestion onset delay/prevention, capacity increase, and capacity-drop/discharge-flow mitigation; evaluated with AVD, TFC, capacity flow, discharge flow, and speed contour diagrams",No/unclear,No/unclear,"Spiliopoulou et al. (2018) studied a real-time connected-ACC time-gap control strategy on a calibrated AIMSUN model of the A20 motorway on-ramp bottleneck. The complete strategy reduced average vehicle delay and fuel consumption even at low ACC penetration and, at 60% penetration, avoided congestion in all replications, measured using AVD, TFC, capacity flow, discharge flow, and speed contour plots.",Simulation-only evidence; ACC dynamics are represented with IDM and only the time-gap setting is dynamically adapted; assumes connected ACC/V2I operation and no field deployment; quantitative gains may change with real ACC implementations and other sites.,Published study; DOI verified,Kept / merged unique record,Longitudinal,Real-time ACC time-gap feedback control; infrastructure-based speed/flow strategy,Freeway/motorway on-ramp bottleneck; mixed manual/ACC traffic,Connected ACC-equipped vehicles; manual vehicles,Congestion onset; bottleneck activation; capacity drop; queue discharge; space-time congestion extent,Average vehicle delay; total fuel consumption; capacity flow; discharge flow; ACC time-gap intervention time; spatiotemporal speed,present,Enriched from the published study
Undermind #60,Undermind catalog,Vasileios Markantonakis 2019,2019,Integrated Traffic Control for Freeways using Variable Speed Limits and Lane Change Control Actions,"Vasileios Markantonakis, Dimitrios Ilias Skoufoulas, Ioannis Papamichail, and Markos Papageorgiou",Transportation Research Record,https://doi.org/10.1177/0361198119846476,2.3,Microscopic simulation / feedback-control evaluation,freeway lane-drop bottleneck; hypothetical freeway corridor,VACS; connected vehicles,Direct bottleneck/congestion mitigation,Direct bottleneck/congestion mitigation; Longitudinal control; Lateral/lane-changing control; VSL/speed control,Tier 1,Integrated VSL mainstream traffic flow control plus lane-changing control; PI feedback for VSL; LQ/LQR feedback-feedforward LCC,capacity drop; bottleneck throughput; TTT; speed; density; outflow; penetration rate,Yes,No/unclear,"Markantonakis et al. (2019) studied integrated mainstream traffic-flow control via VSL and lane-changing control using connected vehicles in a microscopic Aimsun lane-drop bottleneck. The study found that VSL avoided capacity drop and LCC improved lane assignment/capacity, with the integrated strategy reducing TTT and maintaining higher outflow even at low connected-vehicle penetration, but the evidence is simulation-only.",Hypothetical lane-drop network; assumes full compliance of connected vehicles and no communication delays; results depend on microscopic model assumptions and limited bottleneck layout; field validation not included.,DOI verified in published study; Study details verified,Kept / merged unique record,Longitudinal; Lateral/lane-changing,VSL/speed control; Lane-changing control; PI feedback; LQR/feedback-feedforward,lane-drop bottleneck; freeway bottleneck; freeway segment/corridor,VACS; connected vehicles,Capacity drop; Bottleneck activation/throughput; Lane-changing friction / lane imbalance,TTT/travel time; throughput/outflow; speed; density; capacity drop; penetration rate,present,Study details verified; upgraded from needs verification and Tier 2 to Tier 1 because it directly targets bottleneck throughput and capacity-drop mitigation.
Undermind #61,Undermind catalog,Tianyi Chen 2021,2021,Connected and automated vehicle distributed control for on-ramp merging scenario: A virtual rotation approach,"Tianyi Chen, Meng Wang, Siyuan Gong, Yang Zhou, and Bin Ran",Transportation Research Part C,https://doi.org/10.1016/j.trc.2021.103451,17,Analytical/modeling; numerical simulation,on-ramp merge; merging control area; pure CAV environment,CAV,Direct bottleneck/congestion mitigation,Direct bottleneck/congestion mitigation; Cooperative merging/platooning; Lateral/lane-changing control; Longitudinal control; String stability,Tier 1,Virtual rotation / virtual car-following formulation; distributed cooperative longitudinal feedback-feedforward control; multi-leader communication topology; ELQR lateral control,merging voids; traffic oscillations; string stability; spacing/speed/acceleration trajectories; L2 norm energy; lateral/angular/steering deviation,Yes,No/unclear,"Chen et al. (2021) proposed a virtual-rotation CAV cooperative merging controller that converts on-ramp merging into a virtual car-following problem with distributed longitudinal control and local lateral control. Numerical simulations showed reduced merging voids and attenuation of traffic oscillations/string instability, measured by speed, acceleration, spacing, L2-norm energy, and lateral-deviation metrics, but the study is limited to a pure CAV, simulation-based setting.","Pure CAV environment; one mainline lane and one ramp lane; assumes intelligent infrastructure, negligible communication delays, FIFO sequencing, and second-order vehicle dynamics; limited empirical/field validation.",Published version verified from the published study; venue corrected from ArXiv to Transportation Research Part C; Study details verified,Kept / merged unique record,Longitudinal; Lateral/lane-changing; Cooperative,Distributed feedback-feedforward control; Virtual car-following / virtual rotation; Cooperative merging; ELQR lateral control; String-stability analysis,on-ramp merge; merge/merging area,CAV,Merging voids; Traffic oscillations/string instability; Merging turbulence; Bottleneck activation/throughput,speed/stability; acceleration; spacing error; L2 norm/string stability; lateral/angular deviation,present,"Study details verified; DOI corresponds to published TRC article, not just ArXiv preprint."
Undermind #62,Undermind catalog,Mladen Čičić 2022,2022,Platoon-actuated variable area mainstream traffic control for bottleneck decongestion,"Mladen Čičić, Cecilia Pasquale, Silvia Siri, Simona Sacone, and Karl Henrik Johansson",European Journal of Control,https://doi.org/10.1016/j.ejcon.2022.100687,3.6,Analytical/modeling; macroscopic CTM simulation; predictive-control evaluation,freeway bottleneck; stationary bottleneck; 20-km three-lane freeway simulation,CAV truck platoons,Direct bottleneck/congestion mitigation,Direct bottleneck/congestion mitigation; Cooperative merging/platooning; Longitudinal control; Mainstream traffic control,Tier 1,Platoon-actuated mainstream traffic control; predictive control; variable-length controlled area; moving-bottleneck / tandem-queueing model,bottleneck decongestion; capacity drop; queue length; TTS; relative delay; computation time; outflow/throughput,No explicit lane-changing; platoon lane-occupation/configuration controlled,No/unclear,"Čičić et al. (2022) studied platoon-actuated mainstream traffic control in which CAV truck platoons regulate speed and lane occupation upstream of a freeway bottleneck using a prediction-based variable-area controller. Macroscopic simulations showed that the method eliminated roughly 60–80% of congestion delay relative to no control, measured using TTS, relative delay, and computation time, while the variable-area version reduced computational burden with similar performance.",Macroscopic simulation only; assumes availability of platoons and complete traffic/platoon state information; microscopic validation remains future work; control creates moderate upstream controlled congestion and may benefit from integration with ramp metering.,DOI verified in published study; Study details verified,Kept / merged unique record,Cooperative; Longitudinal,Platooning; Predictive control; Moving bottleneck control; Mainstream traffic control; CTM/tandem queueing,freeway bottleneck; stationary bottleneck; freeway segment/corridor,CAV truck platoons,Bottleneck activation/throughput; Capacity drop; Queue formation/discharge,TTS/travel time; relative delay; queue/congestion; throughput/outflow; computation time,present,Study details verified; upgraded from Tier 2 to Tier 1 because it directly evaluates bottleneck decongestion and delay reduction.
Undermind #63,Undermind catalog,Sicong Guo 2022,2022,Connected Cruise and Traffic Control for Pairs of Connected Automated Vehicles,"Sicong Guo, Gábor Orosz, and Tamas G. Molnar",IEEE Transactions on Intelligent Transportation Systems,https://doi.org/10.1109/TITS.2023.3285852,6.2,Analytical/modeling; simulation,single-lane mixed traffic car-following corridor,CAV; AV; HV mixed traffic,Longitudinal traffic smoothing / string-stability control,Direct bottleneck/congestion mitigation; Longitudinal control; Cooperative control; String stability / wave damping,Tier 1,Connected cruise and traffic control for paired CAVs; stability-based longitudinal cooperative control,stop-and-go wave / string instability mitigation; speed fluctuation attenuation; CAV penetration effects,No,No,"Guo et al. studied connected cruise and traffic control for pairs of CAVs in mixed traffic, where two communicating CAVs regulate their longitudinal motion while stabilizing the human-driven vehicles between them. Simulations showed that CAV pairs can mitigate stop-and-go congestion and achieve head-to-tail string stability at lower penetration than disconnected ACC vehicles, measured using speed fluctuation and string-stability metrics.","Simulation and analytical stability study only; assumes single-lane car-following, selected human-driver models, and no formal safety guarantee for the controller; lane-changing, bottleneck geometry, and field validation are not addressed.",Study details verified from the published study; DOI verified in the published study,Kept / merged unique record,Longitudinal; Cooperative,Connected cruise control; Connected traffic control; Car-following/string-stability control,freeway/highway segment; single-lane mixed traffic,CAV; AV; HV mixed traffic,Stop-and-go waves / flow stability; String instability,speed/stability; string stability/wave damping,present,
Undermind #64,Undermind catalog,Chengying Hua 2023,2023,Dynamic speed harmonization for mixed traffic flow on the freeway using deep reinforcement learning,Chengying Hua and Wei (David) Fan,IET Intelligent Transport Systems,https://doi.org/10.1049/itr2.12429,3.8,DRL simulation/benchmark,freeway weaving area / freeway segment,CAV; HDV mixed traffic; V2X-enabled speed harmonization,Direct bottleneck/congestion mitigation,Direct bottleneck/congestion mitigation; Longitudinal control; RL/MARL; Speed harmonization; Mixed traffic,Tier 1,Dynamic speed harmonization using DDPG deep reinforcement learning; lane-differentiated VSL/DSH,bottleneck speed smoothing; shockwave and speed oscillation damping; mobility safety and emissions impacts,Yes - default SUMO lane-changing model only; lane changing not controlled,No,"Hua and Fan studied DRL-based dynamic speed harmonization for mixed HDV-CAV freeway traffic near a weaving bottleneck. The study found that CAV-powered DSH improved safety and mean travel time and smoothed bottleneck speed variations, while environmental benefits appeared mainly at higher CAV penetration rates, measured using accumulated emergency deceleration, mean travel time, CO2, CO, fuel consumption, and spatiotemporal speed patterns.","Simulation-only SUMO case study on a 2 km I-80 segment; uses a single-agent controller, assumed CAV/HDV behavior and headways, and no real-world deployment; sustainability trade-offs occur at low CAV penetration rates.",Study details verified from the published study; DOI verified in the published study,Kept / merged unique record,Longitudinal,RL/MARL; DDPG; Speed harmonization / VSL,freeway segment/corridor; weaving area; bottleneck,CAV; HDV mixed traffic,Bottleneck activation/throughput; Stop-and-go waves / flow stability; Speed breakdown / shockwaves,speed/stability; safety/risk; travel time; fuel/emissions/energy,present,
Undermind #65,Undermind catalog,Shoucai Jing 2022,2022,Integrated Longitudinal and Lateral Hierarchical Control of Cooperative Merging of Connected and Automated Vehicles at On-Ramps,"Shoucai Jing, Fei Hui, Xiangmo Zhao, Jackeline Rios-Torres, and Asad J. Khattak",IEEE Transactions on Intelligent Transportation Systems,https://doi.org/10.1109/TITS.2022.3204033,12,Control design; CarSim/Simulink co-simulation,on-ramp merge; single-lane mainline and single-lane ramp control zone,CAV,Direct bottleneck/congestion mitigation,Direct bottleneck/congestion mitigation; Longitudinal control; Lateral/lane-changing control; Cooperative merging/platooning,Tier 1,Hierarchical decentralized cooperative merging control; upper-level optimal longitudinal control; lower-level PI speed tracking and DNMPC lateral tracking/collision avoidance,merging conflict reduction; traffic efficiency; fuel consumption; smooth speed/trajectory tracking; lateral collision avoidance,Yes,No,"Jing et al. studied integrated longitudinal and lateral hierarchical cooperative merging control for CAVs at on-ramps. The CarSim/Simulink case studies showed safe smooth merging, no stop-and-go behavior in the tested cases, real-time feasible DNMPC computation, and fuel-consumption reductions of 21.9% and 3.9% versus baseline scenarios, measured using trajectories, speed/acceleration profiles, tracking error, computation time, and fuel consumption.","Simulation-only validation with limited vehicle counts and CAV-only/high-automation assumptions; does not model mixed traffic, communication uncertainty, or information interference; lower-level acceleration/jerk tracking and passenger comfort remain unresolved.",Study details verified from the published study; DOI verified in the published study,Kept / merged unique record,Longitudinal; Lateral/merging; Cooperative,Optimization/optimal control; NMPC; PI control; Cooperative merging,on-ramp merge; merge/merging area,CAV,Bottleneck activation/throughput; Lane-changing friction / gaps; Merging turbulence,speed/stability; fuel/emissions/energy; tracking error; safety/collision avoidance; computation time,present,
Undermind #66,Undermind catalog,Ye Li 2023,2023,Developing a Dynamic Speed Control System for Mixed Traffic Flow to Reduce Collision Risks Near Freeway Bottlenecks,"Ye Li, Bin Pan, Zhibin Chen, and Lu Xing",IEEE Transactions on Intelligent Transportation Systems,https://doi.org/10.1109/TITS.2023.3287269,10,Simulation; control algorithm design,two-lane freeway bottleneck; freeway segment/corridor,CAV; mixed CAV-HDV traffic; V2V/V2I communication,Direct bottleneck/congestion mitigation,Longitudinal control; Lateral/lane-changing control; Safety/risk; Direct bottleneck/congestion mitigation,Tier 1,CAV dynamic speed control; dynamic deceleration moving-barrier control; uniform lane-changing strategy,Shock-wave/bottleneck slowdown; collision risk; TET; TIT; mean travel time; CAV MPR; communication range,Yes,No/unclear,"Li et al. (2023) developed a CAV-based dynamic speed control system near freeway bottlenecks using proactive dynamic deceleration to form moving barriers and a uniform lane-changing strategy to distribute CAVs across lanes. The simulations showed reduced collision risk measured by TET/TIT and improved or weakly affected mean travel time, with uniform lane-changing further improving the dynamic deceleration strategy.","Simulation-only evidence in a simplified two-lane bottleneck; assumes controlled CAV compliance, instantaneous lane changes, fixed bottleneck speed reduction, and no field validation.",Study details verified; DOI verified,Kept / merged unique record,Longitudinal; Lateral/merging; Cooperative,Dynamic speed control; CAV moving-barrier control; lane-changing optimization; Q-learning / simulated annealing / enumeration,freeway bottleneck; freeway segment/corridor,CAV; mixed CAV-HDV traffic,Bottleneck activation/throughput; Stop-and-go waves / flow stability; Safety/collision risk; Lane-changing friction / gaps,safety/risk; delay/travel time/queue; speed/stability,present,Enriched from the published study
Undermind #67,Undermind catalog,Xiaoyu Liu 2024,2024,Decentralized Hierarchical Trajectory Programming for Mixed Traffic Flow at the Tunnel Entrance Bottleneck Area,"Xiaoyu Liu, Min Zhao, Liuping Wang, Dihua Sun, and Yicai Zhang",IEEE Transactions on Vehicular Technology,https://doi.org/10.1109/TVT.2024.3423443,1.3,Simulation; trajectory optimization; control algorithm design,tunnel entrance bottleneck; lane-drop bottleneck; mixed traffic,CAV; mixed CAV-HV traffic; V2X; RSU-supported sensing,Direct bottleneck/congestion mitigation,Direct bottleneck/congestion mitigation; Lateral/lane-changing control; Longitudinal control; Cooperative trajectory control,Tier 1,Decentralized hierarchical trajectory programming; LV-MCTS lane-change sequencing; MILP longitudinal acceleration optimization,Lane-drop bottleneck congestion; tunnel entrance speed-limit transition; average travel time; fuel efficiency/consumption; vehicle count at bottleneck; CAV penetration rate; time-delay degradation,Yes,No/unclear,"Liu et al. (2024) proposed a decentralized hierarchical CAV trajectory-programming framework for mixed traffic at a tunnel entrance lane-drop bottleneck, combining LV-MCTS for lane-change decisions with MILP for longitudinal acceleration profiles. SUMO-based numerical studies showed reduced congestion, average travel time, and fuel consumption for CAVs, HVs, and mixed traffic, but performance degraded under communication/data delay.","Simulation-only evidence for a stylized tunnel entrance bottleneck; relies on V2X/RSU state availability, simplified vehicle assumptions, SUMO/IDM behavior models, limited benchmark comparability, and no field validation.",Study details verified; DOI verified,Kept / merged unique record,Longitudinal; Lateral/merging; Cooperative,Trajectory optimization; LV-MCTS; MILP; decentralized control,tunnel entrance bottleneck; lane-drop bottleneck; freeway bottleneck,CAV; mixed CAV-HV traffic,Bottleneck activation/throughput; Queueing/delay; Lane-changing friction / gaps; Stop-and-go waves / flow stability,delay/travel time/queue; fuel/energy/emissions; throughput/capacity; speed/stability,present,Enriched from the published study
Undermind #68,Undermind catalog,Miao Yu 2019,2019,Optimal Variable Speed Limit Control in Connected Autonomous Vehicle Environment for Relieving Freeway Congestion,Miao Yu and Wei David Fan,"Journal of Transportation Engineering, Part A: Systems",https://doi.org/10.1061/JTEPBS.0000227,4.7,Simulation; analytical/modeling; optimization,freeway corridor with multiple bottlenecks; real-world I-5 case study,"CAV; AV; mixed human-driven cars, trucks, and AV/CAV traffic; V2V/V2I/I2V communication",Direct bottleneck/congestion mitigation,Direct bottleneck/congestion mitigation; Longitudinal control; VSL/speed harmonization; CAV communication,Tier 1,Optimal VSL control in CAV environment; extended CTM with capacity drop and mixed traffic; genetic algorithm optimization,Multiple bottleneck congestion; capacity decrease/drop; shock waves; TTT; average delay; number of stops; bottleneck flow; CO2/NOx/particulate emissions; CAV penetration; communication range,No/unclear,No/unclear,"Yu and Fan (2019) developed an optimal VSL strategy for a CAV environment using an extended CTM with capacity decrease and mixed traffic, solved by a genetic algorithm and tested on a real-world I-5 freeway corridor with multiple bottlenecks. The integrated VSL with V2V/V2I/I2V communication improved TTT, delay, stops, bottleneck discharge stability, and emissions compared with no control and VSL-only cases.","Simulation-only VISSIM/MATLAB evidence; CAVs modeled through IDM assumptions, communication delay not considered, on-ramp truck percentages simplified, and no field deployment validation.",Study details verified; DOI verified,Kept / merged unique record,Longitudinal,VSL/speed harmonization; CTM-based optimization; genetic algorithm; V2X-enabled control,freeway segment/corridor; freeway bottleneck,CAV; AV; mixed traffic,Bottleneck activation/throughput; Capacity drop; Stop-and-go waves / flow stability; Queueing/delay,delay/travel time/queue; throughput/capacity; speed/stability; fuel/energy/emissions,present,Enriched from the published study
Undermind #69,Undermind catalog,Lapardhaja et al. 2023,2023,Unlocking potential capacity benefits of electric vehicles (EVs) with adaptive cruise control (ACC),"Servet Lapardhaja, Kemal Ulas Yagantekin, Mingyuan Yang, Tasnim Anika Majumder, Xingan (David) Kan, and Mohamed Badhrudeen",Transportmetrica B: Transport Dynamics,https://doi.org/10.1080/21680566.2023.2271668,5.9,Field experiment / empirical car-following study,controlled car-following experiments representing bottleneck queue formation/discharge; freeway-relevant conditions,ACC-equipped EVs,Longitudinal control / ACC capacity effects,Longitudinal control; ACC/CACC; Negative or mixed effects; Direct bottleneck/congestion mitigation,Tier 2,ACC car-following; empirical longitudinal control behavior,headway/time gap; estimated capacity; queue discharge; speed fluctuation response,No,No,"Lapardhaja et al. (2023) studied commercially available ACC on EVs using controlled field car-following experiments under steady-state and speed-fluctuation/queue-discharge conditions. The study found that some EV-ACC systems could sustain short headways as low as 1.23 s and an estimated capacity up to 2,931 veh/hr/lane, but results varied by manufacturer, with Tesla behaving more like ICE ACC.","Limited to controlled two-vehicle field tests; no lane-changing or full traffic-stream validation; results may vary by ACC manufacturer/software; larger platoon, mixed-traffic, and simulation studies are needed.",Study details verified; author list completed; empirical evidence but not network-scale validation,Kept / merged unique record,Longitudinal,ACC/CACC; empirical car-following field test,controlled car-following; freeway-relevant bottleneck/queue discharge,ACC-equipped EV,capacity/headway; queue discharge; potential string stability,minimum headway; time gap; estimated capacity; speed and acceleration profiles; headway change,present,Study details verified; useful for negative/mixed ACC effects and EV powertrain-dependent capacity benefits rather than active traffic control.
Undermind #70,Undermind catalog,Zhu et al. 2022,2022,Flow-level Coordination of Connected and Autonomous Vehicles in Multilane Freeway Ramp Merging Areas,"Jie Zhu, Ivana Tasic, and Xiaobo Qu",Multimodal Transportation,https://doi.org/10.1016/j.multra.2022.100005,19,Optimization model + microscopic traffic simulation,multilane freeway on-ramp merging area,CAV; 100% CAV assumed,Direct bottleneck/congestion mitigation,Direct bottleneck/congestion mitigation; Cooperative merging/platooning; Lateral/lane-changing control,Tier 1,Flow-level CAV coordination; proactive gap creation; ramp platooning; one-sided lane-change prohibition,ramp merging bottleneck; merging turbulence; lane-changing friction; recurrent congestion prevention,Yes,No,"Zhu et al. (2022) studied Coordinative Merging Control for multilane freeway on-ramp bottlenecks, using optimization to choose merging platoon size, cooperative speed, and gap-creation distance. Microsimulation showed reduced travel time and delay and prevention of recurrent congestion under high demand, including an 86.4% overall delay reduction in the most critical scenario, but the study assumes 100% CAV penetration and idealized communication/control.","Simulation-only case study; assumes 100% CAV penetration, centralized V2I control, instantaneous communication, and precise motion control; mixed CAV-HDV implementation and optimal cooperative lane-changing are left for future work.",Study details verified; venue corrected from ArXiv to Multimodal Transportation,Kept / merged unique record,Longitudinal; Lateral/merging; Cooperative,Optimization; cooperative merging; platooning; lane-change prohibition; microscopic simulation,multilane freeway on-ramp merge,CAV; 100% CAV,bottleneck activation/throughput; merging turbulence; lane-changing friction; queue/congestion prevention,travel time; delay; vehicle speed; speed contour; maximum on-ramp flow; cooperative speed; platoon size,present,Strong Tier 1 paper for flow-level CAV coordination at multilane ramp bottlenecks; especially useful for synthesis on proactive gap creation and merging-platoon control.
Undermind #71,Undermind catalog,Zhao et al. 2024,2024,Safety-Critical Stabilization of Mixed Traffic by Pairs of CAVs,"Chenguang Zhao, Tamas G. Molnar, and Huan Yu",2024 American Control Conference (ACC),https://doi.org/10.23919/ACC60939.2024.10644858,1.7,Analytical control design + numerical simulation,mixed-autonomy single-lane vehicle chain / highway traffic stream,CAV pair with V2V communication among HVs,Longitudinal mixed-traffic stabilization,Longitudinal control; Cooperative CAV control; Safety-critical control; String stability,Tier 2,Nonlinear cooperative CAV controller with control barrier function safety filters,string instability; stop-and-go wave damping; safety-congestion tradeoff,No,No,"Zhao et al. (2024) studied cooperative longitudinal control for a head/tail pair of CAVs traveling among human-driven vehicles. The study showed that coupling between the CAVs can achieve head-to-tail string stability and that CBF safety filters can guarantee front-end collision safety, but some gain choices sacrifice string stability for safety.","Numerical simulation only; simplified vehicle-chain setting with OVM human-driver dynamics; no lane-changing, bottleneck geometry, or field validation; safety-stability tradeoff depends on controller gains.",Study details verified; conference paper,Kept / merged unique record,Longitudinal; Cooperative,Nonlinear feedback control; CBF safety filter; stability chart; V2V coordination,mixed-autonomy vehicle chain / highway traffic stream,CAV pair; V2V communication,string instability; stop-and-go wave damping; safety-critical collision avoidance,plant stability; head-to-tail string stability; speed perturbation; gap; speed profile; collision/safety region,present,"Mechanistically important Tier 2 paper for mixed-traffic stabilization: supports synthesis on CAV pairs as cooperative smoothing agents, while highlighting safety constraints and stability tradeoffs."
Undermind #72,Undermind catalog,Zhanbo Sun 2020,2020,Cooperative decision-making for mixed traffic: A ramp merging example,"Zhanbo Sun, Tianyu Huang, and Peitong Zhang",Transportation Research Part C: Emerging Technologies,https://doi.org/10.1016/j.trc.2020.102764,18,Microsimulation; optimization/modeling,ramp merge; merge/merging area; mixed traffic,CAV; connected automated vehicles,Direct bottleneck/congestion mitigation,Direct bottleneck/congestion mitigation; Cooperative merging/platooning,Tier 1,Bi-level dynamic programming / cooperative merging,throughput; number of conflicts; flow-density relationship; speed contours; speed/acceleration profiles; ramp-merging friction,Yes,Yes,"Sun et al. (2020) developed a cooperative decision-making mechanism for mixed CAV/HV traffic at ramp merges using bi-level optimization and dynamic programming. The study found that CAV penetration increased section throughput by about 18% at high penetration, and the proposed CDMMT mechanism further increased throughput by about 10–15%, while reducing merge conflicts and smoothing acceleration/deceleration.",Assumes deterministic longitudinal/lateral behavior for HVs and CAVs; simplified ramp-merging setting; computational time may still be too long for real-time high-density applications; no field validation.,Study details verified,Kept / merged unique record,Lateral/merging; Cooperative,Bi-level optimization; Dynamic programming; Optimal control,ramp merge; merge/merging area,CAV; connected automated vehicles,Lane-changing friction / merging turbulence; Bottleneck throughput loss,throughput; conflicts; flow-density; speed; acceleration,present,Study details incorporated into the standardized coding.
Undermind #73,Undermind catalog,Heng Ding 2023,2023,MPC-based dynamic speed control of CAVs in multiple sections upstream of the bottleneck area within a mixed vehicular environment,"Heng Ding, Lang Zhang, Jin Chen, Xiaoyan Zheng, Hao Pan, and Weihua Zhang",Physica A: Statistical Mechanics and its Applications,https://doi.org/10.1016/j.physa.2023.128542,8.6,Macroscopic modeling; numerical simulation; MPC control,freeway bottleneck; lane-drop/incident bottleneck; mixed CAV/HV traffic,CAV dynamic speed control; connected automated vehicles,Direct bottleneck/congestion mitigation,Direct bottleneck/congestion mitigation; VSL/speed control; MPC/optimal control,Tier 1,MPC-based variable speed control of CAVs in multiple upstream sections,total travel time; total delay; bottleneck density; average speed; speed standard deviation; RTTC crash-risk indicator; fuel consumption; HC/CO/NOx emissions; capacity drop,Yes,No/unclear,"Ding et al. (2023) studied MPC-based dynamic speed control of CAVs across multiple upstream freeway bottleneck sections in mixed CAV/HV traffic. The proposed MVSC reduced congestion compared with no-control and feedback VSL cases, including at 20% CAV penetration where total travel time and delay fell by 12.9% and 69.7% versus no variable speed control.",Simulation/modeling only; assumes ideal communication between CAVs and infrastructure; only small vehicles are modeled; communication delay and heavy-vehicle effects are left for future work.,Study details verified,Kept / merged unique record,Longitudinal; Cooperative,MPC; VSL/speed control; CTM,freeway bottleneck,CAV; AV,Bottleneck capacity drop; Queue/congestion propagation,total travel time; total delay; density; speed; safety; emissions,present,Study details incorporated into the standardized coding.
Undermind #74,Undermind catalog,Fengqi Zhang 2026,2026,Modeling and Control of Slope Bottlenecks in Mixed Traffic Flow Using Cellular Automata,"Fengqi Zhang, Liang Qi, Wenjing Luan, and Xiwang Guo",Transportation Research Record: Journal of the Transportation Research Board,https://doi.org/10.1177/03611981261416874,,Analytical/modeling; cellular automata simulation,freeway/highway slope bottleneck; two-lane mixed traffic,CAV platooning; ACC/CACC behavior; mixed CAV/HDV traffic,Direct bottleneck/congestion mitigation,Direct bottleneck/congestion mitigation; Cooperative merging/platooning; VSL/speed control,Tier 1,VSL plus CAV platooning using cellular automata,traffic flow; congestion rate; average speed; speed fluctuation; CAV penetration rate; slope gradient; spatio-temporal stop-and-go wave patterns,Yes,No/unclear,"Zhang et al. (2026) modeled mixed CAV/HDV traffic at highway slope bottlenecks using cellular automata and proposed a two-zone control strategy combining VSL upstream with CAV platooning. Simulations showed increased bottleneck flow, higher average speed, reduced congestion rate, and narrower stop-and-go waves, especially at higher CAV penetration.","Simulation-only evidence; assumes low CAV communication latency and simplified platoon behavior; heterogeneous heavy vehicles, communication delays, sensing errors, and richer lane-changing behavior are left for future work.",Study details verified,Kept / merged unique record,Longitudinal; Cooperative,Cellular automata; VSL/speed control; Platooning,freeway bottleneck; slope bottleneck,CAV; CACC/ACC; HDV mixed traffic,Bottleneck activation/throughput; Stop-and-go waves; Slope-induced congestion,flow; congestion rate; average speed; speed fluctuation; spatio-temporal waves,present,Study details incorporated into the standardized coding.
Undermind #75,Undermind catalog,Malikopoulos et al. 2019,2019,Optimal Control for Speed Harmonization of Automated Vehicles,"Andreas A. Malikopoulos, Seongah Hong, B. Brian Park, Joyoung Lee, and Seunghan Ryu",IEEE Transactions on Intelligent Transportation Systems,https://doi.org/10.1109/TITS.2018.2865561,11,Analytical optimal-control formulation with microscopic simulation,Freeway speed-reduction bottleneck with upstream control zone,AV,Direct bottleneck/congestion mitigation,Direct bottleneck/congestion mitigation; Longitudinal control; Speed harmonization,Tier 1,Longitudinal optimal speed/acceleration control; speed harmonization,Speed-reduction bottleneck; stop-and-go reduction; throughput loss; travel time; fuel consumption; vehicle throughput; speed/acceleration profiles,No,No,"Malikopoulos et al. (2019) studied analytical optimal control for automated vehicles approaching a freeway speed-reduction bottleneck. The study reported lower fuel consumption and travel time and improved throughput compared with human-driven, VSL, and vehicle-based speed-harmonization baselines, but the evidence is simulation-based.",Assumes all vehicles are automated; no lane changing; perfect local information without errors or delays; single-lane/simplified bottleneck testbed.,Study details verified,Kept / merged unique record,Longitudinal,Optimization/optimal control; Speed harmonization,Freeway bottleneck / speed reduction zone,AV,Bottleneck activation/throughput; Stop-and-go waves,Travel time; fuel consumption; throughput; speed; acceleration,present,Year corrected from original row based on published study journal issue; directly relevant AV speed harmonization bottleneck-control paper.
Undermind #77,Undermind catalog,Zhu et al. 2022,2022,Operational Characteristics of Mixed-Autonomy Traffic Flow on the Freeway With On- and Off-Ramps and Weaving Sections: An RL-Based Approach,"Lian Zhu, Linjun Lu, Xianing Wang, Chenming Jiang, and Nanfei Ye",IEEE Transactions on Intelligent Transportation Systems,https://doi.org/10.1109/TITS.2021.3125241,9.3,Deep reinforcement learning microsimulation study,One-way two-lane freeway with on-ramp off-ramp and weaving sections,AV,Direct bottleneck/congestion mitigation,Direct bottleneck/congestion mitigation; RL/MARL; Lateral/lane-changing context; Negative or mixed effects,Tier 1,Longitudinal AV driving policy using deep RL; lane-changing present for RVs/context,Ramp/weaving bottlenecks; congested patterns; shockwave propagation; travel time; operating speed; collision risk; speed variance; comfort index,Yes,No,"Zhu et al. (2022) studied deep-RL AV driving strategies in mixed-autonomy freeway traffic with on/off-ramps and weaving bottlenecks. The RL strategy mitigated congested patterns and shockwave propagation and reduced collision risk at low AV penetration rates, but overall travel-time gains were limited and passenger comfort worsened at bottlenecks.",SUMO/Flow simulation only; low AV penetration rates of 5% and 10%; AV lane changing was ignored; limited to a one-way two-lane freeway scenario; robustness/scalability to more complex events needs further study.,Study details verified,Kept / merged unique record,Longitudinal; Lateral/merging,RL/MARL,Freeway on/off-ramp and weaving bottleneck,AV,Bottleneck activation/throughput; Lane-changing friction / gaps; Stop-and-go waves,Spatiotemporal congestion patterns; travel time; operating speed; collision risk; speed variance; comfort index,present,Directly relevant mixed-autonomy freeway bottleneck paper with both positive and mixed congestion/safety/comfort findings.
Undermind #78,Undermind catalog,Wang et al. 2020,2020,Leading Cruise Control in Mixed Traffic Flow,"Jiawei Wang, Yang Zheng, Chaoyi Chen, Qing Xu, and Keqiang Li",2020 59th IEEE Conference on Decision and Control (CDC),https://doi.org/10.1109/CDC42340.2020.9304443,4.2,Theoretical modeling with controllability and string-stability analysis plus numerical study,Open single-lane mixed traffic flow with CAV/HDV interactions,CAV,Direct bottleneck/congestion mitigation,Longitudinal control; String stability; Traffic smoothing; Cooperative control,Tier 1,Leading Cruise Control using V2V information from vehicles ahead and behind; feedback control,String instability; stop-and-go wave damping; traffic smoothing; controllability of following vehicles; head-to-tail string stability; velocity fluctuation profiles,No,No,"Wang et al. (2020) introduced Leading Cruise Control, where a CAV uses V2V information from both preceding and following vehicles to influence upstream mixed traffic. The study showed that following HDVs are controllable by the CAV and that looking behind can expand string-stable feedback regions and reduce velocity fluctuations, but the evidence is theoretical/numerical.",Uses linearized car-following dynamics and simplified open single-lane settings; no lane changing or routing; controller implementation and field validation remain future work.,Study details verified,Kept / merged unique record,Longitudinal; Cooperative,Connected cruise control / feedback control,Open single-lane mixed traffic,CAV,String instability; Stop-and-go waves; Traffic smoothing,String stability; transfer-function magnitude; velocity fluctuation amplitude,present,Upgraded from Tier 4 to Tier 1 because published study directly addresses CAV control for mixed-traffic stabilization and wave damping.
Undermind #79,Undermind catalog,James et al. 2019,2019,Characterizing the impact of production adaptive cruise control on traffic flow: an investigation,"Rachel M. James, Christopher Melson, Jia Hu, and Joe Bared",Transportmetrica B: Transport Dynamics,https://doi.org/10.1080/21680566.2018.1540951,7.1,Empirical calibration + microsimulation,uninterrupted freeway facility; freeway bottleneck scenarios,ACC,ACC traffic-flow impact; negative or mixed effects,Longitudinal control; ACC/CACC; Negative or mixed effects; Capacity/throughput,Tier 2,ACC car-following model calibration and microsimulation,capacity; throughput; fundamental diagrams; flow-density relationships,No/unclear,No/unclear,"James et al. (2019) studied production ACC impacts using four calibrated ACC car-following models in VISSIM freeway simulations. The study found that small ACC market shares may improve roadway capacity, while high ACC penetration can reduce capacity depending on headway/model assumptions, measured using throughput, capacity, and fundamental diagrams.","Simulation-only study using simplified representations of proprietary ACC logic; calibration data came from one production ACC vehicle/OEM, and human-driver interactions with ACC vehicles were assumed rather than empirically modeled.",Published study; DOI verified from paper,Kept / merged unique record,Longitudinal,ACC car-following; microscopic simulation; model calibration,freeway segment/corridor; uninterrupted flow; bottleneck scenario,ACC,capacity/throughput effects; negative or mixed ACC effects,capacity; throughput per lane; fundamental diagram; flow-density; RMSE,present,Study details verified; year corrected to journal citation year 2019
Undermind #80,Undermind catalog,Papamichail et al. 2019,2019,"Motorway traffic flow modelling, estimation and control with vehicle automation and communication systems","Ioannis Papamichail, Nikolaos Bekiaris-Liberis, Anargiros I. Delis, Diamantis Manolis, Kiriakos-Simon Mountakis, Ioannis K. Nikolos, Claudio Roncoli, and Markos Papageorgiou",Annual Reviews in Control,https://doi.org/10.1016/j.arcontrol.2019.09.002,5.0,Review / synthesis; analytical modelling and control overview,motorway/freeway networks; bottlenecks; on-ramp merging; lane drops,VACS; ACC; CACC; connected vehicles; V2I/V2V,"Traffic-flow modelling, estimation, and control with vehicle automation and communication systems",Foundational modelling; Longitudinal control; Lateral/lane-changing control; Cooperative merging; Integrated motorway control,Tier 2,"Review of VACS-enabled modelling, estimation, ACC time-gap control, cooperative merging, lane-change control, and integrated motorway control",capacity; traffic flow; speed; density; TTS/TTT; bottleneck throughput; congestion extent,Yes,No/unclear,"Papamichail et al. (2019) reviewed motorway traffic-flow modelling, estimation, and control methods enabled by vehicle automation and communication systems. The review reports that VACS can support cooperative merging, ACC time-gap control, lane-change control, and integrated motorway control for congestion mitigation, but the evidence is mainly from modelling, simulation, and framework studies rather than field deployment.","Review article rather than one controlled experiment; many summarized methods rely on assumed VACS penetration, simulation testbeds, and limited real-world deployment evidence.",Published study; authors and DOI verified from paper,Kept / merged unique record,Longitudinal; Lateral/merging; Network/control,Review; ACC/CACC modelling; Kalman estimation; optimal/MPC/LQR control; lane-change control,freeway/highway; motorway network; bottleneck; on-ramp merge; lane drop,VACS; ACC; CACC; connected vehicles,bottleneck activation/throughput; capacity drop; stop-and-go waves; lane-changing friction,capacity; flow; speed; density; total time spent; total travel time,present,Study details verified; relevance upgraded from Tier 4 to Tier 2 because paper directly reviews VACS-based motorway congestion-control tools
Undermind #81,Undermind catalog,Ding et al. 2021,2021,Automated cooperative control of multilane freeway merging areas in connected and autonomous vehicle environments,"Heng Ding, Yunran Di, Xiaoyan Zheng, Haijian Bai, and Weihua Zhang",Transportmetrica B: Transport Dynamics,https://doi.org/10.1080/21680566.2021.1887774,8.1,Analytical modelling + simulation,multilane freeway on-ramp merging area; two-lane mainline with one on-ramp,CAV; CACC; connected vehicles,Direct bottleneck/congestion mitigation,Direct bottleneck/congestion mitigation; Cooperative merging/platooning; Lateral/lane-changing control,Tier 1,Multilane vehicle cooperative control with lane-change decision model and linear-programming cooperative merging,merging bottleneck conflicts; total delay; number of stops; downstream outflow rate,Yes,No/unclear,"Ding et al. (2021) studied multilane vehicle cooperative control for CAV freeway merging areas using a mainline lane-change decision model and linear-programming time-window control for ramp vehicles. The study found that the method reduced total delay and stops and increased downstream outflow compared with non-cooperative control, including about a 15% downstream capacity increase under oversaturated demand.","Simulation-only MATLAB case study with simplified two-lane freeway/on-ramp geometry, assumed connected/autonomous operation and DSRC information, Poisson arrivals, and no field validation.",Published study; DOI verified from paper,Kept / merged unique record,Lateral/merging; Longitudinal; Cooperative,Cooperative merging; linear programming; trajectory optimization; lane-change decision model,on-ramp merge; multilane freeway; freeway bottleneck,CAV; CACC; connected vehicles,bottleneck activation/throughput; merging turbulence; queue/stops; delay,total delay; delay per lane; number of stops; downstream outflow rate,present,Study details verified
Undermind #82,Undermind catalog,Wu et al. 2020,2020,Simulation and evaluation of speed and lane-changing advisory of CAVS at work zones in heterogeneous traffic flow,"Wenjing Wu, Renchao Sun, Anning Ni, Zhikang Liang, and Hongfei Jia",International Journal of Modern Physics B,https://doi.org/10.1142/S021797922050201X,3.3,Simulation; cellular automata; model predictive control,expressway work zone; two-lane lane-closure bottleneck; heterogeneous traffic,CAV,Longitudinal speed control; lateral/lane-changing advisory,Variable speed limits; early/late lane-changing control; coordinated VSL+LC using MPC and METANET prediction,Tier 1,MPC-based VSL; lane-changing advisory; ELC/LLC; coordinated VSL+LC,work zone lane-drop bottleneck; heterogeneous CAV/HDV traffic,Yes,No/unclear,"Wu et al. (2020) studied CAV-based speed and lane-changing advisory at an expressway work-zone lane closure using cellular-automata simulation and an MPC-based multilayer control framework. The study found that ELC is generally better under medium traffic, LLC can be better under heavy traffic, and ELC+VSL performs best under heavy traffic with high CAV share, measured by average travel time and work-zone throughput.",Simulation-only evidence using a simplified two-lane 5 km work-zone scenario; ELC/LLC merge locations are fixed; driver comfort and subjective compliance are not modeled; results may not generalize to real field operations.,Study details verified,Kept / merged unique record,Lateral/merging; Longitudinal,Simulation; MPC; cellular automata,expressway work zone,CAV,Bottleneck activation/throughput; Lane-changing friction / gaps; Work-zone lane-drop congestion,travel time/throughput,present,
Undermind #83,Undermind catalog,Guo et al. 2022,2022,Evaluating the Effectiveness of Integrated Connected Automated Vehicle Applications Applied to Freeway Managed Lanes,"Yi Guo, Jiaqi Ma, Edward Leslie, and Zhitong Huang",IEEE Transactions on Intelligent Transportation Systems,https://doi.org/10.1109/TITS.2020.3012678,5.8,Microscopic simulation; algorithm development; partial field-model validation,freeway managed lane; dedicated ramp merge/diverge; simple freeway corridor,CAV; VAD-equipped connected vehicles,Longitudinal control; cooperative merging; speed harmonization; managed-lane/lane-use control,Integrated CACC platooning; cooperative merge; trajectory-based/I2V speed harmonization,Tier 1,CACC; cooperative merge; speed harmonization; bundled CAV applications,freeway managed lane; on-ramp merge area; bottleneck-prone managed-lane operations,Yes,Yes,"Guo et al. (2022) evaluated bundled CAV applications for freeway managed lanes, combining CACC platooning, cooperative merge, and speed harmonization in VISSIM. The study found that integrated applications increased throughput and reduced delay even at lower CAV penetration, with cooperative merge producing large delay reductions and speed harmonization mainly improving delay at medium-to-high penetration, measured by throughput, average delay, and pipeline capacity.","Simulation-only operational evaluation on a simplified managed-lane network; assumes all managed-lane vehicles are at least VAD-equipped, ramp traffic is 100% CAV, and communication success is 100%; safety impacts and complex real-world networks are left for future work.",Study details verified,Kept / merged unique record,Route/network/lane-use; Cooperative; Longitudinal,Simulation; CACC; cooperative merge; speed harmonization,freeway managed lane; merge area,CAV; connected vehicles; VAD,Bottleneck activation/throughput; Network congestion distribution; Merging turbulence,throughput/delay/capacity,present,
Undermind #84,Undermind catalog,Lapardhaja et al. 2025,2025,Commercial Adaptive Cruise Control (ACC) and Capacity Drop at Freeway Bottlenecks,"Servet Lapardhaja, Yaobang Gong, Md Tausif Murshed, and Xingan (David) Kan",International Journal of Transportation Science and Technology,https://doi.org/10.1016/j.ijtst.2024.07.011,0.6,Microscopic simulation; impact assessment,freeway bottleneck; single-lane reduced-speed zone; multilane on-ramp merge; multilane off-ramp diverge,ACC,Longitudinal control impact; negative/mixed automation effect,Commercial ACC car-following model calibrated from field data; AIMSUN microsimulation with varying ACC market penetration,Tier 1,Commercial ACC; capacity drop; bottleneck simulation,freeway bottleneck; merge/diverge; reduced-speed bottleneck,No/unclear,No/unclear,"Lapardhaja et al. (2025) studied commercially available ACC impacts at freeway bottlenecks using microscopic simulations of reduced-speed, on-ramp merge, and off-ramp diverge scenarios. The study found that ACC can cause capacity drop at bottlenecks, with merge/diverge bottlenecks becoming more susceptible at high ACC penetration because ACC amplifies lane-change disturbances into stop-and-go waves, measured by capacity, queue-discharge flow, observed flow, and capacity-drop percentage.",Simulation-only prospective analysis; scenarios are simplified relative to large freeway corridors; ACC lane-changing behavior is modeled similarly to manual vehicles; authors call for empirical bottleneck observations and more trajectory-level ACC data.,Study details verified,Kept / merged unique record,Longitudinal; Negative/mixed effects,ACC/CACC; microsimulation,freeway bottleneck; freeway segment/corridor,ACC,Bottleneck activation/throughput; Capacity drop; Stop-and-go waves; Lane-changing disturbance,throughput/capacity,present,
Undermind #85,Undermind catalog,Minhee Kang 2025,2025,Shockwave Minimization within the Mesoscopic: Infrastructure-Guided Optimal Acceleration for Autonomous Vehicles,"Minhee Kang, Yoojin Choi, Eunseo Choi, and Heejin Ahn",2025 IEEE 28th International Conference on Intelligent Transportation Systems (ITSC),https://doi.org/10.1109/ITSC60802.2025.11423175,,Simulation; analytical/optimization,single-lane highway segment; mixed traffic shockwave scenario,CAV; CV; infrastructure-guided CAV acceleration,Direct bottleneck/congestion mitigation,Foundational theory; Direct bottleneck/congestion mitigation; Longitudinal control; Infrastructure-guided control,Tier 1,Optimal acceleration control; mesoscopic infrastructure-guided control,shockwave propagation; segment speed; low-speed area; shock duration; CAV penetration effects,No/unclear,No,"Kang et al. (2025) proposed a mesoscopic infrastructure-guided optimal acceleration framework that combines LWR/Greenshields traffic-flow modeling with IDM/Krauss vehicle dynamics for CAV shockwave mitigation. Simulations on a 500 m single-lane mixed-traffic road showed reduced shockwave transmission, low-speed area, and shock duration, with the strongest effects at higher CAV penetration rates.","Simulation-only evidence in a simplified 500 m single-lane road with five fixed segments, deterministic inflow, injected shockwave event, and assumptions of reliable infrastructure-CAV communication and full CAV compliance; authors note the need to test complex environments, multiple shockwaves, variable segment sizes, and lane-changing models.",Study details verified; DOI present in the published study; publication is 2025 ITSC,Kept / merged unique record,Longitudinal; Infrastructure-guided,Optimization/optimal control; Mesoscopic/infrastructure-guided control; Simulation,single-lane highway segment; mixed traffic; shockwave scenario,CAV; CV; infrastructure-to-vehicle guidance,Stop-and-go waves / flow stability; Shockwave propagation,shockwave speed; minimum/average segment speed; low-speed area; shock duration; CAV penetration rate,present,Updated from the published study
Undermind #86,Undermind catalog,Kathy Jang 2023,2023,Cooperative Reinforcement Learning-based Damping of Lane-Change-Induced Waves,"Kathy Jang, Yashar Farid, and Kentaro Oguchi",2023 IEEE Intelligent Vehicles Symposium (IV),https://doi.org/10.1109/IV55152.2023.10186805,,RL simulation/benchmark,two-lane highway segment; lane-change-induced wave scenario; mixed traffic,CAV; connected ego vehicle,Direct bottleneck/congestion mitigation,Direct bottleneck/congestion mitigation; Lateral/lane-changing control; Cooperative control; RL/MARL; Longitudinal control,Tier 1,RL/MARL; PPO-based longitudinal acceleration control,lane-change-induced shockwaves; stop-and-go waves; throughput; average velocity; TTC; energy consumption,Yes,No,"Jang et al. (2023) trained a PPO-based RL controller for a CAV to damp waves caused by a connected ego vehicle's lane change in a two-lane highway simulation. The policy improved average velocity by up to 5.3% and throughput by 15.9% at the trained 1400 veh/h inflow and fully mitigated waves for some inflow cases, but it underperformed at 1600 veh/h.","Simulation-only evidence using a private simulator, one controlled CAV, one lane-changing connected ego vehicle, IDM human drivers, no further lane changes after the initial maneuver, and assumed rich communication/unlimited sensing; robustness across higher inflows and broader mixed-autonomy settings remains unresolved.",Study details verified; DOI present in the published study,Kept / merged unique record,Longitudinal; Lateral/merging disturbance mitigation; Cooperative,RL/MARL; PPO; Simulation,two-lane highway segment; lane-change-induced wave scenario,CAV; connected non-automated ego vehicle,Stop-and-go waves / flow stability; Lane-change-induced shockwaves; Lane-changing friction / gaps,average speed; throughput; TTC; energy consumption; time-space diagrams,present,Tier upgraded to Tier 1 because the paper directly targets wave damping and throughput improvement
Undermind #87,Undermind catalog,Jie Zhu 2022,2022,Merging Control Strategies of Connected and Autonomous Vehicles at Freeway On-Ramps: A Comprehensive Review,"Jie Zhu, Said Easa, and Kun Gao",Journal of Intelligent and Connected Vehicles,https://doi.org/10.1108/JICV-02-2022-0005,22,Review/survey,on-ramp merge; single-lane freeway; multilane freeway; mixed and CAV-only traffic,CAV; AV; CV,Direct bottleneck/congestion mitigation,Direct bottleneck/congestion mitigation; Cooperative merging/platooning; Lateral/lane-changing control; Longitudinal control; Review/survey,Tier 1,Review of cooperative merging control; trajectory optimization; merging sequence/gap; speed/lane-change/ramp control,on-ramp merging bottleneck; traffic efficiency; throughput; delay; speed; fuel/energy; emissions; safety,Yes/varies,No/unclear,"Zhu et al. (2022) reviewed 44 CAV freeway on-ramp merging studies and organized them into CAV-only single-lane, mixed-traffic single-lane, and multilane freeway strategies. The review found that optimization-based trajectory planning dominates, while robust traffic-flow-level control for mixed traffic and multilane merging remains underdeveloped.","Review-only evidence; scope is recent CAV on-ramp merging studies and excludes some earlier automated-highway work and related bottlenecks such as work zones, lane drops, off-ramp lane changes, and weaving sections; no new simulation or field validation is provided.",Study details verified; published version verified in Journal of Intelligent and Connected Vehicles; DOI present,Kept / merged unique record,Lateral/merging; Longitudinal; Cooperative; Review,Review/survey; Optimization/optimal control; Machine learning/RL; Feedback/control-theoretic; Game theory; Fuzzy/virtual vehicle,on-ramp merge; freeway segment/corridor; single-lane and multilane; mixed traffic,CAV; AV; CV,Bottleneck activation/throughput; Merging turbulence; Lane-changing friction / gaps,traffic efficiency; throughput; delay; speed; fuel/energy; emissions; safety,present,Venue corrected from ArXiv to Journal of Intelligent and Connected Vehicles; Study details verified
Undermind #88,Undermind catalog,Zhongxia Yan 2022,2022,Unified Automatic Control of Vehicular Systems With Reinforcement Learning,"Zhongxia Yan, Abdul Rahman Kreidieh, Eugene Vinitsky, A. Bayen, and Cathy Wu",IEEE Transactions on Automation Science and Engineering,https://doi.org/10.1109/TASE.2022.3168621,15,Microscopic simulation; DRL benchmark,mixed-autonomy benchmark networks: ring roads; figure-eight; intersection; highway ramp; highway bottleneck,AV; mixed autonomy,RL/MARL,Direct bottleneck/congestion mitigation; Longitudinal control; Lateral/lane-changing control; RL/MARL; Negative or mixed effects,Tier 1,DRL/MARL; longitudinal acceleration and lateral lane-change control,average speed; throughput/outflow; cumulative distance; stop-and-go waves; ramp/bottleneck throughput; intersection alternation,Yes,No (fixed routes only),"Yan et al. (2022) studied a variable-agent, multi-task DRL framework for controlling AV acceleration and, where applicable, lane changes in six simulated mixed-autonomy traffic systems. The study reported 15-60% improvement over human-driving baselines and emergent wave-mitigation, traffic-signal-like, and ramp-metering behaviors, measured mainly by speed/cumulative distance and throughput/outflow.","Simulation-only evidence using small SUMO networks; assumes local observations and simulator safety checks, with no field validation. Authors note Sim2Real transfer would require reliable fallback safety and sufficient simulator fidelity.",Study details verified; DOI verified in the published study,Kept / merged unique record,Longitudinal; Lateral/lane-changing,RL/MARL,Ring road / single-link traffic smoothing; intersection; on-ramp merge; freeway bottleneck,AV,Stop-and-go waves / flow stability; Bottleneck activation/throughput; Merging turbulence; Intersection delay/alternation,speed/flow/throughput; wave damping; outflow,present,Study details verified from the published study
Undermind #89,Undermind catalog,Ruishuang Chen 2024,2024,Cooperative Ramp Merging Strategy at Multi-Lane Area for Automated Vehicles,Ruishuang Chen and Zaiyue Yang,IEEE Transactions on Vehicular Technology,https://doi.org/10.1109/TVT.2024.3401232,5.7,Simulation; cooperative game + optimal control,multi-lane on-ramp merge; three-lane main road plus one-lane ramp,CAV; AV,Direct bottleneck/congestion mitigation,Direct bottleneck/congestion mitigation; Lateral/lane-changing control; Cooperative merging/platooning; Optimal control,Tier 1,Cooperative game with transferable utility and side payment; optimal control; FRTA,traffic efficiency; total economic benefit; travel time; comfort/fuel/jerk; safe smooth merging; computation time,Yes,No/unclear,"Chen and Yang (2024) studied cooperative lane allocation, lane changing, and ramp-merging sequence control for CAVs in a multi-lane on-ramp bottleneck. The simulations showed safe and smooth cooperative merging and reported total benefit 79.6% higher than FIFO and 22.3% higher than a flow-balance algorithm, measured using economic benefit, travel-time/comfort terms, and computation time.","Simulation-only evidence with idealized CAV coordination/central controller assumptions and a simplified three-main-lane plus one-ramp setting. Future work is needed for multiple ramps, ramp-to-ramp interactions, special vehicles, and faster cooperative lane-changing algorithms.",Study details verified; DOI verified in the published study,Kept / merged unique record,Longitudinal; Lateral/merging; Cooperative,Cooperative game; Optimal control,on-ramp merge; merge/merging area; multilane freeway,CAV; AV,Bottleneck activation/throughput; Lane-changing friction / gaps; Merging turbulence,traffic efficiency/economic benefit; travel time; comfort/fuel/jerk; computation time,present,Study details verified from the published study
Undermind #90,Undermind catalog,Majeed Algomaiah 2022,2022,Enhancing Work Zone Capacity by a Cooperative Late Merge System Using Decentralized and Centralized Control Strategies,Majeed Algomaiah and Zhixia Li,"Journal of Transportation Engineering, Part A: Systems",https://doi.org/10.1061/JTEPBS.0000632,2.1,Microscopic simulation (VISSIM); optimization/control,two-lane freeway work zone with one-lane closure,CV; CAV,Direct bottleneck/congestion mitigation,Direct bottleneck/congestion mitigation; Lateral/lane-changing control; Cooperative merging/platooning; Longitudinal control,Tier 1,Cooperative late merge; decentralized CV lane-changing model; centralized CAV speed harmonization/optimal control,throughput/capacity; delay; queue length; speed/headway; lane-changing duration; work-zone capacity drop,Yes,No/unclear,"Algomaiah and Li (2022) studied cooperative late merge systems for CV/CAV work-zone lane closures using decentralized V2V/I2V cooperation and centralized CAV speed harmonization/gap optimization. The VISSIM simulations found the decentralized CLMS increased capacity by 17% and the centralized CLMS by 45% versus a traditional work zone, with reduced delay and queue length.","Simulation-only evidence for a particular two-lane highway lane-closure scenario; assumptions include DSRC communication, compliance rates, CAV headways, and 100% CAV for the centralized case. Authors identify future needs for multilane closures, alternative lane-changing models, late-merge-area sensitivity, and platoon-size analysis.",Study details verified; DOI verified in the published study,Kept / merged unique record,Longitudinal; Lateral/merging; Cooperative,Cooperative late merge; Optimization/optimal control; Speed harmonization,work zone; lane-drop bottleneck; merge/merging area,CV; CAV,Bottleneck activation/throughput; Capacity drop; Queue formation/discharge; Lane-changing friction / gaps,throughput/capacity; delay; queue length; speed/headway; lane-changing duration,present,Study details verified from the published study
Undermind #91,Undermind catalog,Taehooie Kim 2022,2022,Congestion-Aware Cooperative Adaptive Cruise Control for Mitigation of Self-Organized Traffic Jams,Taehooie Kim and Kshitij Jerath,IEEE Transactions on Intelligent Transportation Systems,https://doi.org/10.1109/TITS.2021.3059237,7.5,Analytical/stochastic mesoscopic modeling with Monte Carlo simulation,Closed ring-road mixed traffic; self-organized phantom jams / stop-and-go waves,CACC-enabled connected vehicles using downstream congestion information via V2X,Direct bottleneck/congestion mitigation,Direct bottleneck/congestion mitigation; Longitudinal control; ACC/CACC; Stop-and-go wave damping,Tier 1,Longitudinal congestion-aware CACC; gain-scheduled/sigmoid sensitivity based on downstream jam size,Self-organized traffic jams; phantom jams; critical/effective critical density; steady-state cluster size,No/unclear,No/unclear,"Kim and Jerath (2022) developed a congestion-aware CACC algorithm that adjusts vehicle sensitivity based on downstream jam size in mixed traffic. The study found that CACC can raise effective critical density and keep steady-state jam clusters small at medium-to-high densities, but evidence is analytical/simulation-based under simplified ring-road and communication assumptions.",Closed ring road; assumes perfect/no-delay V2X communication within range; simplified cluster dynamics; no ramps or lane-changing; no field validation.,Verified from the published study,Kept / merged unique record,Longitudinal,ACC/CACC; congestion-aware gain scheduling,Ring road / single-link traffic smoothing,CACC; connected vehicles,Stop-and-go waves / phantom jams; string instability / cluster growth,Effective critical density; normalized steady-state cluster size; CACC penetration rate; congestion underestimation sensitivity,present,Study details verified; strong fit for CACC-based phantom-jam mitigation and mixed-traffic stabilization.
Undermind #92,Undermind catalog,R. Nezafat 2018,2018,Modeling and Evaluating Traffic Flow at Sag Curves When Imposing Variable Speed Limits on Connected Vehicles,"Reza Vatani Nezafat, Ehsan Beheshtitabar, Mecit Cetin, Elizabeth Williams, and George F. List",Transportation Research Record,https://doi.org/10.1177/0361198118784169,2.2,Microscopic simulation and simulation-based optimization,Single-lane freeway sag curve bottleneck,Connected vehicles receiving VSL instructions through V2I/I2V communication; no AV/ACC functionality required,Direct bottleneck/congestion mitigation,Direct bottleneck/congestion mitigation; Longitudinal control; VSL/speed harmonization,Tier 1,Longitudinal speed control; ALINEA-inspired feedback VSL; HPSOGA calibration,Sag-curve bottleneck; capacity drop; traffic breakdown; shockwave formation; queue discharge loss,No,No/unclear,"Nezafat et al. (2018) studied VSL instructions sent to connected vehicles upstream of a sag-curve bottleneck. The optimized controller reduced delay by 49% at 100% CV penetration and achieved near-maximum average improvements around 15% penetration, but low penetration results were sensitive to CV arrival timing and could even be worse than no control.",Simulation-only; single-lane homogeneous traffic; no lane-changing; assumes full CV compliance; simplified sag geometry and demand profile; no field validation.,Verified from the published study,Kept / merged unique record,Longitudinal,VSL/speed control; feedback control; simulation-based optimization,Sag curve bottleneck,CV,Bottleneck activation/throughput; capacity drop; shockwave formation,Total delay; exit flow/throughput; bottleneck density; queue dissipation time; CV market penetration,present,"Study details verified; highly relevant CV-based bottleneck-control paper, but not AV/ACC control."
Undermind #93,Undermind catalog,G. Piacentini 2021,2021,Traffic Control Via Platoons of Intelligent Vehicles for Saving Fuel Consumption in Freeway Systems,"G. Piacentini, Paola Goatin, and Antonella Ferrara",IEEE Control Systems Letters,https://doi.org/10.1109/LCSYS.2020.3004754,5.9,Macroscopic PDE-ODE traffic-flow modeling and MPC simulation,Freeway segment without ramps; downstream fixed bottleneck,Connected/autonomous intelligent vehicle platoon modeled as controllable moving capacity restriction,Cooperative merging/platooning,Cooperative merging/platooning; Longitudinal control; fuel/emissions/energy; traffic smoothing,Tier 2,Cooperative platoon speed and length control using MPC of platoon front-end and back-end speeds,Bottleneck-induced congestion; moving bottleneck/platoon capacity restriction; speed fluctuations linked to fuel consumption,No/unclear,No/unclear,"Piacentini et al. (2021) modeled a CAV platoon as a controllable capacity restriction and used MPC to regulate platoon speed and length on a freeway with a downstream bottleneck. The simulation found a 2.6% total fuel-consumption reduction relative to no control and better performance than single moving-bottleneck control, while harmonizing traffic upstream of congestion.",Simulation-only; one freeway segment without ramps; one platoon; no explicit lower-level vehicle/platoon dynamics; simplified macroscopic model and fixed bottleneck; no field validation.,Verified from the published study,Kept / merged unique record,Cooperative; Longitudinal,MPC; platooning; moving bottleneck control,Freeway segment/corridor,CAV; AV platoon,Bottleneck activation/throughput; traffic smoothing; fuel-related congestion effects,Total fuel consumption; density evolution; platoon speed; platoon length,present,"Study details verified; useful for CAV platoons as mobile actuators, but main outcome is fuel rather than throughput."
Undermind #94,Undermind catalog,Longhao Yan 2025,2025,Bi-Level Control of Weaving Sections in Mixed Traffic Environments With Connected and Automated Vehicles,"Longhao Yan, Jinhao Liang, and Kaidi Yang",IEEE Transactions on Intelligent Transportation Systems,https://doi.org/10.1109/TITS.2025.3610019,1.4,DRL + MPC simulation case study,weaving section; mixed traffic; Basel-inspired highway bottleneck,CAV,Direct bottleneck/congestion mitigation,Direct bottleneck/congestion mitigation; Lateral/lane-changing control; RL/MARL; MPC/optimal/distributed control; Cooperative coordination,Tier 1,Bi-level global coordination: upper-level PPO/DRL roadside controller sets MPC weights; lower-level MPC controls CAV acceleration and steering,Capacity drop; weaving lane-changing friction; queue formation; space-mean speed; average delay; throughput; traffic capacity; TTC; jerk,Yes,No/unclear,"Yan et al. (2025) studied globally coordinated CAV lane-changing and trajectory control in mixed-traffic weaving sections using an upper-level DRL controller and lower-level MPC. The study reported higher speed, lower delay, increased throughput/capacity, and reduced capacity-drop effects, with Bi-Level-G improving speed by up to 50.6% and capacity by up to 12.6%, but the evidence is simulation-only.","Simulation-only case study inspired by one Basel weaving section; assumes connected HVs/CAVs and CAVs only perform mandatory lane changes; generalization to other weaving layouts, weather, and combined ramp-metering/VSL control is left for future work.",Study details verified,Kept / merged unique record,Lateral/merging; Longitudinal; Cooperative,RL/MARL; MPC,weaving/diverge,CAV,Bottleneck activation/throughput; Capacity drop; Lane-changing friction / gaps; Queueing/delay,throughput/capacity; delay/travel time/queue; speed/stability; safety/TTC; comfort/jerk,present,Published study; corrected year/citation key to 2025 based on publication metadata
Undermind #95,Undermind catalog,Talebpour 2016,2016,Influence of connected and autonomous vehicles on traffic flow stability and throughput,Alireza Talebpour and Hani S. Mahmassani,Transportation Research Part C: Emerging Technologies,https://doi.org/10.1016/j.trc.2016.07.007,130,Analytical string-stability analysis + microscopic simulation,single-lane platoon; hypothetical highway with on-ramp merge; mixed traffic,Connected vehicles; autonomous vehicles; V2V/V2I,Direct bottleneck/congestion mitigation,Direct bottleneck/congestion mitigation; Longitudinal control; Stop-and-go waves / flow stability; Throughput/capacity,Tier 1,"Acceleration/car-following modeling framework distinguishing regular, connected, and autonomous vehicles",String stability; shockwave formation/propagation; collision/oscillation thresholds; throughput; fundamental diagram scatter,Yes,No/unclear,"Talebpour and Mahmassani (2016) developed an acceleration-modeling framework for regular, connected, and autonomous vehicles and evaluated mixed traffic using analytical string-stability analysis and microscopic simulation. The study found that connected and especially autonomous vehicles can improve string stability, suppress shockwave propagation, and increase throughput under some penetration scenarios, measured using stability thresholds, fundamental diagrams, and maximum throughput.","Results are illustrative and simulation/model-based; they depend on assumed car-following models, reaction times, sensor/communication assumptions, and penetration scenarios, and the authors note that real-world observations are needed for accurate modeling.",Study details verified,Kept / merged unique record,Longitudinal,Analytical stability analysis; Microsimulation,single-lane/platoon; on-ramp merge,Connected vehicles; AV,Bottleneck activation/throughput; Stop-and-go waves / flow stability; String instability; Shockwave propagation,throughput/capacity; string stability/wave damping; speed/stability; fundamental diagram scatter,present,Published study; author names expanded
Undermind #96,Undermind catalog,Tajdari 2019,2019,Integrated ramp metering and lane-changing feedback control at motorway bottlenecks,"Farzam Tajdari, Claudio Roncoli, Nikolaos Bekiaris-Liberis, and Markos Papageorgiou",2019 18th European Control Conference (ECC),https://doi.org/10.23919/ECC.2019.8795763,3.0,Macroscopic traffic-flow simulation + feedback control,motorway bottleneck; on-ramp merge; multi-lane freeway,Connected and partly automated vehicles; V2I lane-changing commands,Direct bottleneck/congestion mitigation,Direct bottleneck/congestion mitigation; Lateral/lane-changing control; Ramp metering; Feedback/control-theoretic,Tier 1,Integrated lane-changing and ramp-metering feedback control using LQI/LQR with anti-windup,Capacity drop; bottleneck throughput; density near critical values; total time spent; ramp queue,Yes,No/unclear,"Tajdari et al. (2019) studied integrated lane-changing and ramp-metering feedback control at motorway bottlenecks using connected and partly automated vehicles that can receive lane-changing commands. In a first-order multi-lane macroscopic simulation with capacity drop, the controller eliminated congestion and reduced total time spent by about 26% without activation logic and 23% with activation logic, but created a large ramp queue in the peak period.","Simulation-only on a hypothetical two-lane motorway; assumes a share of vehicles can implement control tasks, uses a simplified first-order macroscopic model, and does not upper-bound the ramp queue; further stability and robustness tests are left for future work.",Study details verified,Kept / merged unique record,Lateral/merging; Ramp control,Feedback/control-theoretic; Ramp metering; Lane-changing control; LQI/LQR,freeway bottleneck; on-ramp merge; multi-lane freeway,CAV; connected and partly automated vehicles,Bottleneck activation/throughput; Capacity drop; Lane-changing friction / gaps; Queueing/delay,total time spent; throughput/capacity; density; delay/travel time/queue,present,Published study; upgraded relevance to Tier 1 because the paper directly targets motorway bottleneck congestion and capacity drop
Undermind #97,Undermind catalog,Lin Xiao 2020,2020,Traffic Flow Impacts of Converting an HOV Lane Into a Dedicated CACC Lane on a Freeway Corridor,Lin Xiao; Meng Wang; Bart van Arem,IEEE Intelligent Transportation Systems Magazine,https://doi.org/10.1109/MITS.2019.2953477,6.2,Microscopic simulation,freeway corridor with HOV/CACC dedicated lane and multiple interacting bottlenecks,CACC; ACC,Longitudinal control; lane management,CACC car-following with dedicated-lane lane-changing model,Tier 1,Direct bottleneck/congestion mitigation; ACC/CACC; lane management,freeway corridor with bottlenecks and dedicated CACC lane,Yes,No,Xiao et al. studied conversion of an HOV lane to a dedicated CACC lane on a 20-km SR-99 freeway corridor with merging and weaving bottlenecks. The study found that low CACC MPRs below about 30% can worsen GP-lane congestion while 40 to 50% MPRs substantially reduce congestion travel time and delay by shifting flow to the CACC lane.,Simulation-only evidence; results depend on assumed CACC penetration; lane-use rules; calibrated SR-99 demand; modeled lane-changing and deactivation behavior,Study details verified; strong corridor-level evidence for positive and negative congestion effects of dedicated CACC lanes depending on market penetration,Kept / merged unique record,Longitudinal; Network/lane management,ACC/CACC; microscopic simulation,freeway corridor with multiple bottlenecks,CACC; ACC,Bottleneck activation/throughput; lane-changing friction; dedicated-lane underutilization,congestion patterns; CACC lane flow/speed; travel time; delay; reliability; CACC usage/deactivations,present,
Undermind #98,Undermind catalog,Ran Yi 2024,2024,Cooperative CAV mandatory lane-change control enabled by V2I,Ran Yi; Yifan Yao; Fan Pu; Yang Zhou; Xin Wang,Communications in Transportation Research,https://doi.org/10.1016/j.commtr.2024.100126,5.1,Numerical simulation; MPC trajectory-control study,two-lane curved highway lane drop and mandatory lane-changing segment,CAV; V2I; V2V,Lateral/lane-changing control; longitudinal car-following control,Spatial-domain mixed-integer MPC with virtual sequencing and cooperative V2I/V2V control,Tier 2,Lateral/lane-changing control; cooperative CAV control,mandatory lane change on curved highway with car-following,Yes,No,Yi et al. developed a spatial-domain cooperative mandatory lane-changing and car-following controller for CAVs using V2I/V2V and mixed-integer MPC. Numerical simulations in uncongested obstacle and congested scenarios showed smoother mandatory lane changes equilibrium recovery low inverse TTC values and reduced collision risk but congestion impacts were assessed mainly through local trajectory and safety behavior rather than network throughput.,Simulation-only evidence; simplified point-mass vehicle assumptions; excludes complex vehicle dynamics; measurement errors; communication delays from the main model,Study details verified; mechanistically relevant for lane-changing friction and active gap generation but not a direct freeway congestion-mitigation evaluation,Kept / merged unique record,Lateral/merging; Cooperative,MPC; spatial-domain optimization,two-lane curved highway lane drop and mandatory lane-changing segment,CAV; V2I; V2V,Lane-changing friction / gaps; active gap generation; collision avoidance,headway deviation; speed; lateral/angular deviation; inverse TTC; computational time,present,
Undermind #99,Undermind catalog,Zhe Fu 2023,2023,Cooperative Driving for Speed Harmonization in Mixed-Traffic Environments,Zhe Fu; Abdul Rahman Kreidieh; Han Wang; Jonathan W. Lee; Maria Laura Delle Monache; Alexandre M. Bayen,2023 IEEE Intelligent Vehicles Symposium (IV),https://doi.org/10.1109/IV55152.2023.10186598,4.7,Microsimulation with field-test deployment component,I-24 freeway corridor and single-lane mixed-autonomy traffic smoothing for congested events,AV,Longitudinal control,Two-layer speed-harmonization controller using downstream traffic state estimates plus gap regulation and safety filter,Tier 1,Direct congestion mitigation; speed harmonization; mixed-traffic smoothing,stop-and-go waves; string instability; energy-efficient traffic smoothing,Yes,Partial field deployment of upper-layer speed planner,Fu et al. studied a two-layer AV longitudinal speed-harmonization strategy using downstream traffic-state estimates and local gap regulation on I-24 mixed traffic. Simulations with 4% AV penetration showed smoother traffic and about 18% average energy-consumption savings with only 0.58% reduction in distance traveled while lane-change sensitivity tests still showed about 9.84% MPG improvement; the upper-layer speed planner was deployed on 100 AVs in the 2022 I-24 experiment.,Main quantitative results are simulation-based; field deployment discussion reports architecture and application rather than final measured field congestion impacts; assumes availability and usefulness of downstream traffic-state estimates,Study details verified; highly relevant to AV-based traffic smoothing and stop-and-go damping in mixed traffic,Kept / merged unique record,Longitudinal,Speed harmonization; feedback control; traffic-state-estimate-based control,I-24 freeway corridor; mixed-autonomy traffic,AV,Stop-and-go waves; string instability; traffic smoothing; throughput preservation,MPG/energy consumption; distance traveled as throughput proxy; space/time gaps; speed oscillation patterns,present,
Undermind #100,Undermind catalog,Avedisov 2022,2022,Impacts of Connected Automated Vehicles on Freeway Traffic Patterns at Different Penetration Levels,"Sergei S. Avedisov, Gaurav Bansal, and Gábor Orosz",IEEE Transactions on Intelligent Transportation Systems,https://doi.org/10.1109/TITS.2020.3043323,13,Field experiment + numerical simulation,single-lane freeway / connected vehicle network with periodic-boundary traffic patterns,CAV; connected human-driven vehicles; V2X/DSRC,Longitudinal control,Longitudinal control; connected cruise control; V2X long-range feedback; mixed-traffic stabilization,Tier 1,Longitudinal control with connected cruise control / long-range V2X feedback,Stop-and-go waves / flow stability; throughput/capacity; average flow; maximum and average flow improvement; penetration effects,No,No,"Avedisov et al. (2022) studied CAV longitudinal control using V2X long-range feedback in small-scale vehicle experiments and 100-vehicle freeway-pattern simulations. The study found that CAVs using information from multiple vehicles ahead improved stability and throughput more than nearest-neighbor feedback, with flow gains increasing as CV and CAV penetration increased.","Limited to single-lane traffic-pattern experiments and periodic-boundary simulations; lane changes, bottlenecks, and broader human-driver parameter variation were not modeled, so multi-lane freeway impacts need validation.",Study details verified; DOI present in the published study,Kept / merged unique record,Longitudinal,Connected cruise control; V2X long-range feedback,freeway segment/corridor; single-lane traffic-pattern simulation,CAV; connected vehicles,Stop-and-go waves / flow stability; throughput/capacity,average flow; flow improvement; velocity profiles; penetration rate,present,
Undermind #101,Undermind catalog,Papacharalampous et al. 2015,2015,Mitigating Congestion at Sags with Adaptive Cruise Control Systems,"Alexandros E. Papacharalampous, Meng Wang, Victor L. Knoop, Bernat Goñi Ros, Toshimichi Takahashi, Ichiro Sakata, Bart van Arem, and Serge P. Hoogendoorn",2015 IEEE 18th International Conference on Intelligent Transportation Systems,https://doi.org/10.1109/ITSC.2015.395,1.5,Microscopic traffic simulation,single-lane highway sag bottleneck,ACC; CACC; Traffic State-Adaptive ACC,Direct bottleneck/congestion mitigation,Direct bottleneck/congestion mitigation; Longitudinal control; Cooperative sensing/control,Tier 1,Longitudinal ACC/CACC/TSA-ACC headway and acceleration control,Sag bottleneck congestion; capacity drop / queue discharge; total travel time savings; speed contours; headways,No,No,"Papacharalampous et al. (2015) studied ACC, CACC, and Traffic State-Adaptive ACC for a single-lane highway sag with 10% controlled vehicles. The simulations reported total travel time savings of 10.0 veh·min for ACC, 10.4 veh·min for CACC, and 18 veh·min for TSA-ACC versus no control, with TSA-ACC benefits mainly from reducing desired headway in congestion and when leaving the jam.","Simulation-only evidence with a single-lane segment, passenger cars only, no lane changes, and simplified non-controlled driving behavior; authors note that multi-lane networks, heterogeneous vehicles, and sag geometry variation need further study.",Study details verified; DOI present in the published study; authors completed from the published study,Kept / merged unique record,Longitudinal,ACC/CACC; traffic-state-adaptive headway control; V2V multi-anticipation,sag curve; freeway bottleneck,ACC; CACC,Bottleneck activation/throughput; capacity drop; queue discharge; stop-and-go waves / flow stability,total travel time savings; speed contour plots; headways,present,
﻿Undermind #102,Undermind catalog,Donà 2022,2022,Multianticipation for string stable Adaptive Cruise Control and increased motorway capacity without vehicle-to-vehicle communication,"Riccardo Donà, Konstantinos Mattas, Yinglong He, Giovanni Albano, and Biagio Ciuffo",Transportation Research Part C: Emerging Technologies,https://doi.org/10.1016/j.trc.2022.103687,7.5,Analytical study + microsimulation + Pareto optimization,motorway/freeway car-following platoon; highway trajectory-based microsimulation,ACC; multianticipative ACC; radar-based second-leader sensing,Longitudinal control,Direct bottleneck/congestion mitigation; Longitudinal control; string-stability and capacity trade-off,Tier 1,Longitudinal multianticipative ACC using second-leader position/speed without V2V,String instability; stop-and-go waves / flow stability; throughput/capacity; weak string stability; crashes; acceleration RMS; car-follow percentage; mean traffic flow,No,No,"Donà et al. (2022) studied multianticipative ACC that uses radar-based second-leader information without vehicle-to-vehicle communication. Analytical and microsimulation results showed improved damping/string stability and higher motorway flow/capacity, including increased mean traffic flow with higher M-ACC penetration, but benefits depend on controller tuning and sensing assumptions.","Simulation/model-based evidence with simplified platoons and assumed radar second-leader measurements; tuning of the second-leader weight was heuristic, and real-world detection reliability, adaptive headway design, and comparison with CACC were left for future work.",Study details verified; DOI present in the published study,Kept / merged unique record,Longitudinal,ACC; multianticipative control; Pareto optimization,freeway segment/corridor; motorway platoon,ACC; AV/ADAS,Stop-and-go waves / flow stability; string instability; throughput/capacity,transfer function magnitude; step response; weak string stability; crashes; acceleration RMS; car-follow percentage; mean flow,present,
Undermind #103,Undermind catalog,Ziyuan Gu 2022,2022,Network traffic instability with automated driving and cooperative merging,"Ziyuan Gu, Zelin Wang, Zhiyuan Liu, and Meead Saberi",Transportation Research Part C: Emerging Technologies,https://doi.org/10.1016/j.trc.2022.103626,11,Theoretical network traffic-flow analysis; SUMO microsimulation,two-ring network; merge/diverge network; real motorway segment,AV; CAV; connected HV,Negative or mixed effects,Direct bottleneck/congestion mitigation; Cooperative merging/platooning; Network/routing; Negative or mixed effects,Tier 1,Cooperative merging; network traffic stability analysis; NFD/MFD analysis,NFD/MFD bifurcation; FD/NFD scatter; network flow; density; capacity drop; stop-and-go waves,Yes,Yes,"Gu et al. (2022) studied network traffic instability caused by turning and merging maneuvers using two-ring NFD/MFD theory and SUMO simulations of HVs, AVs, and CAVs. The study found that instability persists under automation and non-cooperative AVs can worsen stability under frequent merging, while CAV cooperative merging reduces scatter, maintains higher network flows, and delays bifurcation.","Simulation/theory-based evidence; stylized two-ring network and assumed car-following parameters; calibration/validation of some parameters was outside scope, although a real Sydney motorway segment was also tested.",Published study; DOI verified,Kept / merged unique record,Lateral/merging; Route/network/lane-use; Cooperative,Cooperative merging; CIDM/IDM/HDM microsimulation; NFD/MFD analysis; adaptive routing/signal comparison,merge/merging area; network; motorway segment,AV; CAV; connected HV,Turning/merging-induced network instability; NFD bifurcation; capacity drop; stop-and-go waves / flow stability; network congestion distribution,NFD/MFD bifurcation point; FD/NFD scatter; network flow/capacity; density; vehicle trajectories,present,Study details verified
Undermind #104,Undermind catalog,Yuxin Cai et al. 2024,2024,Interaction-Aware Hierarchical Representation of Multi-Vehicle Reinforcement Learning for Cooperative Control in Dense Mixed Traffic,"Yuxin Cai, Zhengxuan Liu, Xiangkun He, Zhiqiang Zuo, Wei-Yun Yau, and Chen Lv",2024 IEEE 27th International Conference on Intelligent Transportation Systems (ITSC),https://doi.org/10.1109/ITSC58415.2024.10920267,1.9,RL/MARL simulation/benchmark; zero-shot generalization evaluation,dense mixed-traffic bottleneck; four-lane-to-two-lane merge in SUMO,CAV; HDV; V2X/RSU-enabled cooperative control,Cooperative merging/platooning,Cooperative merging/platooning; RL/MARL; Lateral/lane-changing control; Longitudinal control,Tier 2,Longitudinal and lateral cooperative control; MARL,IAHR-MAPPO; graph attention; hierarchical representation learning; CTDE/MAPPO,Yes,No/unclear,"Cai et al. (2024) studied IAHR-MAPPO for cooperative CAV longitudinal and lateral control in dense mixed-traffic bottleneck scenarios. The model reduced completion time relative to IDM+LC2013 in several training/testing scenarios and improved safety-efficiency tradeoffs using collision rate and completion time, but zero-shot generalization remained difficult in HDV-dominated dense traffic.",Simulation-only SUMO benchmark; small stylized bottleneck scenarios; no field validation; model still showed collisions or failed completion in some zero-shot scenarios with low CAV penetration or many HDVs.,Published study; DOI verified,Kept / merged unique record,Longitudinal; Lateral/merging; Cooperative,RL/MARL; IAHR-MAPPO; graph attention; CTDE,Freeway bottleneck/merge; dense mixed traffic,CAV; HDV,Bottleneck merging conflicts; dense traffic delay; safety-efficiency tradeoff,collision rate; completion time; episode reward; zero-shot generalization performance,present,Study details verified
Undermind #105,Undermind catalog,Wenzhang Yang 2025,2025,Cooperative control strategy for heterogeneous traffic flow in multi-lane on-ramp areas with connected and automated technology,"Wenzhang Yang, Changyin Dong, Ziqian Zhang, Hui Zhang, and Hao Wang",Transportation Research Part C: Emerging Technologies,https://doi.org/10.1016/j.trc.2025.105248,3.0,Simulation with calibrated parameters; cooperative control strategy evaluation,multi-lane on-ramp area; two-lane mainline plus ramp; heterogeneous traffic,CAV; AV; HDV; connected and automated technology,Direct bottleneck/congestion mitigation,Direct bottleneck/congestion mitigation; Cooperative merging/platooning; Lateral/lane-changing control; Longitudinal control,Tier 1,Merging control and lane-changing control; centralized CAV cooperative control,Real-time cooperative gap-selection merging control; lane-changing control for speed/density uniformity; IDM/LCM/Gipps/ACC/CACC simulation,Yes,No/unclear,"Yang et al. (2025) studied a real-time cooperative CAV strategy combining merging control and mainline lane-changing control in heterogeneous multi-lane on-ramp traffic. Simulations with calibrated parameters showed large safety improvements, delay and cumulative-discomfort reductions up to about 40%, and mitigation of capacity drop, even at lower CAV penetration rates.",Simulation-only evidence; centralized roadside detection/control assumptions; results depend on modeled vehicle behavior and calibrated parameters; no field deployment validation.,Published study; DOI verified,Kept / merged unique record,Lateral/merging; Longitudinal; Cooperative,Cooperative gap selection; lane-changing uniformity control; centralized real-time control; microsimulation,on-ramp merge; multi-lane freeway merge area,CAV; AV; HDV,Capacity drop; merging conflicts; lane imbalance; bottleneck activation/throughput,TET; TETMP; CPMR; delay; cumulative discomfort index; capacity drop; speed/density uniformity,present,Study details verified
Undermind #106,Undermind catalog,Gao et al. 2024,2024,Distributionally Robust Optimization Based Model Predictive Control for Stochastic Mixed Traffic Flow,"Fengkun Gao, Bo Yang, Cailian Chen, Xinping Guan, and Yuliang Tang",IEEE Transactions on Intelligent Transportation Systems,https://doi.org/10.1109/TITS.2023.3315955,2.2,Analytical/modeling; simulation with real-data calibration,mixed-traffic freeway/network cells with on-ramps/off-ramps,CAV; ACC/CACC assumed; V2X/IoV infrastructure; HDV uncertainty,Direct bottleneck/congestion mitigation,Direct bottleneck/congestion mitigation; Network/routing; Speed harmonization/VSL; MPC/optimal/distributed control,Tier 1,DRO-based stochastic MPC; ramp metering; variable speed limits,total travel time; maximum traffic density; congestion reduction; stochastic HDV-flow uncertainty,No/unclear,Yes,"Gao et al. (2024) developed a distributionally robust stochastic MPC strategy for macroscopic mixed traffic using an SMT-CTM, ramp metering, and VSL. Simulations calibrated with Shanghai traffic data showed congestion and total-travel-time reductions compared with no control and robust MPC.","Simulation/model-based evidence; assumes connected infrastructure, controllable VSL/ramp metering, and response to control signals; future work needed on coupling vehicle driving and traffic control.",Study details verified from the published study,Kept / merged unique record,Route/network/lane-use; Longitudinal,MPC; Optimization/optimal control; VSL/ramp metering,mixed-traffic freeway/network cells with on-ramps/off-ramps,CAV; HDV; ACC/CACC assumed,Congestion propagation; bottleneck inflow control; stochastic HDV-flow uncertainty; capacity/occupancy effects,total travel time; maximum traffic density; congestion reduction; solving time,present,Study details verified
Undermind #107,Undermind catalog,Xu et al. 2020,2020,A Bi-Level Cooperative Driving Strategy Allowing Lane Changes,"Huile Xu, Yi Zhang, Christos G. Cassandras, Li Li, and Shuo Feng",Transportation Research Part C: Emerging Technologies,https://doi.org/10.1016/j.trc.2020.102773,13,Optimization/modeling; simulation,conflict areas; work zone; non-signalized intersection; ramping regions,CAV,Lateral/lane-changing control,Lateral/lane-changing control; Cooperative merging/platooning; Direct bottleneck/congestion mitigation,Tier 1,Bi-level cooperative driving; MCTS; right-of-way and trajectory planning,average delay; throughput; total travel time/objective value; computation time; lane-change conflict resolution,Yes,No/unclear,"Xu et al. (2020) studied a bi-level cooperative CAV driving strategy that allows lane changes in conflict areas such as work zones and intersections. The strategy improved traffic efficiency relative to FIFO coordination, including lower average delay and higher throughput under high arrival rates.",Simulation-only evidence in simplified conflict-area scenarios; CAV penetration effects and mixed traffic with human drivers were not explicitly addressed; trajectory tracking errors and actuation delays were left for future work.,Study details verified from the published study,Kept / merged unique record,Lateral/merging; Cooperative,Optimization/optimal control; MCTS,conflict areas; work zone; ramping/intersection regions,CAV,Lane-changing conflicts; right-of-way conflicts; work-zone bottleneck delay; local conflict-zone capacity loss,throughput; average delay; total travel time; computation time; near-optimality gap,present,Study details verified
Undermind #108,Undermind catalog,Hou and Graf 2021,2021,Decentralized Cooperative Lane Changing at Freeway Weaving Areas Using Multi-Agent Deep Reinforcement Learning,Yi Hou and Peter Graf,ArXiv,https://doi.org/10.48550/arXiv.2110.08124,2.6,RL simulation/benchmark,freeway weaving area; on-ramp/off-ramp bottleneck,AV; connected automated vehicles; assumed 100% automated/connected,Direct bottleneck/congestion mitigation,Direct bottleneck/congestion mitigation; Lateral/lane-changing control; Cooperative merging/platooning; RL/MARL,Tier 1,Decentralized multi-agent deep RL using PPO; acceleration and lane-changing control,traffic throughput; average travel time; speed; stops per vehicle; fuel efficiency; CO2/NOx emissions; density maps; shock waves,Yes,No/unclear,"Hou and Graf (2021) developed a decentralized multi-agent PPO controller for cooperative lane changing at a freeway weaving bottleneck. SUMO simulations showed higher throughput and lower travel time, stops, emissions, and shock-wave formation in moderate and extreme congestion compared with human-driver behavior.",Simulation-only evidence; assumes all vehicles are automated/connected and have access to global state information; mixed traffic with human drivers was identified as future work.,preprint/working paper venue; Study details verified from the published study,Kept / merged unique record,Lateral/merging; Longitudinal; Cooperative,RL/MARL; PPO,freeway weaving/diverge; on-ramp/off-ramp bottleneck,AV; CAV,Lane-changing friction; weaving turbulence; queue formation; stop-and-go waves; shock-wave propagation,throughput; travel time; speed; stops per vehicle; fuel efficiency; CO2 emissions; NOx emissions; density maps; trajectories,present,Study details verified
Undermind #110,Undermind catalog,Keqiang Li 2022,2022,Cooperative Formation of Autonomous Vehicles in Mixed Traffic Flow: Beyond Platooning,"Keqiang Li, Jiawei Wang, and Yang Zheng",IEEE Transactions on Intelligent Transportation Systems,https://doi.org/10.1109/TITS.2022.3146612,18,Analytical/modeling; numerical simulation,single-lane ring road; mixed traffic,AV,Longitudinal control,Longitudinal control; Cooperative merging/platooning; Stop-and-go wave damping,Tier 1,Cooperative formation; centralized H2 optimal control; ACC-type control,stop-and-go waves; string instability; H2 performance; stabilizing time; linear quadratic cost,No,No,"Li et al. (2022) studied how different spatial formations of AVs affect mixed-traffic smoothing in a single-lane ring-road setting. They found that uniform AV distribution can outperform platooning for dissipating perturbations when HDVs have poor string stability, measured using H2 performance, stabilizing time, and linear quadratic cost.",Limited to a single-lane ring-road model and nonlinear simulation; cooperative controller assumes global traffic-state information/V2V or V2I; no lane-changing or freeway bottleneck geometry.,Study details verified,Kept / merged unique record,Longitudinal; Cooperative,H2 optimal control; ACC/CACC; Formation optimization,Ring road / single-link traffic smoothing,AV,Stop-and-go waves; String instability,H2 performance; stabilizing time; linear quadratic cost; velocity/spacing deviations,present,Study details verified; year corrected from row metadata to 2022 based on publication; not a merge/on-ramp bottleneck paper
Undermind #111,Undermind catalog,Roncoli et al. 2017,2017,Lane-changing feedback control for efficient lane assignment at motorway bottlenecks,"Claudio Roncoli, Nikolaos Bekiaris-Liberis, and Markos Papageorgiou",Transportation Research Record,https://doi.org/10.3141/2625-03,5.2,Analytical/modeling; macroscopic simulation,multilane motorway bottleneck; lane-drop bottleneck,VACS-equipped vehicles; connected/automated vehicles,Direct bottleneck/congestion mitigation,Direct bottleneck/congestion mitigation; Lateral/lane-changing control,Tier 1,Feedback control; LQR; lane-changing control; lane assignment,bottleneck activation; capacity drop; lane-changing friction; total travel time; bottleneck outflow,Yes,No,"Roncoli et al. (2017) developed a feedback/feedforward lane-changing control strategy for assigning equipped vehicles upstream of motorway bottlenecks. Simulation on a nonlinear multilane macroscopic model showed that the controller avoided congestion and capacity drop and reduced total travel time by about 21–22%, measured using density contours, lateral flows, bottleneck outflow, and TTT.",Macroscopic simulation only; assumes sufficient VACS compliance and real-time state/inflow measurements; assumes another controller keeps total inflow near or below bottleneck capacity; mixed traffic with noncompliance is left for future work.,Study details verified,Kept / merged unique record,Lateral,Feedback/control-theoretic; LQR; Lane assignment,Freeway bottleneck; lane-drop,CAV/VACS; connected vehicles,Bottleneck activation/throughput; Capacity drop; Lane-changing friction / gaps,Total travel time; density; lateral flow; bottleneck outflow; capacity drop avoidance,present,"Study details verified; venue, year, and author list completed; directly relevant bottleneck lane-changing control"
Undermind #112,Undermind catalog,Yang et al. 2024,2024,A Macro-Micro Lane Changing Strategy for Congestion Mitigation in Mixed Traffic,"Yuanxiang Yang, Yu Liu, and Claudio Roncoli",2024 IEEE 27th International Conference on Intelligent Transportation Systems (ITSC),https://doi.org/10.1109/ITSC58415.2024.10919932,1.2,Analytical/modeling; numerical simulation,lane-drop motorway bottleneck; mixed HV-CAV traffic,CAV,Direct bottleneck/congestion mitigation,Direct bottleneck/congestion mitigation; Lateral/lane-changing control,Tier 1,Macro-micro lane-changing control; tactical lane assignment; game-theoretic trajectory planning,bottleneck activation; lane-changing friction; throughput; delay; waiting time; density distribution,Yes,No,"Yang et al. (2024) proposed an integrated macro-micro CAV lane-changing strategy combining a macroscopic tactical lane controller with a Bezier-curve trajectory planner and game-theoretic interaction model. SUMO simulation of a three-to-two-lane lane-drop showed visible but modest throughput improvement and clear reductions in average delay and waiting time, with more balanced lane densities as CAV penetration increased.",Validated only in a numerical lane-drop scenario; assumes controllable CAV lateral flows and identical HV/CAV dynamics in the macro experiment; complete congestion elimination was not achieved because HV flows remain uncontrollable.,Study details verified,Kept / merged unique record,Lateral/merging,Optimization/optimal control; Game theory; Trajectory planning,Freeway bottleneck; lane-drop; mixed traffic,CAV,Bottleneck activation/throughput; Lane-changing friction / gaps; Queue/delay,Flow; average delay; waiting time; density distribution; TTC/safety risk; comfort/efficiency costs,present,Study details verified; confirms direct congestion-mitigation framing and lane-drop simulation results
Undermind #113,Undermind catalog,Michail A. Makridis 2023,2023,Rule-Based On-Off Traffic Control Strategy for CAVs on Motorway Networks: Assessing Cooperation Level and Driving Homogeneity,"Michail A. Makridis, Joel Schaniel, and Anastasios Kouvelas",IEEE Access,https://doi.org/10.1109/ACCESS.2023.3265470,2.1,Microscopic simulation,multi-lane motorway network with on-ramp merging,CAV,Direct bottleneck/congestion mitigation,Direct bottleneck/congestion mitigation; Lateral/lane-changing control; Longitudinal control; Cooperative merging/platooning,Tier 1,Rule-based decentralized on-off cooperation; delay-based actuation; conflict resolution by deceleration or lane changing,average network delay time; flow; harmonic speed; density; lane changes; merge conflict disturbance,Yes,No,"Makridis et al. (2023) proposed a rule-based decentralized on-off cooperation strategy for CAVs at motorway on-ramp merging areas using CAVs as mobile actuators. The microsimulation study found that full cooperation reduced average network delay from 117 s/km to 64 s/km and homogeneous CAV behavior further reduced delay to 42 s/km, but the analysis assumes autonomous vehicles with V2X and does not model communication delays.",Simulation-only evidence; assumes instantaneous communication and constant headway policy; tested on a specific multi-lane on-ramp network; deceleration and lane-changing trajectories are not optimized; limited replications and no field validation.,Study details verified,Kept / merged unique record,Longitudinal; Lateral/merging; Cooperative,Rule-based cooperative control,multi-lane motorway network with on-ramp merging,CAV,Merge conflicts; bottleneck delay; lane-changing disturbance; network delay,average delay time; flow; harmonic speed; density; lane changes,present,
Undermind #116; Perplexity table P9; Perplexity bibliography,Undermind catalog; Perplexity selected table; Perplexity bibliography,Can Liu 2025,2025,Optimizing Mixed Traffic Flow: Longitudinal Control of Connected and Automated Vehicles to Mitigate Traffic Oscillations,"Can Liu, Fangfang Zheng, Henry X. Liu, and Xiaobo Liu",IEEE Transactions on Intelligent Transportation Systems,https://doi.org/10.1109/TITS.2024.3522002,9.4,Trajectory-data-based simulation and control evaluation,mixed single-lane traffic with stop-and-go oscillations and shockwaves,CAV,Direct bottleneck/congestion mitigation,Direct bottleneck/congestion mitigation; Longitudinal control; MPC; Stop-and-go wave mitigation,Tier 1,Oscillation Mitigation-based MPC with probabilistic equilibrium spacing estimation and jam-absorption trajectory planning,velocity mean; velocity standard deviation; road segment congestion index; vehicle stop times; time exposed TTC; average fuel consumption,No,No,"Liu et al. (2025) developed an OM-MPC longitudinal controller that selects a trailing CAV to absorb downstream oscillations using probabilistic equilibrium spacing estimation and jam-absorption trajectory planning. Experiments with real trajectory data and simulated mixed traffic showed higher velocity mean, lower congestion index, and fewer vehicle stop times than regular MPC and proportional-integral control, but the study is limited to longitudinal single-lane control without lane-changing effects.",Not field deployed; assumes V2V communication without delay or packet loss; uses simulated mixed traffic based on trajectory data; controller performance depends on CAV spacing and preset oscillation duration and parameter estimation accuracy; future work needed for multi-lane lane-changing scenarios.,Study details verified,Retained after duplicate merge,Longitudinal; Cooperative,MPC; Jam-absorption control,mixed single-lane traffic with stop-and-go oscillations and shockwaves,CAV,Stop-and-go waves / flow stability; traffic oscillations; shockwave propagation,velocity mean; velocity standard deviation; road segment congestion index; vehicle stop times; time exposed TTC; average fuel consumption,present,merged duplicate metadata
Undermind #117,Undermind catalog,C. Roncoli 2019,2019,Integrated optimal traffic flow control enabled by speed and time-gap regulation,Claudio Roncoli,2019 IEEE Intelligent Transportation Systems Conference (ITSC),https://doi.org/10.1109/ITSC.2019.8917432,0.5,Analytical modeling and simulation,macroscopic freeway network with source sink diverge and merge segments plus microscopic validation on circular road with on-ramp,CAV; semi-automated vehicles,Direct bottleneck/congestion mitigation,Direct bottleneck/congestion mitigation; Longitudinal control; Speed harmonization; Ramp metering; Optimal control,Tier 1,Linearly constrained convex optimal control using speed regulation and desired time-gap regulation,Total Time Spent; speed profiles; ramp queues; capacity drop at merge; traffic efficiency improvement,Yes in microscopic validation,Yes in optimization framework,"Roncoli (2019) derived a macroscopic first-order traffic-flow model from ACC/CACC car-following behavior and formulated an integrated convex optimal control problem using CAV speed and desired time-gap regulation. In a seven-segment network with a merging bottleneck, conventional control reduced TTS by 12.1% while speed and time-gap regulation reduced TTS by 39.5% and prevented congestion, but the evidence is simulation-based and assumes centralized knowledge and controllable CAV speed/time-gap settings.",Simulation-only evidence; assumes a central decision maker with complete traffic-state knowledge and V2I capability; simplified first-order macroscopic model; numerical scenario is small; ongoing work noted for further microscopic validation.,Study details verified,Kept / merged unique record,Longitudinal; Route/network/lane-use,Convex optimal control; Speed/time-gap regulation; Ramp metering; Variable speed limits,macroscopic freeway network with source sink diverge and merge segments plus microscopic validation on circular road with on-ramp,CAV; semi-automated vehicles,Capacity drop; bottleneck activation; ramp queues; traffic efficiency loss,Total Time Spent; speed profiles; ramp queues; traffic efficiency,present,
Undermind #118,Undermind catalog,Li Jin 2021,2021,Analysis and Design of Vehicle Platooning Operations on Mixed-Traffic Highways,"Li Jin, Mladen Čičić, Karl H. Johansson, and Saurabh Amin",IEEE Transactions on Automatic Control,https://doi.org/10.1109/TAC.2020.3034871,7.3,Analytical/modeling with CTM and SUMO validation,mixed-traffic highway segment with downstream bottleneck and ramp,CAV platoons with non-CAV background traffic,Cooperative platoon coordination,Cooperative merging/platooning; Direct bottleneck/congestion mitigation; Traffic-flow modeling,Tier 1,Headway regulation; platoon size management; stochastic fluid model; M/D/1 queueing and Foster-Lyapunov stability analysis,highway bottleneck and mixed-traffic platooning,Yes,No/unclear,"Jin et al. (2021) developed a stochastic tandem-link fluid model for CAV platoons sharing highway capacity with non-CAV background traffic near a bottleneck. The study showed that headway regulation and platoon size management can maximize throughput and minimize delay, measured using stability, throughput, queue length, travel time, and VHT, but the approach relies on simplified fluid-model assumptions with CTM and SUMO validation rather than field deployment.","Fluid model does not capture detailed car-following, lane-changing, or speed-difference interactions along the link; validation is simulation-based and not field-tested.",Study details verified,Kept / merged unique record,Cooperative,Platooning; optimization/queueing; traffic-flow modeling,mixed-traffic highway bottleneck,CAV platoons; non-CAV traffic,Bottleneck activation/throughput; queueing/delay; spillback,throughput; delay; queue length; travel time; VHT; stability conditions,present,
Undermind #119,Undermind catalog,F. Zheng 2020,2020,Analyzing the impact of automated vehicles on uncertainty and stability of the mixed traffic flow,"Fangfang Zheng, Can Liu, Xiaobo Liu, Saif Eddin Jabari, and Liang Lu",Transportation Research Part C: Emerging Technologies,https://doi.org/10.1016/j.trc.2020.01.017,33,Analytical/stochastic modeling with numerical experiments,single-lane mixed traffic stream with bottleneck,AV mixed with HV traffic,Mixed-flow stability and uncertainty analysis,Traffic-flow stability; uncertainty modeling; Direct bottleneck/congestion relevance,Tier 2,Stochastic Lagrangian traffic-flow model; mean and covariance dynamics,mixed traffic stream with HV and AV combinations,No,No,"Zheng et al. (2020) proposed a stochastic Lagrangian model for mixed HV-AV traffic and derived mean and covariance dynamics for different AV positions and penetration rates. The study found that increasing AV penetration from 5% to 50% reduced HV speed-variance uncertainty by about 46.01% to 50.30% and improved stability by up to about 19%, measured using mean spacing variance, mean speed variance, variance of mean speed, and percentage improvement metrics, but it does not design an AV control strategy.",Analytical and numerical study only; AV behavior is assumed homogeneous and deterministic; lane changes and overtaking are excluded; congestion mitigation is inferred through uncertainty and stability rather than direct control.,Study details verified,Kept / merged unique record,Longitudinal; stability,Stochastic modeling; traffic-flow stability,mixed traffic stream with bottleneck,AV,Stop-and-go waves / flow stability; stochastic driver uncertainty; bottleneck congestion duration,mean spacing variance; mean speed variance; variance of mean speed; percentage uncertainty reduction; percentage stability improvement,present,
Undermind #120,Undermind catalog,S. Nakka 2022,2022,A Multi-Agent Deep Reinforcement Learning Coordination Framework for Connected and Automated Vehicles at Merging Roadways,"Sai Krishna Sumanth Nakka, Behdad Chalaki, and Andreas A. Malikopoulos",2022 American Control Conference (ACC),https://doi.org/10.23919/ACC53348.2022.9867314,7.2,RL simulation/benchmark,highway on-ramp merging roadway with single-lane main road and ramp,CAV,Cooperative CAV merging control,Direct bottleneck/congestion mitigation; Longitudinal control; Cooperative merging/platooning; RL/MARL,Tier 1,Multi-agent deep deterministic policy gradient with centralized critic and decentralized actors,merge/merging area,Yes,No/unclear,"Nakka et al. (2022) proposed a decentralized multi-agent actor-critic DRL framework for coordinating CAVs at a highway on-ramp merge. The simulations showed that learned policies avoided rear-end and lateral collisions and eliminated stop-and-go driving, measured using position and speed trajectories, speed ranges, and reward learning, but the study used a simplified Python simulation with homogeneous CAVs and no HV mixed-traffic uncertainty.","Simulation-only evidence; assumes all vehicles are CAV agents with accurate shared information; not robust to communication errors, delays, control noise, or mixed HV-CAV behavior in its current form.",Bibliographic details verified,Kept / merged unique record,Lateral/merging; Cooperative; Longitudinal,RL/MARL; decentralized actor-critic; MDDPG,highway on-ramp merge,CAV,Bottleneck activation/throughput; stop-and-go waves / flow stability; merging conflict,speed trajectories; position trajectories; collision avoidance; speed range; smooth traffic flow,present,The study reports trained-policy performance without an external comparator.
Undermind #121,Undermind catalog,Cai 2024,2024,A Graph Reinforcement Leaning-Based Approach for Merging of Mixed Traffic Vehicles on On-Ramp,"Baigen Cai, Yan Cao, Linguo Chai, Wei Shangguan, Yue Cao, Jin Gao, and Junjie Chen",2024 IEEE 27th International Conference on Intelligent Transportation Systems (ITSC),https://doi.org/10.1109/ITSC58415.2024.10919644,0.6,Simulation; DRL control,on-ramp merge; merge/merging area; mixed traffic,CAV; HDV mixed traffic,Direct bottleneck/congestion mitigation,Direct bottleneck/congestion mitigation; Cooperative merging/platooning; RL/MARL,Tier 1,Graph reinforcement learning; Rainbow DQN; GCN; dynamic action mask; longitudinal and lateral CAV control,Traffic speed; queuing time; simulation time; merging congestion; stop-and-go disturbance,Yes,No/unclear,"Cai et al. (2024) proposed a GCN-Rainbow DQN controller for cooperative CAV acceleration and left-lane-change decisions in mixed on-ramp traffic. The method increased traffic speed and reduced ramp queuing time across 700, 900, and 1200 veh/h scenarios compared with Rainbow DQN and rule-based IDM plus LC2013 control.",Simulation-only SUMO evidence; HDV behavior fixed by IDM and LC2013; communication delays ignored; scenario uses a limited 150 m control area and simplified vehicle counts.,Study details verified; authors verified; DOI retained,Kept / merged unique record,Longitudinal; Lateral/merging; Cooperative,RL/MARL,on-ramp merge; merge/merging area; mixed traffic,CAV; HDV mixed traffic,Bottleneck activation/throughput; Queue formation/discharge; Merging turbulence; Stop-and-go waves / flow stability,traffic speed; queuing time; simulation time,verified,The study supports Tier 1 because the paper directly targets on-ramp merging congestion mitigation using CAV control.
Undermind #122,Undermind catalog,Zhang 2026,2026,"Modeling Mixed Traffic Flow of Human, Connected, Autonomous, and Connected-Autonomous Vehicles in a Freeway Merging Area","Yuhang Zhang, Haipeng Shao, Ziyu Chen, Shuaiming Chen, and Ximing Ji",IEEE Transactions on Vehicular Technology,https://doi.org/10.1109/TVT.2025.3623909,,Analytical/modeling; SUMO simulation,freeway merge; merge/merging area; freeway segment/corridor,HV; CV; AV; CAV,Direct bottleneck/congestion mitigation,Direct bottleneck/congestion mitigation; Cooperative merging/platooning; Negative or mixed effects,Tier 1,Mixed traffic flow model; ACC/CACC modeling; LC2013 lane-changing; FIFO-based merging control; CAV degradation modeling,Capacity; mean speed; mean time loss; merging bottleneck performance; CAV degradation,Yes,No/unclear,"Zhang et al. (2026) modeled HV, CV, AV, and CAV mixed traffic in a freeway merging area using SUMO with autonomous penetration Pa and connected penetration Pc. Results showed that higher Pa generally improved capacity and efficiency but merging control helped mainly when Pa≥0.3 and Pc≥0.8 and could reduce performance when Pa≤0.2 or when CAV mode switching caused instability.",Simulation-only evidence; assumes seamless V2X communication and compliant CVs; only FIFO merging control tested; real-vehicle and observational validation left for future work.,Study details verified; publication status verified as IEEE TVT April 2026; DOI retained,Kept / merged unique record,Lateral/merging; Cooperative,Traffic-flow modeling; Simulation; ACC/CACC; Merging control,freeway merge; merge/merging area; freeway segment/corridor,HV; CV; AV; CAV,Bottleneck activation/throughput; Merging turbulence; Negative or mixed effects; String instability / CAV mode switching,capacity; mean speed; mean time loss; autonomous penetration Pa; connected penetration Pc,verified,The study supports Tier 1 because it directly evaluates mixed AV/CAV penetration and connected merging control effects on freeway merge bottleneck performance.
Undermind #123,Undermind catalog,Hattori 2024,2024,Evaluation of a Dynamic Lane Assignment on Urban Freeways by Using a Microscopic Traffic Flow Simulation,"Yuya Hattori, Yasuhiro Shiomi, Masahiko Sano, and Hiroaki Matsunaga",Transportation Research Record,https://doi.org/10.1177/03611981231170186,1.0,Microscopic simulation; calibrated case study,urban freeway merge; freeway segment/corridor,CAV; probe-data-equipped vehicles,Lateral/lane-changing control,Dynamic lane guidance; dynamic lane assignment; detector-based and probe-data-based control,Tier 1,Dynamic lane assignment; lane guidance using Vissim COM interface,Loss time; travel time; lane changes; average speed; 5 min traffic volume; shock-wave propagation,Yes,No/unclear,Hattori et al. (2024) evaluated dynamic lane guidance that directs CAVs upstream of the Tsukamoto urban freeway merge to move from the outer lane to the inner lane when bottleneck speeds fall in the 40 to 60 km/h control range. The Vissim case study calibrated with Zen Traffic Data showed reduced outer-lane loss time and travel time and shortened stop-and-go shock-wave propagation using either detector data or CAV probe data.,Simulation-only evidence from one special urban freeway section with a lane-change-prohibited zone; CAVs do not cooperate with each other; sensitivity to speed thresholds and control-zone location and generality to other sites requires more analysis.,Study details verified; issue year updated to 2024; DOI retained,Kept / merged unique record,Lateral/merging,Simulation; dynamic lane assignment,urban freeway merge; freeway segment/corridor,CAV; probe-data-equipped vehicles,Lane-changing friction / gaps; Bottleneck activation/throughput; Shock-wave propagation; Queueing/delay,loss time; travel time; average speed; 5 min traffic volume; lane changes; GEH calibration statistic,verified,The study supports Tier 1 because it directly tests CAV lane guidance for urban freeway merge congestion and shock-wave reduction.
Undermind #124,Undermind catalog,Eduardo Rauh Muller 2016,2016,Cooperative Mainstream Traffic Flow Control on Freeways,"Eduardo R. Müller, Rodrigo C. Carlson, and Werner Kraus Jr.",IFAC-PapersOnLine,https://doi.org/10.1016/j.ifacol.2016.12.195,1.8,Microsimulation / feedback traffic control,on-ramp merge and lane-drop bottleneck on two-lane freeway,Automated vehicles with vehicle-infrastructure cooperative VSL,Direct bottleneck/congestion mitigation,Direct bottleneck/congestion mitigation; Longitudinal/speed control; Mixed traffic control; Cooperative VSL,Tier 1,Feedback MTFC using cooperative VSL,Bottleneck throughput; capacity drop mitigation; vehicle delay; flow; occupancy; AV penetration rate,Yes,No,Müller et al. (2016) studied feedback-based Mainstream Traffic Flow Control using cooperative VSL imposed on automated vehicles in an Aimsun freeway merge and lane-drop bottleneck. The study found that higher automated-vehicle penetration improved delay and bottleneck operation with large gains up to about 30% penetration and little additional gain beyond that while mixing cooperative VSL with point VSL for unequipped vehicles could worsen performance.,Simulation-only evidence on a hypothetical freeway segment; automated vehicles used the same car-following behavior as conventional vehicles; practical VSL implementation details and fixed speed-limit steps were not fully addressed.,Study details verified; DOI present,Kept / merged unique record,Longitudinal,VSL/speed control; feedback control; mainstream traffic flow control,Freeway on-ramp merge and lane-drop bottleneck,Automated vehicles; cooperative VSL,Bottleneck activation/throughput; capacity drop; queue formation,delay; flow; occupancy; penetration rate; VSL rate,present,The study confirms Tier 1 because cooperative automated-vehicle speed compliance is used as an active bottleneck-control actuator.
Undermind #125,Undermind catalog,Xianhong Zhang 2022,2022,Flow Regulation for Partially Connected and Automated Traffic: An Optimal Control Approach,"Xianhong Zhang, Xiaoyun Li, Lianhua An, and Jia Hu",2022 IEEE 25th International Conference on Intelligent Transportation Systems (ITSC),https://doi.org/10.1109/ITSC55140.2022.9922255,,Microscopic simulation / optimal control,multi-lane road segment with partially connected and automated traffic,CAV; partially connected and automated vehicles,Direct bottleneck/congestion mitigation,Direct bottleneck/congestion mitigation; Longitudinal/speed control; Optimal control; Mixed traffic control,Tier 1,Optimal flow regulation using CAV desired-speed control,Demand management; capacity drop avoidance motivation; flow regulation accuracy; target demand drop; CAV penetration sensitivity,Yes,No,"Zhang et al. (2022) proposed a model-predictive optimal flow regulator that adjusts CAV cruising speed to regulate flow in partially connected and automated multi-lane traffic. VISSIM simulations showed generally over 80% regulation accuracy across penetration rates, demand levels, and target demand drops, with stable process control and an effective target demand-drop limit of about 40%.",Simulation-only evidence; facility geometry and bottleneck type are not fully specified; congestion outcomes are mainly flow-regulation accuracy rather than direct queue or delay reductions; performance deteriorates for large target drops at low CAV penetration.,Study details verified; DOI present,Kept / merged unique record,Longitudinal,Optimization/optimal control; MPC; flow regulation,Mixed traffic multi-lane road segment,CAV,Demand/flow regulation; capacity drop prevention motivation,steady-state error; regulation accuracy; target demand drop; CAV penetration rate; v/c ratio,present,The study supports upgrading from Tier 4 to Tier 1 because CAV speed control is explicitly used for demand management to avoid congestion and capacity drop.
Undermind #126,Undermind catalog,Irene Martínez 2020,2020,Optimal location problem for variable speed limit application areas,Irene Martínez and Wen-Long Jin,Transportation Research Part B: Methodological,https://doi.org/10.1016/j.trb.2020.05.003,5.0,Analytical traffic-flow theory / optimization,lane-drop bottleneck with extension to sag and tunnel bottlenecks,N/A; VSL infrastructure control,Foundational traffic-flow theory / VSL bottleneck control,Foundational theory; Direct bottleneck/congestion mitigation; VSL/speed control,Tier 3,Open-loop VSL location optimization using BA-LWR model,Capacity drop prevention; uncongested and congested stationary states; optimal VSL application-area location; bottleneck throughput,No/unclear,No,"Martínez and Jin (2020) analytically formulated the optimal location problem for VSL application areas using a bounded-acceleration LWR model at lane-drop bottlenecks and extended the analysis to sag and tunnel bottlenecks. The study showed that VSL location and speed limit jointly determine whether an uncongested stationary state can prevent capacity drop, and contrary to common assumptions, higher speed limits require the VSL area to be farther from the bottleneck.",Analytical/modeling study rather than AV/CAV-specific control; assumes initially empty bottleneck and homogeneous driving characteristics; stability of the uncongested stationary state and recovery after congestion are left for future work; field validation is not provided.,Study details verified; DOI present,Kept / merged unique record,Longitudinal,VSL/speed control; optimal location design; traffic-flow modeling,Lane-drop bottleneck; sag bottleneck; tunnel bottleneck,N/A,Capacity drop; bottleneck breakdown; stationary states; bounded acceleration,admissible stationary states; capacity drop prevention; optimal VSL distance; controlled flow; speed limit,present,The study confirms foundational Tier 3 value for AV/CAV review because it provides bottleneck and VSL design theory that later connected or automated speed-control strategies can build on.
Undermind #127; Perplexity bibliography,Undermind catalog; Perplexity bibliography,Stern et al. 2018,2018,Dissipation of stop-and-go waves via control of autonomous vehicles: Field experiments,"Raphael E. Stern, Shumo Cui, Maria Laura Delle Monache, Rahul Bhadani, Matt Bunting, Miles Churchill, Nathaniel Hamilton, R'mani Haulcy, Hannah Pohlmann, Fangyu Wu, Benedetto Piccoli, Benjamin Seibold, Jonathan Sprinkle, and Daniel B. Work",Transportation Research Part C: Emerging Technologies,https://doi.org/10.1016/j.trc.2018.02.005,87,Field experiment,circular single-lane ring track with 21 to 22 vehicles,AV,Direct bottleneck/congestion mitigation,Direct bottleneck/congestion mitigation; Longitudinal control; Stop-and-go wave damping; Mobile traffic control actuators,Tier 1,Longitudinal velocity control using FollowerStopper and PI controller with saturation,stop-and-go wave dissipation; velocity standard deviation; fuel consumption; braking events; throughput,No,No,"Stern et al. (2018) experimentally studied longitudinal velocity control of one autonomous vehicle on a circular track with 21 to 22 vehicles. The study showed that low-penetration AV control could damp human-generated stop-and-go waves and reduce velocity variation, fuel use, and braking events, with best reported throughput gains up to 14.1%, but the test setting excluded lane changes and geometric bottlenecks.",Closed circular-track experiment only; no lane changing or geometric bottleneck; one AV approximates uniformly spaced low AV penetration on a longer road; larger multilane freeway validation was left for future work.,Study details verified; venue and publication year corrected from arXiv/preprint metadata,Kept / merged unique record,Longitudinal,AV velocity control / FollowerStopper / PI with saturation,Ring road / single-link traffic smoothing,AV,Stop-and-go waves / flow stability; string instability / wave damping,velocity standard deviation; fuel consumption; braking events; throughput,present,Study details verified and incorporated into the standardized coding
Undermind #128,Undermind catalog,Farid et al. 2023,2023,Cooperative Damping of Lane-change-induced Disturbances via Local Density Reduction,"Yashar Farid, Sergei Avedisov, Onur Altintas, and Kentaro Oguchi",2023 8th International Conference on Models and Technologies for Intelligent Transportation Systems (MT-ITS),https://doi.org/10.1109/MT-ITS56129.2023.10241632,,Simulation,two-lane 2 km freeway with target-lane lane-change disturbance,CAV; V2V connectivity,Lateral/lane-changing control,Lateral/lane-changing control; Cooperative control; Stop-and-go/oscillation damping; Mixed traffic,Tier 2,Cooperative lane-changing via CDLD local density reduction using V2V maneuver requests,lane-change-induced shockwaves; target-lane density; throughput; average velocity; energy; acceleration norm; TTC,Yes,No,"Farid et al. (2023) proposed CDLD, a V2V cooperative lane-change strategy where a lane-changing CAV asks an upstream CAV in the target lane to change lanes and create a gap. Simulations showed that one cooperating CAV improved performance in metastable traffic at 1400 veh/h by increasing throughput by 6% and average velocity by 7%, reducing energy by 16%, and reducing TTC under 3 s events by 97%, but effects were negligible at 1200 veh/h and insufficient to prevent shockwaves at 1600 veh/h.",Simulation-only evidence; evaluated with one cooperating CAV; effectiveness depends strongly on density/metastable conditions; future work proposed multi-agent cooperation and communication-latency analysis.,Study details verified,Kept / merged unique record,Lateral/merging; Cooperative,V2V cooperative lane-changing / local density reduction,Lane-change disturbance / two-lane freeway,CAV; V2V,Lane-changing friction / gaps; stop-and-go waves / flow stability; local density disturbance,throughput; average velocity; energy; acceleration norm; TTC,present,Study details verified and incorporated into the standardized coding
Undermind #129,Undermind catalog,Li et al. 2022,2022,Developing dynamic speed limit strategies for mixed traffic flow to reduce collision risks at freeway bottlenecks,"Ye Li, Bing Pan, Lu Xing, Min Yang, and Jianjun Dai",Accident Analysis & Prevention,https://doi.org/10.1016/j.aap.2022.106781,6.9,Microscopic simulation,10 km freeway bottleneck with one-lane through four-lane scenarios,CAV,Direct bottleneck/congestion mitigation,Direct bottleneck/congestion mitigation; Longitudinal control; Speed harmonization; Safety/risk; Mixed traffic,Tier 1,Dynamic speed limit control for CAV moving barriers using single Max and Min deceleration modules,collision risk at freeway bottlenecks; shock-wave related rear-end risk; TET; TIT; mean travel time; CAV MPR; CAV position distribution; lane-changing effects,Yes,No/unclear,"Li et al. (2022) developed CAV-based dynamic speed limit strategies that slow CAVs before freeway bottlenecks so they act as moving barriers for following HDVs. Microscopic simulations showed that Min control reduced TET and TIT substantially as CAV penetration increased, with uniform CAV distribution performing best, and that in three-lane and four-lane cases with random CAV distribution the strategy reduced TET by about 90% at 50% CAV penetration, but with some mean-travel-time loss.",Simulation-only evidence; main focus is rear-end collision-risk reduction rather than direct congestion delay; lane-changing reduces benefits in multilane scenarios; bottleneck detection and CAV lateral distribution control require further study.,Study details verified,Kept / merged unique record,Longitudinal,Dynamic speed limit / speed harmonization / moving barrier / Min control,Freeway bottleneck; freeway segment/corridor,CAV,Bottleneck activation/throughput; shock-wave risk; lane-changing friction / gaps; safety risk,TET; TIT; mean travel time; speed/stability; CAV penetration; CAV spatial distribution,present,Study details verified and incorporated into the standardized coding
Undermind #130,Undermind catalog,Jiali Peng 2023,2023,Strategy of lane-changing coupling process for connected and automated vehicles in mixed traffic environment,"Jiali Peng, Wei Shangguan, and Linguo Chai",Transportmetrica B: Transport Dynamics,https://doi.org/10.1080/21680566.2022.2154288,5.9,Simulation/modeling,two-lane 3 km road; mixed HDV/CAV traffic,CAV; ACC; CACC; HDV,Lateral/lane-changing control,Lateral/lane-changing control; Mixed-traffic stability; Cooperative lane change,Tier 2,Improved MOBIL lane-changing optimization with PSO; IDM/Gipps for HDV; ACC/CACC for CAV,lane-changing frequency; delay; velocity; TTUD; deceleration; comfort; efficiency; safety; stability,Yes,No,"Peng et al. (2023) studied CAV lane-changing optimization in mixed HDV/CAV traffic using IDM, Gipps, ACC, CACC, MOBIL, and PSO across CAV penetration rates. The optimized model generally reduced delay and TTUD and improved average speed and mixed-traffic operation, but low-to-moderate CAV penetration initially produced disturbed and sometimes negatively optimized traffic flow.","Simulation-only evidence on a simplified two-lane tangent section; road geometry, pedestrians, intersections, and broader network effects are excluded; results depend on assumed car-following and lane-changing models.",Study details verified,Kept / merged unique record,Longitudinal; Lateral,Lane-changing optimization; ACC/CACC; PSO,mixed HDV/CAV two-lane road,CAV; ACC; CACC,Lane-changing friction / gaps; mixed-traffic stability; penetration-rate effects,delay; velocity; TTUD; deceleration; lane-changing frequency,present,Year corrected to journal issue year 2023; DOI year remains 2022; Study details verified.
Undermind #131,Undermind catalog,B. Kerner 2016,2016,Failure of classical traffic flow theories: Stochastic highway capacity and automatic driving,Boris S. Kerner,Physica A: Statistical Mechanics and its Applications,https://doi.org/10.1016/j.physa.2016.01.034,12,Mini-review and simulation,single-lane highway with on-ramp bottleneck; highway bottleneck,ACC/automatic driving vehicles; cooperative driving,Foundational traffic-flow theory; Negative or mixed AV effects,Foundational traffic-flow theory; Negative or mixed effects; Capacity/breakdown theory,Tier 2,Three-phase traffic theory; ACC parameter sensitivity; probabilistic breakdown analysis,breakdown probability; stochastic highway capacity; traffic-system performance; F-to-S transition,Yes,No/unclear,"Kerner (2016) examined stochastic highway capacity and traffic breakdown using three-phase traffic theory and simulations of mixed manual/automatic-driving traffic. The study found that ACC/automatic-driving vehicles can either decrease or increase breakdown probability, with deterioration possible at about 5% automatic vehicles even when ACC platoons satisfy string-stability conditions.",Mini-review and theory-based simulation evidence; results depend on three-phase traffic theory and selected ACC parameters; not a field validation of deployed AV controllers.,Study details verified,Kept / merged unique record,Longitudinal; Foundational theory,Three-phase traffic theory; ACC simulation,highway on-ramp bottleneck; highway corridor,ACC/automatic driving vehicles,Bottleneck activation/throughput; traffic breakdown; stochastic capacity; negative AV effects,breakdown probability; stochastic capacity; throughput/capacity,present,Reclassified from Tier 4 to Tier 2 because it directly addresses automatic-driving effects on breakdown probability and stochastic capacity.
Undermind #132,Undermind catalog,M. F. Keskin 2020,2020,Altruistic Control of Connected Automated Vehicles in Mixed-Autonomy Multi-Lane Highway Traffic,"Musa Furkan Keskin, Bile Peng, Balazs Kulcsar, and Henk Wymeersch",IFAC-PapersOnLine,https://doi.org/10.1016/j.ifacol.2020.12.1990,1.7,Simulation/control design,mixed-autonomy single- and multi-lane highway traffic,CAV; HDV,Direct traffic-smoothing control,Direct bottleneck/congestion mitigation; MPC; multi-lane mixed-autonomy control; traffic smoothing,Tier 1,Altruistic MPC for acceleration and lane-change sequences; MINLP decomposition; OVRV car-following model,traffic smoothness; traffic flow; driving comfort; traffic efficiency; moving traffic jams,Yes,No,"Keskin et al. (2020) studied altruistic MPC control of CAV acceleration and lane-change decisions in mixed-autonomy highway traffic. Simulations showed significant traffic-flow improvements over selfish CAV strategies on single- and multi-lane roads by mitigating moving traffic jams, but the formulation relies on model-based prediction and simplified lane-changing assumptions.",Simulation-only evidence; cooperative driving is outside scope except information sharing; lane changes are modeled as instant single-step decisions; HDVs are assumed to keep the same lane over the prediction horizon.,Study details verified,Kept / merged unique record,Longitudinal; Lateral; Cooperative,MPC; altruistic control;mixed-integer optimization,mixed-autonomy single- and multi-lane highway traffic,CAV; HDV,Stop-and-go waves; moving traffic jams; lane-changing friction / gaps,traffic smoothness; traffic flow; efficiency; comfort,present,Reclassified from Tier 4 to Tier 1 because the control objective explicitly targets traffic-jam mitigation and traffic smoothing.
Undermind #133,Undermind catalog,Lu Liu 2024,2024,A Multi-Agent Rollout Approach for Highway Bottleneck Decongestion in Mixed Autonomy,"Lu Liu, Maonan Wang, Man-On Pun, and Xi Xiong",2024 IEEE 27th International Conference on Intelligent Transportation Systems (ITSC),https://doi.org/10.1109/ITSC58415.2024.10920050,1.5,Simulation / RL algorithm,three-lane-to-two-lane highway bottleneck; Shenhai Highway Shanghai; SUMO,AV; mixed autonomy,Direct bottleneck/congestion mitigation,Direct bottleneck/congestion mitigation; Longitudinal control; RL/MARL; Bottleneck control,Tier 1,Longitudinal AV speed control using multi-agent rollout,average travel time; reward; bottleneck decongestion; AV penetration rate; traffic inflow,Limited / not controlled,No,"Liu et al. (2024) studied longitudinal AV speed control for highway bottleneck decongestion using a Dec-POMDP multi-agent rollout method with A2PI and PPO in mixed-autonomy traffic. In SUMO experiments on a Shenhai Highway three-to-two lane bottleneck, MARollout reduced average travel time by 9.42% at 10% AV penetration and by 45.13% in a shorter congested scenario, but results are simulation-only.",Simulation-only evidence; lane-changing behavior is identified as future work; tested on a selected bottleneck segment rather than a larger-scale network; field validation is not reported.,Study details verified from the published study,Kept / merged unique record,Longitudinal,Multi-agent rollout; Dec-POMDP; A2PI; PPO,freeway bottleneck; highway merge bottleneck,AV; mixed autonomy,Bottleneck activation/throughput; delay reduction; stop-and-go / congestion propagation,average travel time; reward; AV penetration rate; traffic inflow,present,Study details verified
Undermind #134,Undermind catalog,Wendi Nie 2021,2021,Variable Speed Limit Control for Individual Vehicles on Freeway Bottlenecks with Mixed Human and Automated Traffic Flows,"Wendi Nie, Yonghong You, Victor C.S. Lee, and Yaoxin Duan",2021 IEEE International Intelligent Transportation Systems Conference (ITSC),https://doi.org/10.1109/ITSC48978.2021.9564889,1.5,Simulation / control algorithm,freeway bottleneck with VSL control area and acceleration area; SUMO,AV; HV; vehicle communication; mixed human/automated traffic,Direct bottleneck/congestion mitigation,Direct bottleneck/congestion mitigation; Longitudinal control; VSL/speed control; Capacity drop mitigation,Tier 1,Individual-vehicle variable speed limit control,capacity drop; bottleneck discharge rate; discharge rate recovery ratio; AV penetration; compliance rate; traffic demand,Yes,No,"Nie et al. (2021) proposed VSL-IV, a communication-based individual-vehicle speed-limit algorithm for mixed human and automated traffic at freeway bottlenecks. SUMO experiments showed the method kept bottleneck discharge close to capacity, with DRRR of 0.992041 at 50% AV penetration and 50% compliance under 6500 veh/h demand, but results depend on simulation assumptions about compliance and AV behavior.",Simulation-only evidence; assumes AVs strictly comply with speed limits; HV compliance is parameterized; field validation is not reported; results are for a stylized bottleneck with 3 km VSL control area and 1 km acceleration area.,Study details verified from the published study,Kept / merged unique record,Longitudinal,VSL-IV; variable speed limit control; communication-based individual speed control,freeway bottleneck; freeway segment/corridor,AV; HV; mixed human/automated traffic,Capacity drop; bottleneck activation/throughput; queue formation; speed harmonization,bottleneck discharge rate; DRRR; capacity drop; AV penetration rate; compliance rate; traffic demand,present,Study details verified
Undermind #135,Undermind catalog,Mladen Čičić 2020,2020,Numerical Investigation of Traffic State Reconstruction and Control Using Connected Automated Vehicles,"Mladen Čičić, Matthieu Barreau, and Karl Henrik Johansson",2020 IEEE 23rd International Conference on Intelligent Transportation Systems (ITSC),https://doi.org/10.1109/ITSC45102.2020.9294351,1.2,Numerical simulation / traffic state reconstruction and control,two-lane freeway segment; 5 km simulated road; CTM traffic-flow model,CAV; probe CAVs; actuator CAVs; connected automated vehicles,Direct bottleneck/congestion mitigation,Direct bottleneck/congestion mitigation; Longitudinal control; Traffic state reconstruction; Cooperative sensing/control; Stop-and-go wave dissipation,Tier 1,CAV-based moving-bottleneck control with reconstructed traffic state,delay reduction; total time spent; stop-and-go wave dissipation; sensor spacing; communication burden,No/unclear,No,"Čičić et al. (2020) studied CAV-based traffic state reconstruction and stop-and-go wave control using Lagrangian probe measurements and actuator CAVs as controlled moving bottlenecks. Numerical simulations showed reconstructed-state control reduced delay by more than 60% with 1.25 km average sensor gaps, while full-information control reduced delay by almost 80% and adaptive triggering achieved about 65% delay reduction with lower communication burden.",Numerical simulation only; authors describe the work as preliminary; model should be extended to other traffic models with measurement noise and external disturbances; formal analysis and field validation are not provided.,Study details verified from the published study,Kept / merged unique record,Longitudinal; Cooperative sensing/control,Traffic state reconstruction; Lagrangian probe measurements; controlled moving bottleneck; adaptive sensor triggering,freeway segment/corridor; CAV probe-actuator setting,CAV; probe CAVs; actuator CAVs,Stop-and-go waves / flow stability; queue/delay reduction; capacity drop,total time spent; delay ratio; delay reduction; sensor spacing; communication burden,present,Study details verified
Undermind #136,Undermind catalog,Juan Du 2025,2025,Research on Integrated Control Strategy for Highway Merging Bottlenecks Based on Collaborative Multi-Agent Reinforcement Learning,"Juan Du, Anshuang Yu, Hao Zhou, Qianli Jiang, and Xueying Bai",Applied Sciences,https://doi.org/10.3390/app15020836,1.5,RL simulation/benchmark,multi-ramp highway merging bottleneck; multi-lane CTM freeway corridor,infrastructure-based VSL and LCC control,Direct bottleneck/congestion mitigation,Direct bottleneck/congestion mitigation; Lateral/lane-changing control; RL/MARL,Tier 1,Integrated VSL + LCC; FACMAC MARL; Dec-POMDP; dynamic control areas,TTS; TVT; bottleneck density; lane density; merge-area flow; bottleneck alleviation,Yes,No/unclear,"Du et al. (2025) studied integrated VSL and LCC for multi-ramp highway merging bottlenecks using a heterogeneous FACMAC MARL framework with dynamic control areas. The multi-lane CTM experiment reported that FM-ITC-Darea reduced TTS by 10.3% and increased TVT by 2.7% relative to no control, but the evidence is simulation-based and depends on calibrated CTM assumptions.",Simulation-only CTM evidence; no field validation; tested on one highway corridor scenario; authors note possible suboptimal MARL convergence and difficulty balancing local and overall traffic optimization,Study details verified,Kept / merged unique record,Speed control; Lateral/merging,RL/MARL; integrated VSL + LCC; CTM simulation,multi-ramp highway merging bottleneck; multi-lane freeway corridor,infrastructure-based VSL and LCC control,Bottleneck activation/throughput; Lane-changing friction; Merging turbulence; Capacity drop,TTS; TVT; bottleneck density; lane density; flow,Present,published study enrichment from the published study; publication metadata verified
Undermind #137,Undermind catalog,Yanjun Shi 2021,2021,A Collaborative Merging Strategy with Lane Changing in Multilane Freeway On-Ramp Area with V2X Network,"Yanjun Shi, Hao Yu, Yijia Guo, and Zhiheng Yuan",Future Internet,https://doi.org/10.3390/fi13050123,2.4,Simulation,multilane freeway on-ramp merge; two-lane mainline plus ramp,CAV; V2X; V2V/V2I,Direct bottleneck/congestion mitigation,Direct bottleneck/congestion mitigation; Lateral/lane-changing control; Cooperative merging/platooning,Tier 1,Rule-based lane-changing; centralized collaborative merging; linear time-discrete trajectory optimization,number of stops; average delay; average speed; safe gap constraints; merge efficiency,Yes,No,"Shi et al. (2021) studied a V2X-based collaborative merging strategy with rule-based lane-changing and real-time trajectory optimization for a multilane freeway on-ramp area. SUMO and Python simulations showed fewer stops, lower average delay, and higher average speed than no control and trajectory-only control, but the study assumes fully automated connected vehicles and instantaneous lane changes.",Simulation-only evidence; all vehicles assumed fully automated with V2V/V2I; instantaneous lane changing; no lateral control; communication delay and packet loss not considered; no field validation,Study details verified,Kept / merged unique record,Lateral/merging; Cooperative,Rule-based control; trajectory optimization; V2X cooperative merging,multilane freeway on-ramp merge,CAV; V2X,Bottleneck activation/throughput; Lane-changing friction; Merging turbulence,number of stops; average delay; average speed,Present,published study enrichment from the published study; routing modeled changed to No because no route-choice model is used
Undermind #138,Undermind catalog,MirSaleh Bahavarnia 2024,2024,How Many Autonomous Vehicles Are Required to Stabilize Traffic Flow?,MirSaleh Bahavarnia and Ahmad F. Taha,IEEE Control Systems Letters,https://doi.org/10.1109/LCSYS.2024.3499743,,Analytical/modeling; numerical simulation,circular single-lane road; near-equilibrium mixed platoon,AV,Longitudinal control; mixed-traffic stabilization,Longitudinal control; string stability; stop-and-go wave damping,Tier 1,Nonlinear optimization for minimum AV penetration under constrained control parameters,minimum AV penetration rate; string stability; maximum stabilizable HV count; transient response; dominant pole behavior,No,No,"Bahavarnia and Taha (2024) studied how many AVs are needed to stabilize stop-and-go traffic under lower and upper bounds on AV control parameters. The paper derives a nonlinear optimization procedure for the minimum AV penetration rate and shows in one numerical setup that one AV can stabilize at most 184 HVs while 400 HVs require at least 3 AVs, but the analysis is limited to local stability on an idealized circular single-lane road.",Analytical and numerical evidence only; circular single-lane road with no ramps; near-equilibrium local stabilization; idealized linearized car-following model; authors state a large gap remains between theory and practical reality,Study details verified,Kept / merged unique record,Longitudinal,Optimization; constrained AV stabilization control,circular single-lane road; mixed traffic platoon,AV,Stop-and-go waves; String instability / traffic-flow instability,minimum AV penetration rate; string stability; transient response,Present,published study enrichment from the published study; directly relevant to minimum AV share for mixed-traffic stabilization
Undermind #139,Undermind catalog,Zhibin Li 2017,2017,Reinforcement Learning-Based Variable Speed Limit Control Strategy to Reduce Traffic Congestion at Freeway Recurrent Bottlenecks,"Zhibin Li, Pan Liu, Chengcheng Xu, Hui Duan, and Wei Wang",IEEE Transactions on Intelligent Transportation Systems,https://doi.org/10.1109/TITS.2017.2687620,18,RL/control simulation,freeway recurrent merge bottleneck; I-880 Oakland freeway segment,VSL infrastructure control; no AV/CAV specified,Direct bottleneck/congestion mitigation,Direct bottleneck/congestion mitigation; RL/MARL; VSL/speed control,Tier 4,QL-based VSL speed control,system travel time; capacity drop prevention; bottleneck density; bottleneck flow,No/unclear,No/unclear,"Li et al. (2017) studied a Q-learning-based VSL strategy for a freeway recurrent merge bottleneck using a modified CTM calibrated with I-880 field data. The strategy reduced system travel time by 49.34% under stable demand and 21.84% under fluctuating demand compared with no control and outperformed feedback-based VSL, but it is infrastructure-based rather than AV/CAV-based.",Simulation-only CTM evaluation; small freeway merge bottleneck network; other bottleneck types and larger networks need validation; RL agent requires sufficient training and may behave as a black box,Study details verified; DOI present,Kept / merged unique record,Longitudinal,RL/MARL; VSL/speed control,freeway recurrent merge bottleneck; freeway segment/corridor,N/A or needs verification,Bottleneck activation/throughput; Capacity drop; travel-time reduction,system travel time; bottleneck density; bottleneck flow; speed,present,Useful contextual RL-VSL bottleneck-control paper but lower priority for AV/CAV-focused synthesis because no AV/CAV actuation is specified.
Undermind #140,Undermind catalog,Jie Sun 2020,2020,The relationship between car following string instability and traffic oscillations in finite-sized platoons and its use in easing congestion via connected and automated vehicles with IDM based controller,"Jie Sun, Zuduo Zheng, and Jian Sun",Transportation Research Part B: Methodological,https://doi.org/10.1016/j.trb.2020.10.004,17,Analytical/modeling with empirical trajectory case study,finite-sized platoons; NGSIM US-101 trajectory data; connected environment,Connected human-driven vehicles; automated vehicles with IDM-based controller,Direct bottleneck/congestion mitigation,Foundational theory; Direct bottleneck/congestion mitigation; Longitudinal control; Stop-and-go waves / flow stability,Tier 1,Car-following/string-stability control; IDM parameter adjustment,traffic oscillation severity; oscillation amplitude; string instability; desired time gap; maximum acceleration,No,No,"Sun et al. (2020) linked car-following string instability with traffic oscillations in finite-sized platoons and used NGSIM US-101 data to test connected and automated vehicle control factors. The study found that improving stability of selected vehicles can smooth platoon oscillations, with desired time gap and maximum acceleration as promising controls and desired time gap as the most effective factor.",Empirical demonstration uses one selected NGSIM oscillation and IDM-based controller assumptions; broader network and bottleneck validation not specified,Study details verified; DOI present,Kept / merged unique record,Longitudinal,Feedback/control-theoretic; car-following/string stability,finite-sized platoons; NGSIM trajectory case study,Connected vehicles; automated vehicles,Stop-and-go waves / flow stability; string instability,string stability/wave damping; oscillation amplitude,present,Strong mechanistic fit for synthesis on CAV longitudinal control and stop-and-go wave damping because it connects string-instability criteria with observable oscillation mitigation.
Undermind #141,Undermind catalog,Pengfei Li et al. 2025,2025,Collaborative multi-lane scheduling strategy for connected and automated vehicles on highway interchange using rolling traversal scheduling,"Pengfei Li, Yihe Chen, Yunhao Hu, Jia Shi, Keqiang Li, and Yugong Luo",Computer-Aided Civil and Infrastructure Engineering,https://doi.org/10.1111/mice.70141,2.0,Optimization/control simulation,highway interchange; diverging and merging zones; simplified 4-level interchange quadrant,CAVs under cloud control system,Direct bottleneck/congestion mitigation,Direct bottleneck/congestion mitigation; Lateral/lane-changing control; Cooperative scheduling; Trajectory planning,Tier 1,Rolling traversal scheduling; MILP sequence optimization; discretionary lane-changing; double-checked trajectory planning,interchange congestion; right-of-way conflicts; travel delay; traffic efficiency; comfort,Yes,No/unclear,"Li et al. (2025) proposed a cloud-control CAV scheduling framework for highway interchanges that jointly optimizes passing sequences in diverging and merging zones. The method uses rolling traversal scheduling, MILP-based sequence decisions, discretionary lane-changing, and double-checked trajectory planning to reduce delay and improve traffic efficiency, but it assumes full CAV operation in a simplified interchange scenario.",Full CAV scenario only; simplified interchange quadrant; platoon formation and splitting are outside scope; mixed traffic is discussed only as future/reference context,Study details verified; DOI present,Kept / merged unique record,Lateral/merging; Cooperative,Optimization/optimal control; Rolling scheduling; trajectory planning,highway interchange; diverging/merging zones,CAV,Bottleneck activation/throughput; Lane-changing friction / gaps; merging/diverging turbulence,travel delay; traffic efficiency; lane utilization; comfort,present,Directly relevant to CAV-based interchange congestion mitigation because it targets microscopic lane-changing and right-of-way conflicts across interacting merge and diverge bottlenecks.
Undermind #142,Undermind catalog,Abdul Rahman Kreidieh 2023,2023,Lateral flow control of connected vehicles through deep reinforcement learning,"Abdul Rahman Kreidieh, Y. Farid, and K. Oguchi",2023 IEEE Intelligent Vehicles Symposium (IV),https://doi.org/10.1109/IV55152.2023.10186790,0.7,RL simulation/benchmark,multi-lane freeway with downstream bottleneck/incident lane restriction; 3-lane 2 km highway; mixed human/CV traffic,CV,Lateral/lane-changing control,Lateral/lane-changing control; RL/MARL; bottleneck/incident management,Tier 1,hierarchical lateral-flow control; locality-level TD3 deep RL assigns section/lane lateral flows; section-level heuristic converts flows into CV lane-change commands,average speed of all vehicles and CVs; percent improvement over human baseline; bottleneck/incident-induced lane restriction and queueing,Yes,No,"Kreidieh et al. (2023) studied hierarchical RL-based lateral flow control for connected vehicles in a multi-lane freeway with a randomly placed downstream bottleneck/incident. The study found that coordinated CV lane assignment moved vehicles away from restricted lanes and improved average speeds for both CVs and all traffic relative to human and decentralized baselines, but performance was weaker near moderate demand around 1200 veh/hr/lane.","""Simulation-only evidence in a stylized 3-lane 2 km freeway; bottleneck modeled as one stopped incident vehicle; results depend on IDM/MOBIL assumptions and CV penetration/control availability and RL training; authors note standard RL struggled in stochastic moderate-demand settings and future work is needed for scalability/generalizability.""","""Study details verified; DOI present in the published study; venue verified from the published study""",Kept / merged unique record,Lateral/lane-changing; Cooperative,RL/MARL; hierarchical control,Freeway bottleneck/incident; multilane freeway,CV,Lane-changing friction / gaps; bottleneck restriction; queue formation,average speed; CV average speed; percent mobility improvement; lane/section vehicle distribution,present,Enriched from the published study; upgraded to Tier 1 because the paper directly targets bottleneck/incident-induced freeway congestion through coordinated CV lane assignment.
Undermind #143,Undermind catalog,Cathy Wu 2018,2018,Stabilizing Traffic with Autonomous Vehicles,"Cathy Wu, A. Bayen, and Ankur M. Mehta",2018 IEEE International Conference on Robotics and Automation (ICRA),https://doi.org/10.1109/ICRA.2018.8460567,18,Analytical/modeling with numerical optimization,single-lane ring/string traffic with human-driven vehicles and sparse AVs,AV,Stop-and-go wave damping / traffic stabilization,Longitudinal control; string stability; mixed autonomy; traffic smoothing,Tier 1,"linear AV longitudinal controller optimized using frequency-domain string-stability, safety, and performance constraints",string stability; safe/performance headway bounds; required AV penetration rate; number of human vehicles stabilized; fundamental diagram stability range,No,No,"Wu et al. (2018) studied whether sparse autonomous vehicles can stabilize a single-lane human-driven traffic stream using an optimized linear longitudinal controller. The study found numerically that one AV could stabilize up to 16 human-driven vehicles, corresponding to about 6% uniform AV penetration for all traffic conditions and less than 3% for substantial stability gains in some regimes, measured using string stability, headway bounds, and penetration rate.","""Analytical and numerical study only; assumes homogeneous human driver models; single-lane ring/string setting; no explicit time delays and linearization near uniform flow and an optimal controller with kp=0 that authors note may be unreasonable or unsafe under extreme disturbances without nonlinear extensions.""","""Study details verified; DOI present in the published study; venue verified from the published study""",Kept / merged unique record,Longitudinal,Optimization/optimal control; string-stability control,Single-lane ring/string traffic; mixed traffic,AV,Stop-and-go waves; string instability; traffic jams without bottlenecks,string stability; headway safety/performance bounds; AV penetration rate; number of vehicles stabilized; fundamental diagram stability range,present,Enriched from the published study; upgraded from Tier 4 to Tier 1 because it directly addresses AV-based stop-and-go wave prevention and mixed-traffic stabilization.
Undermind #144,Undermind catalog,T. Molnár 2020,2020,Open and closed loop traffic control by connected automated vehicles,"T. Molnár, D. Upadhyay, M. Hopka, M. V. Nieuwstadt, and G. Orosz",2020 59th IEEE Conference on Decision and Control (CDC),https://doi.org/10.1109/CDC42340.2020.9304471,1.5,Analytical/modeling with numerical simulation,single-lane upstream traffic behind a CAV; virtual ring with connected human-driven vehicle feedback,CAV; AV,Stop-and-go wave damping / traffic stabilization,Longitudinal control; CAV feedback control; Lagrangian traffic control; string stability,Tier 1,Lagrangian continuum traffic model with time delay; closed-loop longitudinal CAV controller using upstream connected-vehicle feedback; virtual ring control,string stability regions; transfer functions; perturbation attenuation; speed trajectories; upstream congestion/wave stabilization,No,No,"Molnár et al. (2020) developed delayed Lagrangian continuum traffic models and used them to design a closed-loop longitudinal controller in which a CAV responds to a connected vehicle behind it. The study showed through stability analysis and simulation that a CAV can stabilize upstream traffic in a virtual ring of 10 vehicles and slow smoothly without causing congestion, measured using string-stability charts and vehicle speed responses.","""Primarily theoretical/simulation evidence; simplified single-lane homogeneous traffic and virtual-ring setup; controller depends on V2X feedback from a connected vehicle behind; authors frame boundary-control synthesis and broader controller development as future work.""","""Study details verified; DOI present in the published study; venue verified from the published study""",Kept / merged unique record,Longitudinal,Feedback control; Lagrangian traffic control; continuum modeling; string-stability analysis,Single-lane freeway/string traffic; virtual ring,CAV; AV,Stop-and-go waves; string instability; upstream congestion propagation,string stability domains; transfer functions; speed perturbation attenuation; simulated speed trajectories,present,Enriched from the published study; upgraded from Tier 4 to Tier 1 because it directly studies CAV longitudinal control for upstream traffic stabilization and congestion-wave mitigation.
Undermind #145,Undermind catalog,Xuling Liu 2025,2025,Cooperative Lane-Changing Optimisation of Connected and Autonomous Vehicles in Freeway Merging Area,Xuling Liu and Xiaoning Zhang,Promet - Traffic&Transportation,https://doi.org/10.7307/ptt.v37i6.854,,Simulation/modeling,freeway merging area,CAV,Direct bottleneck/congestion mitigation,Direct bottleneck/congestion mitigation; Lateral/lane-changing control; Cooperative merging/platooning,Tier 1,Cooperative lane-changing optimization and trajectory optimization,average travel speed; total delay time; number of stops; merging bottleneck; lane-changing friction,Yes,No,Liu and Zhang 2025 proposed a CAV cooperative lane-changing and trajectory optimisation framework for a two-lane freeway merging area. The VISSIM COM and Python simulation showed improved trip efficiency with lower total delay and fewer stops under higher demand levels.,Simulation only; assumes instantaneous lane changes; ignores communication delay and packet loss; external weather and road conditions not considered; limited to two-lane merging area.,Study details verified; DOI present,Kept / merged unique record,Lateral/merging; Longitudinal,Optimization/optimal control,merge/merging area; freeway segment/corridor,CAV,Bottleneck activation/throughput; Lane-changing friction / gaps,average travel speed; total delay time; number of stops,present,The study supports Tier 1 because the paper directly targets freeway merging congestion using CAV lane-changing and trajectory control
Undermind #146,Undermind catalog,Yang Zhou 2019,2019,Distributed model predictive control approach for cooperative car-following with guaranteed local and string stability,"Yang Zhou, Meng Wang, and Soyoung Ahn",Transportation Research Part B: Methodological,https://doi.org/10.1016/j.trb.2019.07.001,33,Analytical/modeling and simulation,CAV platoon/string,CAV; CACC,Longitudinal control,Foundational theory; Longitudinal control; Cooperative merging/platooning,Tier 2,Distributed MPC for cooperative car-following with local and string-stability constraints,l-infinity norm string stability; l2 norm string stability; spacing deviation; acceleration; disturbance attenuation; flow stability,No,No,Zhou Wang and Ahn 2019 developed a serial distributed MPC controller for CAV car-following with guaranteed local stability and multi-criteria string stability. Simulations showed better disturbance attenuation and smoother acceleration than MPC without explicit string-stability constraints.,Simulation based validation only; homogeneous and heterogeneous CAV platoon assumptions; mixed CAV and human-driven platoons left for future work; uncertainty and communication delay not incorporated.,Study details verified; DOI present,Kept / merged unique record,Longitudinal,MPC,CAV platoon/string,CAV; CACC,Stop-and-go waves / flow stability,string stability/wave damping; spacing deviation; acceleration,present,The study supports Tier 2 because the paper provides a CAV longitudinal control mechanism for disturbance damping rather than a direct bottleneck congestion case
Undermind #150,Undermind catalog,Hao Wang 2018,2018,Stability of CACC-manual heterogeneous vehicular flow with partial CACC performance degrading,"Hao Wang, Yanyan Qin, Wei Wang, and Jun Chen",Transportmetrica B: Transport Dynamics,https://doi.org/10.1080/21680566.2018.1517058,16,Analytical/modeling with numerical simulation validation,Single-lane heterogeneous CACC-manual freeway/platoon flow; open-boundary and ring-road simulations,CACC; degraded ACC; V2V communication,String stability / mixed-flow stability,ACC/CACC; mixed traffic; string stability; degradation; V2V communication,Tier 2,Longitudinal stability analysis using IDM manual model plus PATH-validated ACC/CACC surrogate car-following models,String stability condition F; CACC penetration rate; equilibrium velocity; perturbation propagation; velocity fluctuations,No,No,"Wang et al. studied analytical string stability of CACC-manual heterogeneous flow where CACC vehicles degrade to ACC when following manual vehicles. The study found that degradation can make stability deteriorate first as CACC penetration rises and that low/medium-speed heterogeneous flow may require penetration near 100% for stability under the PATH-based ACC/CACC models, while complete V2V communication and larger CACC time gaps improve stability.","The study is model-based and uses IDM plus PATH surrogate ACC/CACC models; it considers neighboring-vehicle communication only, single-lane flow, and linear long-wave stability, with nonlinear and short-wave effects left for future work.",Study details verified,Kept / merged unique record,Longitudinal,ACC/CACC; analytical stability analysis,Single-lane freeway/platoon; ring road,CACC; ACC; V2V-enabled vehicles,String instability; stop-and-go wave amplification; CACC degradation,Stability condition F; critical penetration rate; recovery point; equilibrium velocity; velocity perturbation propagation,present,"Study details verified; updated setting, method, metrics, limitations, and congestion mechanism from published article."
Undermind #151,Undermind catalog,Omar ElSamadisy 2025,2025,Deep Reinforcement Learning Freeway Controller Chooses Ramp Metering Over Variable Speed Limits,"Omar ElSamadisy, Ilia Smirnov, Xiaoyu Wang, and Baher Abdulhai",Transportation Research Record,https://doi.org/10.1177/03611981251333340,,DRL microscopic simulation/benchmark,Hypothetical freeway bottleneck and real-world QEW Winston Churchill on-ramp in Aimsun,N/A or not AV/CAV-specific,Contextual freeway bottleneck control / RL traffic control,RL/MARL; ramp metering; VSL; bottleneck control; capacity drop,Tier 4,"Infrastructure control using DDQN-based RM, VSL, and integrated RMVSL compared with PID/regulator controllers",Network total travel time; mainstream TTT; on-ramp TTT; bottleneck flow; flow-density diagrams; capacity drop avoidance; controller actions,No/unclear,No,"ElSamadisy et al. studied DDQN-based ramp metering, VSL, and integrated RMVSL controllers for freeway bottlenecks in Aimsun. The study found that ramp metering was preferred and more effective under heavy congestion, VSL was more useful under moderate or light congestion, and the RL RMVSL agent learned when to switch emphasis, measured using TTT, bottleneck flow, and flow-density/capacity-drop behavior.","Not AV/CAV-specific; simulation-only evidence using simple isolated on-ramp networks with hypothetical demand profiles, with larger urban freeway networks, multiple bottlenecks, and calibrated realistic demand left for future work.",Study details verified,Kept / merged unique record,Infrastructure / network control,RL/MARL; ramp metering; VSL/speed control; PID/regulator benchmark,Freeway on-ramp/merge bottleneck; freeway segment/corridor,N/A or not AV/CAV-specific,Bottleneck activation; capacity drop; queue/spillback; merging turbulence,Network TTT; mainstream TTT; on-ramp TTT; bottleneck flow; FD; capacity drop; controller action profiles,present,Study details verified; classified as contextual because it is freeway congestion control but not AV/CAV active-vehicle control.
Undermind #152; Perplexity table P7,Undermind catalog; Perplexity selected table,Shumo Cui 2017,2017,Stabilizing traffic flow via a single autonomous vehicle: Possibilities and limitations,"Shumo Cui, Benjamin Seibold, Raphael E. Stern, and Daniel B. Work",2017 IEEE Intelligent Vehicles Symposium (IV),https://doi.org/10.1109/IVS.2017.7995897,19,Analytical/control-theoretic study with simulation,Single-lane ring road mixed human-AV car-following model,AV,Sparse AV traffic smoothing / stop-and-go wave damping,Mixed autonomy; stop-and-go waves; string stability; sparse mobile actuator; limitations,Tier 1,Longitudinal feedback control by a single AV relaxing to equilibrium speed,Eigenvalue/linear stability; minimum control gain; perturbation amplification; velocity standard deviation under stochastic noise; stop-and-go wave damping,No,No,"Cui et al. studied whether a single AV can locally stabilize otherwise unstable human car-following flow on a ring road. The study showed that a single AV can theoretically stabilize the linearized noiseless system, but persistent noise is amplified with distance from the AV, limiting practical stabilization to roughly 20–40 vehicles under the tested conditions.","Analytical and simulation-based ring-road study; assumes simplified car-following dynamics and one AV with equilibrium-speed feedback, excludes lane changing and real multilane cut-ins, and notes that large gaps or noise impose practical limits before field validation.",Study details verified,Kept / merged unique record,Longitudinal,Control-theoretic feedback; sparse AV stabilization,Ring road; mixed car-following simulation,AV,Stop-and-go waves; string instability; noise amplification,Eigenvalues; stability condition; control gain; perturbation growth; velocity standard deviation,present,Study details verified; upgraded relevance to Tier 1 because it directly studies AV-based damping of stop-and-go traffic and its limitations.
Undermind #153,Undermind catalog,Li et al. 2019,2019,Model-based Predictive Variable Speed Limit Control on Multi-lane Freeways with A Line of Connected Automated Vehicles,"Zhexian Li, Xiake Zhu, Xiaomeng Liu, and Xu Qu",2019 IEEE Intelligent Transportation Systems Conference (ITSC),https://doi.org/10.1109/ITSC.2019.8917471,1.7,Microscopic simulation and model-based control,Multi-lane freeway with temporary jam waves,CAV,VSL/speed harmonization; longitudinal control,VSL/speed control; MPC; CAV line control; jam-wave mitigation,Tier 1,MPC-based VSL using a line of CAVs,Temporary jam waves; capacity drop; total delay time; density evolution,Yes,No,"Li et al. (2019) proposed an MPC-based variable speed limit strategy in which a line of CAVs fully complies with speed commands on a hypothetical multi-lane freeway. The VISSIM experiments showed that the controlled CAV line helped mitigate temporary jam waves and reduced mainline total delay from 35.3 to 34.0 veh·h, a 3.7% reduction, but the improvement was modest because the jam wave could dissipate naturally without control.","Simulation-only study on a hypothetical 10-km freeway; assumes selected CAVs fully comply with speed limits and can form a lane-spanning line; only temporary jam waves were tested, with future work needed for standing bottleneck queues and integration with ramp metering or lane-changing control.",Study details verified,Kept / merged unique record,Longitudinal,VSL/speed control; MPC,freeway segment/corridor,CAV,Stop-and-go waves / flow stability; capacity drop; temporary jam-wave propagation,total delay time; density evolution; TTT objective,present,"Study details verified, corrected study type, method, congestion mechanism, metrics, and limitations from the published study"
Undermind #154,Undermind catalog,Zhou et al. 2023,2023,A Cooperative Lane-Changing Strategy for Weaving Sections of Urban Expressway under the Connected Autonomous Vehicle Environment,"Zhi Zhou, Linheng Li, Bin Ran, and Xu Qu",Journal of Advanced Transportation,https://doi.org/10.1155/2023/3363057,2.2,Microscopic numerical simulation,Urban expressway weaving section,CAV,Cooperative lane-changing control in weaving sections,Lateral/lane-changing control; cooperative merging/weaving; mixed traffic,Tier 1,Two-layer cooperative lane-changing strategy with utility-based sequencing and speed/lane-change control,Lane-changing conflicts in weaving sections; delay improvement ratio; inverse time-to-collision; large deceleration time,Yes,No,"Zhou et al. (2023) proposed a two-layer CAV cooperative lane-changing strategy for urban expressway weaving sections, using utility functions to decide lane-changing sequence and a lower control layer for speed adjustment and lane-changing maneuvers. Simulations showed reduced journey-time delay under all demand levels, with a 24.8% delay improvement in the congested case and improved safety indicators as CAV penetration increased, but the work remained simulation-based on a hypothetical weaving section.","Uses numerical Python simulation rather than field validation; assumes simplified vehicle attributes and controlled weaving-group behavior; future work notes the need for more realistic validation, discretionary lane-changing behavior, and real-world vehicle information.",Study details verified,Kept / merged unique record,Lateral/merging; Cooperative,Rule-based/utility-based cooperative lane-changing,weaving/diverge; urban/network,CAV,Lane-changing friction / gaps; weaving conflicts; bottleneck activation/throughput,delay improvement ratio; average journey-time delay; inverse time-to-collision; time-to-collision; ratio of large deceleration time,present,"Study details verified, enriched method, metrics, findings, mixed-traffic MPR tests, and limitations from the published study"
Undermind #155,Undermind catalog,Zheng et al. 2024,2024,Enhancing reinforcement learning-based ramp metering performance at freeway uncertain bottlenecks using curriculum learning,"Si Zheng, Zhibin Li, Meng Li, and Zemian Ke",IET Intelligent Transport Systems,https://doi.org/10.1049/itr2.12494,4.1,RL simulation/benchmark,Freeway on-ramp with fixed downstream and random-location and multiple bottlenecks,N/A or needs verification,Direct bottleneck/congestion mitigation; ramp metering,RL/MARL; ramp metering; freeway bottleneck control; curriculum learning,Tier 2,Ramp metering with deep reinforcement learning and curriculum learning,Uncertain freeway bottlenecks; capacity drop prevention; TTS; ramp queue length; density evolution,No,No,"Zheng et al. (2024) proposed a DRL with curriculum learning ramp-metering controller for freeway uncertain bottlenecks, transferring policies from a simple on-ramp bottleneck to fixed downstream, random-location, and multiple-bottleneck tasks. In CTM simulations, DRLCL reduced TTS by 17.33% for random-location bottlenecks and 29.88% for multiple bottlenecks, outperforming feedback RM, and SUMO tests showed a 24.21% TTS reduction, but the approach was not AV/CAV-based and was validated only in calibrated simulation.","Not an AV/CAV control paper; ramp metering is infrastructure-based. Evidence is simulation-only using modified CTM and SUMO calibrated with PeMS data; no field deployment; future work notes real-world testing, safety-efficiency tradeoffs, and coordinated RM/VSL for larger networks.",Study details verified,Kept / merged unique record,Lateral/merging,RL/MARL; Ramp metering,freeway bottleneck; freeway segment/corridor,N/A or needs verification,Bottleneck activation/throughput; capacity drop; queue formation/discharge,total time spent; density evolution; ramp flow; average and maximum ramp queue length; training reward; training-time reduction,present,Study details verified; retained Tier 2 because congestion-control relevance is strong but not AV/CAV-based
Undermind #156,Undermind catalog,Yue Zhou 2020,2020,Ramp Metering for a Distant Downstream Bottleneck Using Reinforcement Learning with Value Function Approximation,"Yue Zhou, Kaan Ozbay, Pushkin Kachroo, and Fan Zuo",Journal of Advanced Transportation,https://doi.org/10.1155/2020/8813467,3.8,RL simulation/benchmark,freeway distant downstream lane-drop bottleneck,N/A,Contextual freeway bottleneck control,Direct bottleneck/congestion mitigation; RL/MARL; Ramp metering,Tier 4,Infrastructure control / Q-learning ramp metering with ANN value function approximation,target-cell density control and density contour smoothing,No,No,Zhou et al. 2020 studied Q-learning ramp metering with ANN value function approximation for a distant downstream lane-drop bottleneck. The learned policy kept the target density near the desired value with almost no fluctuations and produced smoother density contours than a PI controller but the study is not AV or CAV based.,Simulation-only CTM evidence. Ramp queue management was left for future work. Multiclass traffic was not considered. Robustness degraded under high demand noise.,Study details verified,Kept / merged unique record,Infrastructure,RL/MARL; Ramp metering,freeway distant downstream lane-drop bottleneck,N/A,Bottleneck activation/throughput; time-delay control instability,target-cell density; density contours; ramp metering rate; robustness to demand noise,present,
Undermind #158,Undermind catalog,Arwa Alanqary 2023,2023,Optimal Control of Autonomous Vehicles for Flow Smoothing in Mixed-Autonomy Traffic,"Arwa Alanqary, Xiaoqian Gong, Alexander Keimer, Benjamin Seibold, Benedetto Piccoli, and Alexandre Bayen",2023 62nd IEEE Conference on Decision and Control (CDC),https://doi.org/10.1109/CDC49753.2023.10383810,2.5,Analytical/modeling; numerical simulation,single-lane mixed-autonomy platoon,AV,Longitudinal traffic smoothing,Longitudinal control; Optimal control; Stop-and-go wave damping,Tier 1,Longitudinal control / finite-horizon optimal control with adjoint gradients and SQP,fuel-saving and acceleration smoothing under stop-and-go lead trajectories,No,No,Alanqary et al. 2023 studied finite-horizon optimal acceleration control of AVs in single-lane mixed-autonomy platoons. The study found that introducing an AV smoothed velocity and acceleration profiles and reduced fuel consumption by up to almost 10 percent relative to an all-HV baseline but gains were bounded by headway constraints.,Simulation-only evidence. Assumes full downstream and trailing-vehicle information. Lane changing is outside scope. Large AV gaps may be non-human-like and multiple AV configurations were left for future work.,Study details verified,Kept / merged unique record,Longitudinal,Optimization/optimal control,single-lane mixed-autonomy platoon,AV,Stop-and-go waves / flow stability,fuel consumption saving; acceleration; velocity; headway constraints,present,
﻿Undermind #159,Undermind catalog,Mingfeng Shang 2024,2024,Interaction-aware model predictive control for automated vehicles in mixed-autonomy traffic,"Mingfeng Shang, Shian Wang, Tianyi Li, and Raphael E. Stern",2024 IEEE Intelligent Vehicles Symposium (IV),https://doi.org/10.1109/IV55156.2024.10588654,3.6,Analytical/modeling; numerical simulation,mixed-autonomy vehicle string with Highway 55 lead trajectory,AV,Longitudinal traffic smoothing,Longitudinal control; MPC; Human-AV interaction,Tier 2,Longitudinal control / interaction-aware MPC,speed MSE and social benefit tradeoff for AV and following HVs,No,No,Shang et al. 2024 studied interaction-aware MPC for one AV followed by multiple HVs in a mixed-autonomy vehicle string. The results showed that including following HVs in the objective increased the AV speed MSE by up to 2.6 percent but reduced HV5 speed MSE by up to 3.5 percent which indicates a tradeoff between AV-centered and socially compatible control.,Simulation-only MATLAB evidence. Uses one AV and five HV followers with a predefined lead trajectory. Communication delay is not addressed. Broader traffic scenarios and alternative social objectives remain future work.,Study details verified,Kept / merged unique record,Longitudinal,MPC,mixed-autonomy vehicle string,AV,Stop-and-go waves / flow stability,speed mean squared error; speed trajectories; social benefit tradeoff,present,
Undermind #160,Undermind catalog,Qianwen Li 2022,2022,Simulation of mixed traffic with cooperative lane changes,"Qianwen Li, Xiaopeng Li, Zhitong Huang, John Halkias, Gene McHale, and Rachel James",Computer-Aided Civil and Infrastructure Engineering,https://doi.org/10.1111/mice.12732,6.2,Simulation with field-calibrated model,freeway segment/corridor with on-ramp and off-ramp,CAV,Lateral/lane-changing control,Lateral/lane-changing control; Cooperative merging/platooning; Mixed traffic simulation,Tier 2,Lane-changing control; Cooperative yielding; ACC car-following,average speed; speed standard deviation; throughput; lane-change counts; LC abortions; lane-changing friction,Yes,No/unclear,Li et al. developed a mixed traffic simulation framework with CAV car-following and cooperative lane-changing on an I-75 freeway segment. The study found that traffic demand and diverging rate degraded mobility and stability while CAV cooperation and lane-change parameters produced nonmonotonic performance effects measured by speed speed variation throughput lane changes and LC abortions.,Limited by simulation-only large-scale evaluation small-scale field calibration conservative CAV behavior assumptions and uncertain future CAV parameter settings.,Study details verified,Kept / merged unique record,Lateral/merging; Longitudinal,Simulation; ACC/CAV lane-change model,freeway segment/corridor; merge/diverge segment,CAV,Lane-changing friction / gaps; Merging turbulence; Flow stability,speed/stability; throughput; lane-change counts; LC abortions,present,Study details verified from the published study
Undermind #161,Undermind catalog,Xiaopeng Li 2018,2018,A piecewise trajectory optimization model for connected automated vehicles: Exact optimization algorithm and queue propagation analysis,"Xiaopeng Li, Amir Ghiasi, Zhigang Xu, and Xiaobo Qu",Transportation Research Part B: Methodological,https://doi.org/10.1016/j.trb.2018.11.002,13,Analytical/modeling and numerical simulation,one-lane highway segment; signalized segment; non-stop intersection; highway merge,CAV,Direct bottleneck/congestion mitigation,Direct bottleneck/congestion mitigation; Longitudinal control; Trajectory optimization; Queueing/delay,Tier 1,Trajectory optimization; Exact analytical algorithm; Optimal control,VSP fuel cost; squared acceleration; queue length; delay; throughput; queue propagation,No/unclear,No/unclear,Li et al. developed a piecewise quadratic CAV trajectory optimization model with an exact analytical algorithm for traffic smoothing. Numerical examples showed improved fuel comfort queue delay and throughput outcomes including a highway merge case with 50% lower VSP cost 84% lower squared acceleration 43% shorter queue and 14% lower delay relative to an IDM benchmark.,Limited by pure CAV assumptions simplified piecewise trajectories fixed departure protocols and exclusion of sub-second low-level vehicle control.,Study details verified,Kept / merged unique record,Longitudinal; Cooperative,Trajectory optimization; Optimization/optimal control,one-lane highway segment; signalized intersection; merge bottleneck,CAV,Bottleneck activation/throughput; Queueing/delay; Traffic smoothing,fuel/VSP; squared acceleration; queue length; delay; throughput; queue propagation,present,Study details verified from the published study
Undermind #162,Undermind catalog,Nilesh Suriyarachchi 2021,2021,Shock Wave Mitigation in Multi-lane Highways using Vehicle-to-Vehicle Communication,Nilesh Suriyarachchi and John S. Baras,2021 IEEE 94th Vehicular Technology Conference (VTC2021-Fall),https://doi.org/10.1109/VTC2021-Fall52928.2021.9625297,1.3,Simulation/control algorithm,multi-lane highway loop,CAV,Direct bottleneck/congestion mitigation,Direct bottleneck/congestion mitigation; Longitudinal control; V2V communication; Stop-and-go wave damping,Tier 1,Cooperative longitudinal velocity control using V2V communication,velocity standard deviation; average velocity; trajectory patterns; CAV penetration; shock wave dissipation,Yes,No/unclear,Suriyarachchi and Baras proposed a V2V communication based cooperative velocity control method for CAVs in a three lane SUMO highway loop. At 7.5% CAV penetration the shock wave was fully dissipated within about 2 minutes and velocity standard deviation was 40% lower than independent control.,Limited by SUMO simulation on a 1 km circular loop assumptions of no communication delay or packet loss abstracted low-level control and limited validation outside the tested scenarios.,Study details verified,Kept / merged unique record,Longitudinal,Cooperative control; V2V communication; Speed control,multi-lane highway segment; ring road,CAV,Stop-and-go waves / flow stability; Shock wave dissipation,velocity standard deviation; average velocity; trajectory patterns; CAV penetration; dissipation time,present,Study details verified from the published study
Undermind #165,Undermind catalog,Atsushi Suzuki 2026,2026,Suppressing secondary shock waves in jam-absorption driving via string-stable support vehicles,"Atsushi Suzuki, Akihiro Tokumitsu, and Ryosuke Nishi",International Journal of Modern Physics C,https://doi.org/10.1142/S0129183127500835,,simulation,single-lane non-periodic freeway,CAV support vehicles,Direct bottleneck/congestion mitigation,Direct bottleneck/congestion mitigation; Longitudinal control; Stop-and-go wave damping; String stability,Tier 1,String-stability-based support driving with jam-absorption driving,secondary shock waves; stop-and-go waves; string stability; travel time; fuel consumption; inverse time-to-collision,No,No,Suzuki et al. 2026 studied string-stability-based support driving by CAV support vehicles upstream of a jam-absorption vehicle on a single-lane freeway. The study found that support vehicles extending time gaps suppressed secondary shock waves and reduced fuel consumption and collision risk compared with JAD-only control but increased travel time.,simulation-only evidence; single-lane road; no ramps; no curves; no stochastic driving; perfect sensing and communication; target shock wave not predicted,Published study; accepted manuscript; year corrected from 2025 to 2026,Kept / merged unique record,Longitudinal,Jam-absorption driving; String-stable control; Time-gap control,single-lane non-periodic freeway,CAV,Stop-and-go waves / flow stability; Secondary shock waves,travel time; fuel consumption; inverse time-to-collision; string-stability gain,verified from the published study,Study details verified; manuscript states DOI and accepted 2026; relevant pages describe JAD and support driving results
Undermind #166,Undermind catalog,Jiawei Wang 2020,2020,Controllability Analysis and Optimal Control of Mixed Traffic Flow With Human-Driven and Autonomous Vehicles,"Jiawei Wang, Yang Zheng, Qing Xu, Jianqiang Wang, and Keqiang Li",IEEE Transactions on Intelligent Transportation Systems,https://doi.org/10.1109/TITS.2020.3002965,24,Analytical/modeling and numerical simulation,single-lane ring road mixed traffic,CAV,Longitudinal control,Longitudinal control; Mixed-traffic stabilization; Optimal control; Mobile actuator control,Tier 1,System-level structured optimal control,controllability; stabilizability; stop-and-go waves; velocity perturbation damping; H2 performance; equilibrium velocity,No,No,Wang et al. 2020 analyzed controllability and optimal control of a ring-road mixed traffic system with one CAV and heterogeneous HDVs. The study proved the system is not completely controllable but is stabilizable under mild conditions and showed that a structured optimal controller can dampen traffic waves using the CAV as a mobile actuator.,ring-road setting; linearized modeling for theory; nonlinear simulations only; one CAV; no lane changes; no real-world validation,Published study,Kept / merged unique record,Longitudinal,Structured optimal control; System-level optimal control; Controllability analysis,single-lane ring road mixed traffic,CAV,Stop-and-go waves / flow stability; String instability / perturbation growth,H2 norm; velocity profile; perturbation damping; reachable velocity; stabilizability,verified from the published study,Study details verified; strong theoretical relevance to CAV mobile-actuator control for mixed-traffic wave damping
Undermind #168,Undermind catalog,Cassidy and Bertini 1999,1999,Some traffic features at freeway bottlenecks,M. Cassidy and R. Bertini,Transportation Research Part B: Methodological,https://doi.org/10.1016/S0191-2615%2898%2900023-X,24,Empirical field data analysis,freeway bottleneck; freeway segment/corridor,N/A,Foundational theory,Foundational theory; Bottleneck capacity drop; Queue discharge,Tier 3,N/A,queue formation; queue discharge; capacity drop; bottleneck throughput loss; cumulative count and occupancy curves,No,No,Cassidy and Bertini 1999 examined loop-detector data from two Toronto freeway bottlenecks. The study found that average queue discharge rates were about 8 to 10 percent lower than pre-queue flows and that discharge flows were nearly stationary around a fixed rate after queue formation.,two freeway sites only; observational evidence; causes of flow drops not identified; regional generalizability uncertain,Bibliographic details verified,Kept / merged unique record,N/A,N/A,freeway bottleneck; freeway segment/corridor,N/A,Capacity drop; Queue discharge; Bottleneck activation/throughput,queue discharge flow; pre-queue flow; cumulative vehicle counts; cumulative occupancy; percent flow reduction,verified from the published study,Foundational observational evidence for capacity drop and queue discharge at two Toronto freeway bottlenecks.
Undermind #169,Undermind catalog,K. Kušić 2020,2020,Extended Variable Speed Limit control using Multi-agent Reinforcement Learning,"K. Kušić, Ivana Dusparic, Maxime Guériau, M. Gregurić, and E. Ivanjko",2020 IEEE 23rd International Conference on Intelligent Transportation Systems (ITSC),https://doi.org/10.1109/ITSC45102.2020.9294639,3.6,RL microsimulation,SUMO motorway with downstream bottleneck,N/A or infrastructure VSL,Traffic smoothing and speed harmonization,Longitudinal control; RL/MARL; VSL/speed control,Tier 2,Multi-agent RL W-learning VSL,Total time spent; density; average speed; acceleration-lane occupancy; downstream bottleneck,No/unclear,No/unclear,Kušić et al. 2020 studied W-learning multi-agent VSL for two upstream motorway sections before a congested area. The study found that WL-VSL reduced bottleneck density by 18.18 percent and improved reward TTS by 9.70 percent compared with no VSL while maintaining stable overall network TTS.,Simulation-only evidence; two-agent setup; fixed section lengths; future work notes need for more agents and continuous state/action spaces,Bibliographic details verified,Kept / merged unique record,Longitudinal/speed control,RL/MARL; VSL/speed control,freeway bottleneck,N/A or infrastructure VSL,Bottleneck activation/throughput; Stop-and-go waves / flow stability,TTS; density; average speed; acceleration-lane occupancy,present,"On-ramp bottleneck, upstream VSL segments, and network-level evaluation verified."
Undermind #170,Undermind catalog,Wenjing Wu 2023,2023,On gap matching for lane-changing vehicles: coordinated strategies to improve traffic flow at weave bottlenecks,"Wenjing Wu, Chunchun Deng, Yongbin Zhan, and Hongfei Jia",International Journal of Modern Physics C,https://doi.org/10.1142/S0129183124500566,0.4,Analytical modeling and cellular automata simulation,weaving/diverge; freeway bottleneck,Intelligent connected transportation with OD information; not explicitly AV/CAV control,Direct bottleneck/congestion mitigation,Direct bottleneck/congestion mitigation; Lateral/lane-changing control; VSL/RM coordination,Tier 2,Lane-changing gap matching with MPC coordinated VSL and ramp metering,Throughput; total travel time; LC success rate; gap-matching probability; weave bottleneck,Yes,No/unclear,Wu et al. 2023 proposed gap-matching control using OD information with coordinated VSL and ramp metering in a freeway weaving section. The study reported higher throughput and LC success rates of about 95 to 97 percent under low or medium weaving ratios but performance dropped when weaving ratio and large-vehicle mix were high.,Cellular automata simulation only; assumes vehicles change lanes when acceptance gaps appear; individual driver comfort and willingness are less considered; calculation speed still needs improvement,Study details verified,Kept / merged unique record,Lateral/merging; speed control; ramp control,MPC; VSL/speed control; ramp metering,weaving/diverge; freeway bottleneck,Intelligent connected traffic information; not explicitly AV/CAV,Lane-changing friction / gaps; Bottleneck activation/throughput,throughput; total travel time; lane-change success rate; gap-matching probability,present,The study supports gap-matching method and limitations
Undermind #171,Undermind catalog,G. Tilg 2018,2018,Evaluating the effects of automated vehicle technology on the capacity of freeway weaving sections,"G. Tilg, Kaidi Yang, and M. Menéndez",Transportation Research Part C: Emerging Technologies,https://doi.org/10.1016/j.trc.2018.09.014,8.0,Hybrid traffic-flow modeling and simulation-based optimization,weaving/diverge; freeway segment/corridor,AV,Direct bottleneck/congestion mitigation,Direct bottleneck/congestion mitigation; Lateral/lane-changing control; Cooperative merging/platooning,Tier 1,Lane-change-position optimization and reduced reaction-time modeling,Capacity; discharge flow; capacity drop; missing vehicles; lane-change distribution,Yes,No/unclear,Tilg et al. 2018 studied AV control of desired lane-change positions and shorter AV reaction times in freeway weaving sections using a multiclass hybrid model calibrated with Basel data. The study found that optimized AV lane-change distributions increased capacity up to about 15 percent and that combining lane-change control with reduced reaction time produced additional capacity gains.,Simulation-based proof of concept; real-time control algorithm not developed; discretionary lane changes and platoon effects left for future research,Study details verified,Kept / merged unique record,Lateral/merging; Cooperative,Optimization/optimal control; simulation-based optimization,weaving/diverge; freeway segment/corridor,AV,Bottleneck activation/throughput; Lane-changing friction / gaps; Capacity drop,capacity; discharge flow; capacity drop; missing vehicles; lane-change distribution,present,The study supports AV weaving capacity mechanism and quantified capacity gains
Undermind #172,Undermind catalog,Filip Vrbanić 2023,2023,Reinforcement Learning-Based Dynamic Zone Positions for Mixed Traffic Flow Variable Speed Limit Control with Congestion Detection,"Filip Vrbanić, Martin Gregurić, Mladen Miletić, and Edouard Ivanjko",Machines,https://doi.org/10.3390/machines11121058,4.5,Microscopic simulation with Q-learning VSL control,urban motorway with on-ramps and off-ramp,CAV as mobile sensors and actuators,Direct bottleneck/congestion mitigation,Direct bottleneck/congestion mitigation; Longitudinal control; RL/MARL; VSL/speed control,Tier 1,Q-learning VSL with dynamic zone positioning and congestion detection,TTS; MTT; mean speed; density; congestion area detection; speed limit zone placement,No/unclear,No/unclear,Vrbanić et al. 2023 proposed CD-QL-DPVSL for mixed traffic on an urban motorway. The SUMO study found lower TTS and MTT and better speed-density outcomes than no control and several fixed or dynamic VSL baselines using CAV data for congestion detection and VSL actuation.,Simulation-only evidence on a synthetic motorway; limited to personal vehicles; assumes CAV compliance with imposed speed limits; assumes error-free data transmission and zero latency; no field validation.,Study details verified; DOI verified,Kept / merged unique record,Longitudinal,RL/MARL; Q-learning; VSL/speed control,urban motorway; merge/on-ramp bottleneck; off-ramp,CAV,Bottleneck activation/throughput; capacity drop prevention; speed harmonization; congestion detection,TTS; MTT; mean speed; density; congestion detection; VSL zone position,present,Study details verified
Undermind #173,Undermind catalog,Yu Bai 2022,2022,Cooperative weaving for connected and automated vehicles to reduce traffic oscillation,"Yu Bai, Yu Zhang, Xin Li, and Jia Hu",Transportmetrica A: Transport Science,https://doi.org/10.1080/23249935.2019.1645758,4.0,Simulation with MPC cooperative motion planning,freeway weaving area,CAV with V2V/V2X and level-1 longitudinal automation,Direct bottleneck/congestion mitigation,Direct bottleneck/congestion mitigation; Lateral/lane-changing control; Cooperative merging/platooning; Longitudinal control,Tier 1,Cooperative weaving motion planner using MPC solved by Chang-Hu method,speed reduction; reduction in traffic oscillation; speed profiles; computation time; weaving bottleneck oscillation,Yes,No/unclear,Bai et al. 2022 proposed an MPC cooperative weaving planner for CAVs in freeway weaving areas. The simulation found traffic oscillation reductions of 2.7% to 28.0% versus an IDM human-driver baseline using speed reduction of tail vehicles and computation time under 20 ms.,Simulation-only evidence; all vehicles in the scope of interest are assumed to be CAVs; simplified six-vehicle weaving case; baseline assumes polite drivers and ignores stochasticity and imprecision; robustness and field validation are left for future work.,Study details verified; DOI verified; published online 2019 and journal issue 2022,Kept / merged unique record,Longitudinal; Lateral/merging; Cooperative,MPC; Cooperative motion planning,weaving/diverge; freeway bottleneck,CAV,Lane-changing friction / gaps; Stop-and-go waves / flow stability; Bottleneck activation/throughput,speed reduction; traffic oscillation reduction; speed profiles; computation time,present,Study details verified
Undermind #174,Undermind catalog,Xianhui Wu 2024,2024,CAV as a Mobile Control Platform: A Paradigm for Traffic Management on Highways,"Xianhui Wu, Wenwei Yue, Zifan Sha, and Yimeng Feng",2024 IEEE 99th Vehicular Technology Conference (VTC2024-Spring),https://doi.org/10.1109/VTC2024-Spring62846.2024.10683117,0.5,DRL simulation and VSL comparison,highway lane-drop bottleneck corridor,CAV as mobile intelligent control platform,Direct bottleneck/congestion mitigation,Direct bottleneck/congestion mitigation; Longitudinal control; RL/MARL; VSL/speed control,Tier 1,PPO-based CAV acceleration control as mobile control platform,average speed; spatiotemporal trajectories; CAV penetration rate; HDV VSL compliance rate; bottleneck congestion,No/unclear,No/unclear,Wu et al. 2024 proposed MCP_CAVs using PPO to control CAV acceleration on a highway with lane-drop bottlenecks. The SUMO simulations found a 19.1% average-speed improvement over no control compared with 9.6% for VSL and reported larger gains than VSL under 2500 and 3000 veh/h scenarios.,Simulation-only evidence; simplified 1300 m highway bottleneck scenario; IDM-based HDV modeling; limited validation details in conference paper; assumes controllable CAVs and evaluates mainly speed outcomes rather than field operations.,Study details verified; DOI verified,Kept / merged unique record,Longitudinal; Cooperative,RL/MARL; PPO; VSL replacement; speed control,highway segment/corridor; lane-drop bottleneck,CAV,Bottleneck activation/throughput; speed harmonization; queue/congestion segmentation,average speed; spatiotemporal trajectory; penetration-rate sensitivity; compliance-rate sensitivity,present,Study details verified
Undermind #175,Undermind catalog,G. Piacentini 2019,2019,Highway Traffic Control with Moving Bottlenecks of Connected and Automated Vehicles for Travel Time Reduction,"G. Piacentini, Antonella Ferrara, I. Papamichail, and M. Papageorgiou",2019 IEEE 58th Conference on Decision and Control (CDC),https://doi.org/10.1109/CDC40024.2019.9029994,3.4,Simulation; MPC modeling,highway segment/corridor; freeway bottleneck,CAV; VACS-equipped vehicles,Direct bottleneck/congestion mitigation,Direct bottleneck/congestion mitigation; Longitudinal control; MPC; Capacity drop,Tier 1,MPC speed control of moving bottlenecks,Total travel time; total travel distance; mean speed; discharge flow; capacity drop; bottleneck congestion,No/unclear,No/unclear,Piacentini et al. 2019 modeled CAV platoons as moving bottlenecks in a CTM with capacity drop and used MPC to control their speeds. The study found that MPC reduced capacity drop and lowered TTT from 899.94 veh h to 832.46 veh h while increasing mean speed from 89.30 to 96.22 km/h.,Limited to simulation on a short highway stretch with no ramps and limited validation because VACS penetration data were not available,Study details verified,Kept / merged unique record,Longitudinal,MPC; moving bottleneck speed control,freeway bottleneck; highway segment/corridor,CAV; VACS-equipped vehicles,Capacity drop; bottleneck activation/throughput; queueing/delay,TTT; TTD; mean speed; discharge flow,present,Study details verified
Undermind #176,Undermind catalog,A. Talebpour 2018,2018,Effect of information availability on stability of traffic flow: Percolation theory approach,"A. Talebpour, H. Mahmassani, and Samer H. Hamdar",Transportation Research Procedia,https://doi.org/10.1016/j.trpro.2017.05.006,6.4,Analytical/modeling,mixed platoon; highway segment/corridor,CV; AV,Foundational theory,Foundational theory; String stability; Connectivity; Mixed traffic,Tier 2,Percolation theory; analytical string stability,critical connected vehicle density; communication range; market penetration; string stability threshold,No/unclear,No/unclear,Talebpour et al. 2018 used continuum percolation theory and analytical string stability analysis to examine mixed regular connected and autonomous traffic. The study found that larger communication range improved stability and that around 130 m effective range performed similarly to full connectivity but was limited by analytical assumptions and model parameter sensitivity.,Analytical only; perfect communication assumptions partly relaxed; behavior models were not calibrated with real AV or CV deployment data,Study details verified,Kept / merged unique record,Longitudinal,Analytical string stability; percolation theory,highway segment/corridor; mixed traffic,CV; AV,Stop-and-go waves / flow stability; information propagation,string stability threshold; critical density; communication range,present,Study details verified
Undermind #177,Undermind catalog,G. Piacentini 2018,2018,Traffic control via moving bottleneck of coordinated vehicles,"G. Piacentini, P. Goatin, and A. Ferrara",IFAC-PapersOnLine,https://doi.org/10.1016/j.ifacol.2018.07.003,7.9,Simulation; MPC modeling,freeway bottleneck; highway segment/corridor,coordinated vehicle; future AV actuator,Direct bottleneck/congestion mitigation,Direct bottleneck/congestion mitigation; Longitudinal control; MPC; Moving bottleneck,Tier 1,MPC speed control of coordinated moving bottleneck,average travel time; jam length; total fuel consumption; fixed downstream bottleneck,No/unclear,No/unclear,Piacentini et al. 2018 modeled a coordinated vehicle as a moving bottleneck in a micro-macro LWR based framework and used MPC to control its speed. The study found that MPC reduced ATT from 0.9107 h to 0.8579 h and jam length from 10.18 km to 7.66 km while reducing TFC by 2.05 percent.,Simulation only; simplified 50 km three lane road with no ramps; single moving bottleneck; future work needed for realistic networks and capacity drop modeling,Study details verified,Kept / merged unique record,Longitudinal,MPC; moving bottleneck speed control,freeway bottleneck; highway segment/corridor,coordinated vehicle; future AV actuator,Bottleneck activation/throughput; queueing/delay; fuel/emissions,average travel time; jam length; total fuel consumption,present,Study details verified
Undermind #178,Undermind catalog,A. Hegyi 2005,2005,Optimal Coordination of Variable Speed Limits to Suppress Shock Waves,"Andreas Hegyi, Bart De Schutter, and J. Hellendoorn",IEEE Transactions on Intelligent Transportation Systems,https://doi.org/10.1109/TITS.2004.842408,22,MPC simulation/benchmark,freeway link benchmark,N/A or needs verification,Foundational theory,Foundational theory; Direct bottleneck/congestion mitigation; Longitudinal control,Tier 3,MPC based VSL coordination,total time spent; shock wave suppression; density evolution; capacity restoration,No/unclear,No/unclear,Hegyi et al. 2005 used MPC to coordinate VSL on a 12 km freeway benchmark. The controlled case eliminated the shock wave and reduced TTS by 17.3 percent with discrete safety constrained speed limits but validation with calibrated field data was left for future work.,Simulation used the same traffic flow model for prediction and controlled traffic. Model parameters and speed limit assumptions were not calibrated against real data.,Venue corrected from Transportation Research Record to IEEE Transactions on Intelligent Transportation Systems,Kept / merged unique record,Longitudinal,MPC; VSL/speed control,freeway segment/corridor,N/A or needs verification,Stop-and-go waves / flow stability; Capacity drop,total time spent; throughput/capacity; speed/stability,present,Study details verified
Undermind #179,Undermind catalog,Kshitij Jerath 2024,2024,Mitigating delay due to capacity drop near freeway bottlenecks: Zones of influence of connected vehicles,"Kshitij Jerath, Vikash V. Gayah, and Sean N. Brennan",PLOS ONE,https://doi.org/10.1371/journal.pone.0301188,2.1,Analytical/modeling,freeway bottleneck; single lane freeway,CV,Direct bottleneck/congestion mitigation,Foundational theory; Direct bottleneck/congestion mitigation,Tier 1,Event triggered CV control; jam absorption style speed control,total vehicular delay; capacity drop; zone of influence; event horizon; null horizon,No,No/unclear,Jerath et al. 2024 analytically studied where connected vehicles can mitigate capacity drop delay near a fixed freeway bottleneck. The study showed that CV actions reduce total vehicular delay only inside a zone of influence and reported example savings of 5.23 veh h or 19.05 percent but effects became negative outside the null horizon.,Analysis assumes a single lane triangular fundamental diagram instantaneous communication two CVs one bottleneck activation and a simple event triggered control policy.,DOI and publication details verified from the published study,Kept / merged unique record,Longitudinal; Cooperative,Analytical/modeling; Event triggered control,freeway bottleneck; single lane freeway,CV,Capacity drop; Queueing/delay,total vehicular delay; throughput/capacity,present,Study details verified
Undermind #180,Undermind catalog,Danjue Chen 2014,2014,Variable speed limit control for steady and oscillatory queues at fixed freeway bottlenecks,"Danjue Chen, Soyoung Ahn, and Andreas Hegyi",Transportation Research Part B: Methodological,https://doi.org/10.1016/j.trb.2014.08.006,7.8,Analytical/modeling,freeway bottleneck; freeway segment/corridor,N/A or needs verification,Foundational theory; Direct bottleneck/congestion mitigation,Foundational theory; Direct bottleneck/congestion mitigation; Longitudinal control,Tier 3,VSL/speed control,total delay saving; bottleneck discharge rate; capacity drop; stop and go oscillations; queue clearance time,No/unclear,No/unclear,Chen et al. 2014 developed KW theory based VSL schemes for steady and oscillatory queues at fixed freeway bottlenecks. The schemes starve bottleneck inflow to clear queues then regulate inflow to sustain maximum discharge and reduce total delay but the work is theoretical and needs numerical and field validation.,The paper assumes KW traffic evolution simplified freeway geometry triangular FD and idealized VSL actuation. Future work is needed for complex networks measurement errors driver compliance and field testing.,DOI and publication details verified from the published study,Kept / merged unique record,Longitudinal,VSL/speed control; Analytical/modeling,freeway bottleneck; freeway segment/corridor,N/A or needs verification,Capacity drop; Queueing/delay; Stop-and-go waves / flow stability,total delay; queue clearance time; bottleneck discharge rate; speed/stability,present,Study details verified
Undermind #181,Undermind catalog,W. Jin 2015,2015,A kinematic wave theory of capacity drop,"Wen-Long Jin, Qi-Jian Gan, and Jean-Patrick Lebacque",Transportation Research Part B: Methodological,https://doi.org/10.1016/j.trb.2015.07.020,3.7,Analytical/modeling,lane-drop; bottleneck and merge bottleneck,N/A or needs verification,Foundational theory,Foundational theory; Direct bottleneck/congestion mitigation,Tier 3,Traffic-flow modeling,capacity drop and bottleneck activation and flow-density relation,No/unclear,No/unclear,Jin et al. 2015 developed a kinematic wave model of capacity drop using continuous fundamental diagrams and a discontinuous entropy condition. The study showed that capacity drop occurs when an upstream queue activates the bottleneck and empirical I-405 merge data showed about 10.5% discharge-flow reduction but the model is phenomenological and requires calibrated drop magnitude.,Exogenous capacity-drop parameter and lane-drop approximation for merge bottleneck and no AV/CAV control tested,Year corrected from 2013 to 2015 based on published study; DOI verified,Kept / merged unique record,Longitudinal,Traffic-flow modeling,lane-drop bottleneck and merge bottleneck,N/A or needs verification,Capacity drop; Bottleneck activation/throughput; Queue formation/discharge,throughput/capacity; flow-density relation; discharge flow rate,present,Study details verified
Undermind #182,Undermind catalog,Hui-Yu Jin 2015,2015,Control of a lane-drop bottleneck through variable speed limits,Hui-Yu Jin and Wen-Long Jin,Transportation Research Part C: Emerging Technologies,https://doi.org/10.1016/j.trc.2014.08.024,6.9,Analytical/modeling and numerical simulation,lane-drop bottleneck,N/A or needs verification,Direct bottleneck/congestion mitigation,Direct bottleneck/congestion mitigation; Longitudinal control; VSL/speed control,Tier 2,VSL/speed control with I and PI feedback controllers,capacity drop and travel time and discharge flow rate and stability,Yes,No/unclear,Hui-Yu Jin and Wen-Long Jin 2015 studied VSL control for a lane-drop bottleneck using LWR and link queue models with I and PI feedback controllers. The study showed that closed-loop VSL can remove the congested equilibrium and prevent capacity drop with reported travel-time savings of 55% in the link queue case and 86% in the kinematic wave case but results are analytical and simulation-based.,Simplified lane-drop system and continuous speed limits and controller tuning assumptions and no field implementation,Year corrected from 2013 to 2015 based on published study; DOI verified,Kept / merged unique record,Longitudinal,VSL/speed control; Feedback control; PI/I control,lane-drop bottleneck,N/A or needs verification,Capacity drop; Bottleneck activation/throughput; Queue formation/discharge,travel time; discharge flow rate; density; queue size; stability,present,Study details verified
Undermind #183,Undermind catalog,A. Srivastava 2013,2013,Empirical observations of capacity drop in freeway merges with ramp control and integration in a first-order model,Anupam Srivastava and Nikolas Geroliminis,Transportation Research Part C: Emerging Technologies,https://doi.org/10.1016/j.trc.2013.02.006,11,Empirical analysis and analytical/modeling,freeway merge bottleneck and Twin Cities TH-169,N/A or needs verification,Foundational theory,Foundational theory; Direct bottleneck/congestion mitigation; Cooperative merging/platooning,Tier 3,Traffic-flow modeling and ramp metering context,capacity drop and ramp flow ratio and density estimation and model error,Yes,No/unclear,Srivastava and Geroliminis 2013 examined empirical capacity drop at Twin Cities freeway merges and integrated the drop into a segmented first-order LWR model. The study found capacity drops often around 10-20% and about 15% at the Plymouth merge across control conditions with improved density-estimation accuracy measured by MAE and MAPE but it did not validate a new control strategy in the field.,Capacity drop magnitude is site-specific and detector data near merges are imperfect and simulation validation has limits for stop-and-go and merge behavior,DOI verified; Study details verified,Kept / merged unique record,Lateral/merging; Longitudinal,Traffic-flow modeling; Ramp metering context,merge/merging area; freeway segment/corridor,N/A or needs verification,Capacity drop; Bottleneck activation/throughput; Queue formation/discharge; Lane-changing friction / gaps,throughput/capacity; density; MAE; MAPE; ramp flow; discharge flow rate,present,Study details verified
Undermind #184,Undermind catalog,K. Yuan 2017,2017,Capacity drop: a comparison between stop-and-go wave and standing queue at lane-drop bottleneck,"Kai Yuan, Victor L. Knoop, Ludovic Leclercq, and Serge P. Hoogendoorn",Transportmetrica B: Transport Dynamics,https://doi.org/10.1080/21680566.2016.1245163,4.1,Empirical analysis,lane-drop bottleneck; freeway bottleneck,N/A or needs verification,Foundational traffic-flow theory,Foundational theory; Direct bottleneck/congestion mitigation,Tier 3,Traffic-state analysis,capacity drop; stop-and-go wave outflow; standing queue discharge; lane flow distribution,Empirical lane-level analysis,No/unclear,Yuan et al. 2017 compared stop-and-go wave outflow with standing-queue discharge at an A4 lane-drop bottleneck. The study found stop-and-go wave outflow was lower than standing-queue discharge with observed flows from 5220 to 6040 veh/h and suggested throughput might increase by transforming congestion states.,Empirical evidence from two days at one site only; mechanism and behavioral causes require future research,Study details verified,Kept / merged unique record,Lateral/merging; Traffic-flow theory,Empirical traffic-state analysis,lane-drop bottleneck; freeway bottleneck,N/A or needs verification,Capacity drop; Stop-and-go waves / flow stability; Queueing/delay; Lane-changing friction / gaps,throughput/capacity; flow/discharge; speed/density; lane flow distribution,present,Study details verified from the published study; corrected year to 2017 publication year; corrected AV field to N/A because paper is foundational rather than AV control
Undermind #185,Undermind catalog,Kentaro Wada 2019,2019,Continuum car-following model of capacity drop at sag and tunnel bottlenecks,"Kentaro Wada, Irene Martínez, and Wen-Long Jin",Transportation Research Procedia,https://doi.org/10.1016/j.trpro.2019.05.035,3.6,Analytical/modeling,sag curve; tunnel bottleneck; freeway bottleneck,N/A or needs verification,Foundational traffic-flow theory,Foundational theory; Direct bottleneck/congestion mitigation; Longitudinal control,Tier 3,Car-following and continuum traffic-flow modeling,capacity drop; dropped capacity; stationary speed profile; acceleration rate; transition time,No,No/unclear,Wada et al. 2019 developed a second-order continuum car-following model for sag and tunnel bottlenecks with location-dependent time gaps and bounded acceleration. The model reproduced stationary speed profiles and a 10 percent capacity drop with dropped capacity about 1325 veh/h/lane and about 20 min transition time but it remained a theoretical and calibrated simulation model.,Focused on simplified sag and tunnel bottlenecks; calibration used limited empirical speed profiles; AV control was discussed only as future use,Study details verified,Kept / merged unique record,Longitudinal,Traffic-flow modeling,sag curve; tunnel bottleneck; freeway bottleneck,N/A or needs verification,Bottleneck activation/throughput; Capacity drop; Queue discharge acceleration,throughput/capacity; speed profile; acceleration rate; transition time,present,Study details verified from the published study; corrected venue to Transportation Research Procedia and year to 2019 based on published study
Undermind #186,Undermind catalog,J. Banks 1991,1991,THE TWO-CAPACITY PHENOMENON: SOME THEORETICAL ISSUES,James H. Banks,Transportation Research Record,http://onlinepubs.trb.org/Onlinepubs/trr/1991/1320/1320-027.pdf,3.1,Empirical and theoretical analysis,freeway bottlenecks; San Diego freeway sites,N/A or needs verification,Foundational traffic-flow theory,Foundational theory; Direct bottleneck/congestion mitigation,Tier 3,Traffic-flow theory and car-following stability,capacity drop; two-capacity phenomenon; speed instability; passage time; shock waves,No/unclear,No/unclear,Banks 1991 examined the two-capacity phenomenon using San Diego freeway bottleneck observations and car-following theory. The study found downstream flow often decreased after queue formation and attributed most of the drop to increased vehicle passage time after speed reductions with breakdown triggered by speed instability.,Limited to four San Diego bottlenecks; theoretical explanation depended on simplified linear car-following assumptions and several validity questions remained,Study details verified,Kept / merged unique record,Longitudinal; Traffic-flow theory,Empirical traffic-flow analysis; Car-following theory,freeway bottlenecks; San Diego freeway sites,N/A or needs verification,Capacity drop; Bottleneck activation/throughput; Stop-and-go waves / flow stability; Queueing/delay,throughput/capacity; detector counts; time headway; time gap; speed and flow,stable URL present,Study details verified from the published study; upgraded relevance from Tier 4 to Tier 3 because paper is foundational capacity-drop theory
Undermind #188,Undermind catalog,L. Davis 2007,2007,Effect of adaptive cruise control systems on mixed traffic flow near an on-ramp,L. Davis,Physica A-statistical Mechanics and Its Applications,https://doi.org/10.1016/j.physa.2006.12.017,7.8,Simulation,on-ramp merge; single-lane freeway with on-ramp,ACC,Direct bottleneck/congestion mitigation,Direct bottleneck/congestion mitigation; Longitudinal control; Cooperative merging/platooning,Tier 1,Longitudinal ACC with cooperative merging,throughput; distance traveled; speed; congestion extent; on-ramp bottleneck,Yes,No,Davis 2007 studied ACC cooperative merging in mixed traffic near an on-ramp. The study found that 50% ACC with cooperative merging improved throughput by 20% under moderate ramp demand and increased distance traveled by up to 3.6 km in 600 s relative to all-manual flow,Simulation only and implementation of cooperative sensing or communication was not specified. Benefits were smaller under high ramp demand and depended on headway assumptions,Study details verified,Kept / merged unique record,Longitudinal; Lateral/merging; Cooperative,ACC/CACC; Cooperative merging,on-ramp merge,ACC,On-ramp merging turbulence; Bottleneck activation/throughput; Queue/congestion formation,throughput; distance traveled; speed; congestion extent,present,Corrected year to 2007 from published study and upgraded relevance because the paper directly evaluates on-ramp congestion mitigation
Undermind #190,Undermind catalog,S. Shladover 2012,2012,Impacts of Cooperative Adaptive Cruise Control on Freeway Traffic Flow,"S. Shladover, Dongyan Su, and Xiao-Yun Lu",Transportation Research Record,https://doi.org/10.3141/2324-08,61,Microscopic simulation with field-test gap data,one-lane freeway segment,CACC; ACC; VAD/HIA,Direct bottleneck/congestion mitigation,Direct bottleneck/congestion mitigation; Longitudinal control; Cooperative merging/platooning,Tier 1,ACC and CACC car-following with driver-selected time gaps,lane capacity; market penetration; time gap settings; achievable freeway flow,No,No,Shladover et al. 2012 used AIMSUN microsimulation with time gaps selected in field tests. The study found ACC had little capacity effect while CACC increased lane capacity substantially at moderate to high penetration and reached about 3970 vph per lane at full CACC penetration,One-lane straight freeway simulation with no lane changing and simplified ACC/CACC control rules. Dynamic response to strong disturbances and emergency stopping were left for future work,Bibliographic details verified,Kept / merged unique record,Longitudinal; Cooperative,ACC/CACC; V2V cooperative following,freeway segment/corridor,CACC; ACC,Bottleneck activation/throughput; Capacity improvement; Stop-and-go waves / flow stability,lane capacity; achievable flow; market penetration; time gap distribution,present,One-lane freeway setting and lane-capacity evaluation verified.
Undermind #191,Undermind catalog,Sinan Öncü 2014,2014,Cooperative Adaptive Cruise Control: Network-Aware Analysis of String Stability,"Sinan Öncü, J. Ploeg, N. van de Wouw, and H. Nijmeijer",IEEE Transactions on Intelligent Transportation Systems,https://doi.org/10.1109/TITS.2014.2302816,31,Analytical/modeling with experimental validation,vehicle string; test track,CACC,Longitudinal control,Longitudinal control; Cooperative merging/platooning,Tier 2,Networked-control string stability analysis for CACC,string stability transfer function; maximum allowable delay; headway time; sampling interval; frequency response,No,No,Öncü et al. 2014 developed a networked-control framework for CACC string stability with sampling hold and wireless delay. The study showed that smaller headways require tighter delay bounds and validated the model with CACC prototype vehicle experiments using frequency response estimates,Experiments used two prototype vehicles on a test track. The study focused on longitudinal string stability rather than network traffic demand or bottleneck throughput,Study details verified,Kept / merged unique record,Longitudinal; Cooperative,Networked control; ACC/CACC,string/platoon; test track,CACC,Stop-and-go waves / flow stability; String instability,string stability transfer function; frequency response; allowable delay; headway time,present,Corrected routing modeled to No because network-aware refers to communication network rather than road routing
Undermind #192,Undermind catalog,W. Schakel 2010,2010,Effects of Cooperative Adaptive Cruise Control on traffic flow stability,W. Schakel; B. Arem; B. Netten,13th International IEEE Conference on Intelligent Transportation Systems,https://doi.org/10.1109/ITSC.2010.5625133,18,Microscopic simulation with field-test comparison,4 km single-lane shockwave scenario,CACC; AAC,Direct bottleneck/congestion mitigation,Longitudinal control; Cooperative merging/platooning; Shockwave damping,Tier 1,CACC2 multi-leader longitudinal control; AAC advisory control,shockwave duration; shockwave range; shockwave speed; traffic flow stability,No,No,Schakel et al. 2010 studied IRSA CACC2 and AAC advisory control in a single-lane shockwave simulation with comparison to the A270 field test. The study found that CACC can damp shockwaves quickly at 50 percent and 100 percent penetration using shockwave duration range and speed metrics but faster shockwave speeds may create issues for human drivers in mixed traffic.,Exploratory simulation; IDM+ lacks reaction time; mixed-traffic behavior may be unreliable; single-lane setting excludes lane-change-induced shockwaves,Study details verified,Kept / merged unique record,Longitudinal; Cooperative,ACC/CACC; Advisory control,Single-lane freeway shockwave scenario,CACC; AAC,Stop-and-go waves / flow stability; Shockwave damping,shockwave speed; shockwave duration; shockwave range,present,Study details verified; standardized coding updated
Undermind #193,Undermind catalog,D. Ngoduy 2013,2013,Instability of cooperative adaptive cruise control traffic flow: A macroscopic approach,D. Ngoduy,Commun. Nonlinear Sci. Numer. Simul.,https://doi.org/10.1016/j.cnsns.2013.02.007,10,Analytical macroscopic modeling with numerical simulation,homogeneous freeway; on-ramp congestion simulation,CACC; ACC,Longitudinal control,Longitudinal control; Cooperative merging/platooning; Foundational theory,Tier 2,macroscopic gas-kinetic CACC model; linear and nonlinear stability analysis,linear stability; nonlinear stability; stop-and-go waves; dynamic equilibrium capacity,No,No,Ngoduy 2013 developed a macroscopic gas-kinetic model for CACC traffic flow with multi-predecessor information exchange. The study found analytically and numerically that CACC stabilizes small and large perturbations better than ACC and increases dynamic equilibrium capacity but future work was needed for mixed CACC and manual traffic.,Macroscopic modeling assumptions; parameter-set analysis; mixed CACC-manual penetration effects not analyzed; field validation not provided,Study details verified,Kept / merged unique record,Longitudinal; Cooperative,ACC/CACC; Traffic-flow modeling,Freeway segment / macroscopic traffic flow,CACC; ACC,Stop-and-go waves / flow stability; Dynamic equilibrium capacity,linear stability; nonlinear stability; density; speed; dynamic capacity,present,Study details verified; standardized coding updated
Undermind #194,Undermind catalog,Yu Zhang 2020,2020,Control Design Stability Analysis and Traffic Flow Implications for Cooperative Adaptive Cruise Control Systems with Compensation of Communication Delay,Yu Zhang; Yu Bai; Jia Hu; Meng Wang,Transportation Research Record,https://doi.org/10.1177/0361198120918873,9.1,Controller design with theoretical stability analysis and simulation,straight lane; merging zone; circuit,CACC; CAV,Longitudinal control,Longitudinal control; Cooperative merging/platooning; Delay compensation,Tier 1,delay-compensating CACC using semi-constant time gap policy and linear feedback control,string stability; traffic flow stability; throughput; fuel use; emissions; average speed; acceleration norm,Yes,No,Zhang et al. 2020 studied delay-compensating CACC using a semi-constant time gap policy in straight-lane merging-zone and circuit simulations. The study found that the controller improves local string and traffic-flow stability and can improve throughput fuel efficiency and mobility using speed acceleration fuel emissions and stability metrics but it does not handle state constraints directly.,Simulation-only validation; linear state-feedback controller does not handle state constraints; collision avoidance needed in safety-critical cases; sensor and actuator delay compensation left for future work,Study details verified,Kept / merged unique record,Longitudinal; Cooperative,ACC/CACC; Delay compensation; Feedback control,Straight lane; merging zone; circuit,CACC; CAV,Stop-and-go waves / flow stability; Queueing/delay; Throughput/capacity,string stability; traffic-flow stability; throughput; fuel use; emissions; average speed; acceleration norm,present,Study details verified; standardized coding updated
Undermind #195,Undermind catalog,Qin and Wang 2021,2021,Stabilizing mixed cooperative adaptive cruise control traffic flow to balance capacity using car-following model,Yanyan Qin and Hao Wang,Journal of Intelligent Transportation Systems,https://doi.org/10.1080/15472450.2021.1985490,10,Analytical/modeling,single-lane mixed traffic,CACC; ACC; human vehicles,Longitudinal control,Foundational theory; Longitudinal control; Cooperative merging/platooning,Tier 2,Car-following/string-stability control,string stability; capacity balance; CACC penetration threshold,No,No,Qin and Wang 2023 developed an analytical car-following framework for mixed CACC ACC and human traffic. The study showed that dynamic CACC and ACC time-gap management can balance string stability and traffic capacity using stability criteria and numerical simulations.,Analytical and simulation-only evidence with simplified single-lane random vehicle order and no lower-level vehicle dynamics or lane-changing model,Study details verified,Kept / merged unique record,Longitudinal,ACC/CACC; car-following/string-stability analysis,single-lane mixed traffic,CACC; ACC,Stop-and-go waves / flow stability; capacity balance,string stability; traffic capacity; critical CACC penetration; equilibrium speed,present,Year corrected to journal issue year 2023 while DOI and online publication date remain 2021
Undermind #196; Perplexity table P5; Perplexity bibliography,Undermind catalog; Perplexity selected table; Perplexity bibliography,Hung and Zhang 2022,2022,Impact of Cooperative Adaptive Cruise Control on Traffic Stability,Yun-Chu Hung and Kuilin Zhang,Transportation Research Record,https://doi.org/10.1177/03611981221094822,3.1,Analytical/modeling,homogeneous CAV traffic and heterogeneous mixed traffic,CACC; CAV; AV; CV; HDV,Longitudinal control,Longitudinal control; Cooperative merging/platooning,Tier 2,Control-theoretic string-stability analysis,string stability; critical speed; market penetration rate,No,No,Hung and Zhang 2022 derived CACC string-stability conditions for homogeneous CAV traffic and mixed HDV CV AV and CAV traffic. The study found that CACC can maintain string stability better than CVs and AVs at low HDV market penetration rates using stability functions and critical speed.,Analytical and numerical evidence only with parameters adopted from literature and no field validation,Study details verified,Kept / merged unique record,Longitudinal; Cooperative,ACC/CACC; control-theoretic stability analysis,homogeneous and mixed traffic,CACC; CAV; AV; CV; HDV,Stop-and-go waves / flow stability,string stability; critical speed; minimum time headway; market penetration rate,present,Replaced upload note with Study details verified finding
Undermind #198,Undermind catalog,Mohammadian et al. 2023,2023,Continuum modeling of freeway traffic flows: State-of-the-art challenges and future directions in the era of connected and automated vehicles,"Saeed Mohammadian, Zuduo Zheng, Md. Mazharul Haque, and Ashish Bhaskar",Communications in Transportation Research,https://doi.org/10.1016/j.commtr.2023.100107,6.7,Review/survey,freeway segment/corridor,CAV; AV; ACC; CACC,Foundational theory,Foundational theory; Review/survey; Traffic-flow modeling,Tier 2,Continuum traffic-flow modeling,capacity drop; hysteresis; wave propagation; stability; mixed CAV modeling challenges,Yes,No,Mohammadian et al. 2023 reviewed continuum models for freeway traffic in the CAV era. The review found that existing CAV continuum models often assume positive capacity and stability effects but these results may not generalize because field evidence shows uncertainty and possible negative effects such as string-unstable ACC and conservative CAV driving.,Review paper rather than new empirical evaluation and scope is limited to freeway vehicular interactions with network and node models excluded,Study details verified,Kept / merged unique record,Longitudinal; Cooperative,Traffic-flow modeling,freeway segment/corridor,CAV; AV; ACC; CACC,Capacity drop; Stop-and-go waves / flow stability; Bottleneck activation/throughput,capacity; stability; wave propagation; congestion emergence; capacity drop,present,Year corrected from 2021 to 2023 based on publication metadata
Undermind #199,Undermind catalog,R. Scarinci 2014,2014,Control Concepts for Facilitating Motorway On-ramp Merging Using Intelligent Vehicles,R. Scarinci and B. Heydecker,Transport Reviews,https://doi.org/10.1080/01441647.2014.983210,8.0,Review/survey,on-ramp merge; merge/merging area,intelligent vehicles; CACC; automated vehicles; on-board display,Direct bottleneck/congestion mitigation,Direct bottleneck/congestion mitigation; Cooperative merging/platooning; Review/survey,Tier 1,Review of longitudinal and lateral merging control concepts,on-ramp congestion; traffic breakdown; capacity drop; shock waves; throughput; delay; travel time; queue length; congestion duration; shock-wave count,Yes,No/unclear,Scarinci and Heydecker 2014 reviewed intelligent-vehicle control strategies for motorway on-ramp merging. The review found that most strategies use longitudinal speed or gap control to delay breakdown and improve throughput or delay but evaluation is mainly simulation based with limited field validation.,Limited by review scope focused on facilitated on-ramp merging and by evidence base dominated by microscopic simulation rather than field tests,Study details verified,Kept / merged unique record,Lateral/merging; Longitudinal; Cooperative,Review/survey; CACC; automated merging; advisory control,on-ramp merge; merge/merging area,intelligent vehicles; CACC; automated vehicles; on-board display,Bottleneck activation/throughput; Capacity drop; Shock waves; Queueing/delay,throughput/capacity; delay/travel time/queue; speed/stability; shock waves,present,Study details verified and DOI verified from the published study
Undermind #200,Undermind catalog,Jackeline Rios-Torres 2017,2017,A Survey on the Coordination of Connected and Automated Vehicles at Intersections and Merging at Highway On-Ramps,Jackeline Rios-Torres and Andreas A. Malikopoulos,IEEE Transactions on Intelligent Transportation Systems,https://doi.org/10.1109/TITS.2016.2600504,82,Review/survey,on-ramp merge; merge/merging area; highway segment/corridor; intersection,CAV,Direct bottleneck/congestion mitigation,Direct bottleneck/congestion mitigation; Cooperative merging/platooning; Review/survey,Tier 1,Review of centralized and decentralized CAV coordination,intersection delay; on-ramp merging congestion; traffic flow; fuel consumption; travel time; throughput; safety,Yes,Varies/unclear,Rios-Torres and Malikopoulos 2017 surveyed centralized and decentralized CAV coordination for intersections and highway on-ramp merging. The review reported that CAV coordination can improve traffic flow and reduce fuel use or travel time in many studies but many optimization approaches remain computationally demanding and field evidence is limited.,Limited by survey nature and by reviewed literature that is largely simulation or theoretical with limited field testing for many control classes,Study details verified,Kept / merged unique record,Lateral/merging; Longitudinal; Cooperative,Review/survey; optimization; MPC; decentralized control; centralized control,on-ramp merge; merge/merging area; highway segment/corridor; intersection,CAV,Bottleneck activation/throughput; Queueing/delay; Stop-and-go waves / flow stability,delay/travel time/queue; throughput/capacity; fuel/energy; safety,present,Study details verified and DOI verified from the published study
Perplexity table P1; Perplexity bibliography,Perplexity selected table; Perplexity bibliography,Lighthill 1955,1955,On kinematic waves II. A theory of traffic flow on long crowded roads,M. J. Lighthill and G. B. Whitham,Proceedings of the Royal Society A,https://doi.org/10.1098/rspa.1955.0089,,Analytical/modeling,Single link; macroscopic; long crowded roads; bottleneck,N/A,Foundational theory,Foundational theory; Direct bottleneck/congestion mitigation,Tier 3,PDE kinematic-wave traffic-flow modeling,flow-density relationship; shock waves; traffic humps; bottleneck hold-up; queues; wave propagation; junction flow,No,No,Lighthill and Whitham 1955 developed kinematic-wave traffic-flow theory for long crowded roads. This is relevant because it explains shock-wave propagation queue growth and bottleneck hold-up mechanisms that later AV and CAV control studies attempt to mitigate.,Foundational macroscopic theory with qualitative agreement noted but quantitative validation not established in the paper,Study details verified,Retained after duplicate merge,Longitudinal,Traffic-flow modeling,Single link; macroscopic; bottleneck,N/A,Bottleneck activation/throughput; Stop-and-go waves / flow stability; Queueing/delay; Shock waves,delay/travel time/queue; throughput/capacity; shock-wave propagation,present,Study details verified and DOI verified from the published study
Perplexity table P2,Perplexity selected table,Treiber 2013,2013,Microscopic Calibration and Validation of Car-Following Models – A Systematic Approach,Martin Treiber and Arne Kesting,Procedia - Social and Behavioral Sciences,https://doi.org/10.1016/j.sbspro.2013.05.050,,Methodological calibration/validation,urban xFCD and NGSIM trajectory data,N/A,Foundational theory,Foundational theory; Longitudinal traffic-flow modeling,Tier 3,Car-following model calibration and validation,fit quality; robustness; parameter orthogonality; completeness; plausible parameter values,Implicit,No,Treiber and Kesting 2013 systematically compared local maximum-likelihood and global gap-based calibration for car-following models using real and generated trajectory data. The study found that global calibration using gap errors was more reliable and robust than local acceleration-based calibration but it did not evaluate AV control or congestion mitigation directly.,Methodological study only; limited direct congestion metrics; real-data tests focused on selected xFCD and NGSIM trajectories; authors note noisier NGSIM data need further systematic investigation.,Study details verified,Kept / merged unique record,Longitudinal,Traffic-flow modeling,urban xFCD and NGSIM trajectory data,N/A,Stop-and-go waves / flow stability,calibration error; robustness; parameter plausibility,present,Updated authors venue study type AV technology theme tier metrics finding caveats and evidence quality from the published study
Perplexity table P3; Perplexity bibliography,Perplexity selected table; Perplexity bibliography,Laval 2006,2006,Lane-changing in traffic streams,Jorge A. Laval and Carlos F. Daganzo,Transportation Research Part B: Methodological,https://doi.org/10.1016/j.trb.2005.04.003,,Analytical/modeling,freeway lane-drop and moving bottleneck,N/A,Foundational theory,Foundational theory; Lateral/lane-changing control; Direct bottleneck/congestion mitigation; Negative or mixed effects,Tier 3,Hybrid kinematic-wave and lane-changing particle model,capacity drop; bottleneck discharge rate; vehicle accumulation; lane-changing rate; moving-bottleneck capacity,Yes,No,Laval and Daganzo 2006 developed a hybrid multilane model where lane-changing vehicles create voids and act as moving bottlenecks. The model reproduced a lane-drop discharge drop from about 2900 vph to 2630 vph and linked lane-changing activity to capacity drop but it is a foundational traffic-flow model rather than an AV control study.,No AV or CAV controller is modeled; lane-choice behavior is simplified; authors note that complex environments require testing once reliable data become available.,Study details verified,Retained after duplicate merge,Lateral,Traffic-flow modeling,freeway lane-drop and moving bottleneck,N/A,Bottleneck activation/throughput; Capacity drop; Lane-changing friction / gaps,throughput/capacity; lane-changing rate; accumulation,present,Updated authors study type AV technology method metrics finding caveats evidence quality and standardized fields from the published study; retained duplicate merge note
Perplexity table P4; Undermind #189; Perplexity bibliography,Perplexity selected table; Undermind catalog; Perplexity bibliography,Van Arem 2006,2006,The Impact of Cooperative Adaptive Cruise Control on Traffic-Flow Characteristics,"Bart van Arem, Cornelie J. G. van Driel, and Ruben Visser",IEEE Transactions on Intelligent Transportation Systems,https://doi.org/10.1109/TITS.2006.884615,75,Microsimulation,highway lane-drop merge from four to three lanes,CACC; ACC,Longitudinal control,Longitudinal control; Cooperative merging/platooning; Negative or mixed effects,Tier 2,Rule-based CACC with vehicle-to-vehicle communication,shockwaves; average speed; highest 5-min traffic volume as capacity proxy; merging failures,Yes,No,Van Arem et al. 2006 simulated CACC in MIXIC for a four-lane to three-lane highway lane-drop scenario. The study found that high CACC penetration reduced shockwaves and improved stability with slight capacity benefits but close CACC platoons created merging conflicts when communication was limited to longitudinal control.,Simulation-only evidence; no communication or sensor failures modeled; congestion simulation realism is noted as a limitation; dedicated CACC lanes degraded performance at low penetration; lateral cooperation was not included.,Study details verified,Retained after duplicate merge,Longitudinal; Cooperative,ACC/CACC,highway lane-drop merge from four to three lanes,CACC; ACC,Bottleneck activation/throughput; Stop-and-go waves / flow stability; Lane-changing friction / gaps,throughput/capacity; speed/stability; shockwave count,present,Updated authors setting study type method metrics finding limitations evidence quality and standardized fields from the published study; retained duplicate merge note
Perplexity table P10,Perplexity selected table,Malikopoulos 2017,2017,Impact of connected and automated vehicles on traffic flow,Jackeline Rios-Torres and Andreas A. Malikopoulos,2017 IEEE 20th International Conference on Intelligent Transportation Systems,https://doi.org/10.1109/ITSC.2017.8317654,,Simulation,Highway on-ramp merging,CAV,Direct bottleneck/congestion mitigation,Direct bottleneck/congestion mitigation; Cooperative merging/platooning,Tier 1,Closed-form optimal control for cooperative merging,Fuel consumption; travel time; flow-density stability; stop-and-go at merge,No,No,Rios-Torres and Malikopoulos 2017 studied closed-form optimal coordination of CAVs at an on-ramp merge. The simulation showed lower fuel consumption and travel time plus more stable flow-density patterns under full CAV penetration but used a simplified single-lane merge with 100 percent CAVs.,Simulation-only evidence; full penetration case only; communication instability and mixed penetration left for future work,Study details verified,Kept / merged unique record,Cooperative,Optimization/optimal control,Highway on-ramp merging,CAV,Bottleneck activation/throughput; Stop-and-go waves / flow stability,throughput/capacity; delay/travel time/queue; fuel/emissions/energy; speed/stability,present,Updated authors venue study type metrics limitations and finding from the published study
Perplexity table P14; Undermind #167,Perplexity selected table; Undermind catalog,Reza Vatani Nezafat 2019,2019,Deep Reinforcement Learning Approach for Lagrangian Control: Improving Freeway Bottleneck Throughput Via Variable Speed Limit,Reza Vatani Nezafat,PhD dissertation. Old Dominion University,https://doi.org/10.25777/dc8z-c232,0.4,RL simulation/benchmark,Sag curve; lane-drop; on-ramp bottlenecks,CV,Direct bottleneck/congestion mitigation,Direct bottleneck/congestion mitigation; Longitudinal control; RL/MARL,Tier 1,Deep RL A3C variable speed limit control,Bottleneck delay; throughput; exit flow; density; CV market penetration,Yes,No,Nezafat 2019 developed A3C-based VSL control through connected vehicles for sag curve lane reduction and on-ramp freeway bottlenecks. The dissertation reported delay reduction and throughput improvement versus feedback control across bottleneck types and CV penetration levels but relied on microsimulation and assumed compliant CVs.,Simulation-only evidence; assumed complete CV compliance; safety environmental maintenance and road design impacts outside scope,Study details verified,Retained after duplicate merge,Longitudinal,RL/MARL,Sag curve; lane-drop; on-ramp bottlenecks,CV,Bottleneck activation/throughput; Queueing/delay; Capacity drop,throughput/capacity; delay/travel time/queue; speed/stability,present,Promoted relevance to Tier 1 and updated technology to CV based on dissertation abstract and methods
Perplexity table P15; Undermind #109; Perplexity bibliography,Perplexity selected table; Undermind catalog; Perplexity bibliography,Wu 2021,2021,Flow: A Modular Learning Framework for Mixed Autonomy Traffic,Cathy Wu; Abdul Rahman Kreidieh; Kanaad Parvate; Eugene Vinitsky; Alexandre M. Bayen,IEEE Transactions on Robotics,https://doi.org/10.1109/TRO.2021.3087314,25,RL simulation/benchmark,Ring road; multilane ring; figure-eight intersection; merge and imported networks,AV,Direct bottleneck/congestion mitigation,Direct bottleneck/congestion mitigation; RL/MARL; Longitudinal control; Lateral/lane-changing control,Tier 1,Deep RL framework for AV control in mixed autonomy,Average velocity; stop-and-go wave damping; lane changing; intersection delay; system-level velocity,Yes,No,Wu et al. 2021 presented Flow as a modular deep RL framework for mixed-autonomy traffic with ring road multilane and intersection scenarios. The study found learned AV controllers improved system velocity by up to 57 percent with 4 to 7 percent AV adoption and eliminated stop-and-go traffic in single-lane tests but remained simulation-based.,Simulation-only evidence; larger realistic networks and safe deployment remain open; global convergence stability robustness and safety guarantees not established,Study details verified,Retained after duplicate merge,Longitudinal; Lateral; Cooperative,RL/MARL,Ring road; multilane ring; figure-eight intersection; merge and imported networks,AV,Stop-and-go waves / flow stability; Lane-changing friction / gaps; Queueing/delay,throughput/capacity; speed/stability; string stability/wave damping; delay/travel time/queue,present,Promoted relevance to Tier 1 and expanded setting methods metrics limitations and finding from the published study
Perplexity table P17 | Perplexity bibliography,Perplexity selected table | Perplexity bibliography,Rossi 2018,2018,Routing autonomous vehicles in congested transportation networks: structural properties and coordination algorithms,Federico Rossi | Rick Zhang | Yousef Hindy | Marco Pavone,Autonomous Robots,https://doi.org/10.1007/s10514-018-9750-5,,Analytical modeling and simulation,Urban capacitated road network and AMoD fleet,Autonomous vehicles | AMoD,Network routing,Direct bottleneck/congestion mitigation | Network/routing,Tier 2,Network flow optimization and congestion-aware rebalancing,Network congestion from routing and rebalancing | customer travel time | wait time | link capacity,No,Yes,Rossi et al. 2018 modeled AMoD routing and rebalancing as flows on a capacitated road network. The study showed that properly coordinated rebalancing need not increase congestion in symmetric networks and that the proposed algorithm reduced excess congestion relative to point-to-point methods.,Uses simplified congestion constraints and does not explicitly model intersections spillback or bottleneck lane reductions in the core model.,Study details verified,Retained after duplicate merge,Route/network,Optimization/optimal control,Urban road network | AMoD,AV,Network congestion distribution,travel time | wait time | link capacity | congestion avoidance,present,merged duplicate metadata | verified authors venue and DOI from published study
Perplexity table P19 | Undermind #115,Perplexity selected table | Undermind catalog,Calvert 2017,2017,Will Automated Vehicles Negatively Impact Traffic Flow?,S. C. Calvert | W. J. Schakel | J. W. C. van Lint,Journal of Advanced Transportation,https://doi.org/10.1155/2017/3082781,21,Microsimulation with literature review,Three-lane motorway corridor with on-ramp bottleneck,Low-level automated vehicles | ACC with lane keeping,Negative or mixed effects,Foundational theory | Direct bottleneck/congestion mitigation | Negative or mixed effects,Tier 3,Microsimulation of ACC-LKA behavior,Capacity | discharge flow | capacity drop | travel time | on-ramp bottleneck,Yes,No,Calvert et al. 2017 studied empirically calibrated low-level automated vehicles in mixed freeway traffic near an on-ramp bottleneck. The study found small negative effects on capacity and travel time at low to moderate penetration and benefits only above roughly 70 percent penetration while capacity drop increased slightly.,Simulation-only evidence with limited behavioral ground truth for driver interaction with automated vehicles. Results depend on ACC gap settings and model assumptions.,Study details verified,Retained after duplicate merge,Longitudinal and lateral,Simulation,Freeway mixed traffic | on-ramp bottleneck,AV | ACC-LKA,Bottleneck activation/throughput | Capacity drop | Stop-and-go waves / flow stability,throughput/capacity | delay/travel time | discharge flow | capacity drop,present,merged duplicate metadata | verified authors venue and DOI from published study
Perplexity table P20,Perplexity selected table,Adam 2025,2025,A Systematic Review of the Impact of Autonomous Vehicles on Transportation Networks,Reem Adam | Ahmed Alhammadi | Akmal Abdelfatah | Tarig Ali,Journal of Sustainable Development of Energy Water and Environment Systems,https://doi.org/10.13044/j.sdewes.d13.0583,,Systematic review,Transportation networks with intersections freeways mixed traffic and AV-exclusive lanes,AV | CAV,Network-level AV impacts,Direct bottleneck/congestion mitigation | Negative or mixed effects | Review/survey,Tier 2,Review of simulation and network studies,Travel time | delay | road capacity | congestion | traffic conflicts | AV lane effects,Yes,Yes,Adam et al. 2025 reviewed AV impacts on transportation networks using PRISMA-style literature review methods. The review reports that AVs can reduce travel time delay and congestion at suitable penetration rates but dedicated AV lanes may worsen congestion for non-AV traffic at low penetration or poor placement.,Secondary review evidence rather than original modeling. Findings aggregate heterogeneous studies with different scenarios assumptions and validation levels.,Study details verified,Kept / merged unique record,Route/network/lane-use,Review/survey,Mixed networks with AV-exclusive lanes,AV | CAV,Bottleneck activation/throughput | Network congestion distribution | Lane-changing friction / gaps,travel time | delay | throughput/capacity | speed/stability | conflicts,present,verified authors venue DOI and review scope from published study
Perplexity table P21,Perplexity selected table,Perrine 2020,2020,Anticipating long-distance travel shifts due to self-driving vehicles,Kenneth A. Perrine; Kara M. Kockelman; Yantao Huang,Journal of Transport Geography,https://doi.org/10.1016/j.jtrangeo.2019.102547,,Modeling,US national long-distance interregional travel,AV,Negative or mixed effects,Negative or mixed effects; Network/routing,Tier 2,Travel-demand modeling,Mode shift; destination shift; passenger-miles traveled; airline trips,No,Yes,Perrine et al. 2020 added an AV mode to the rJourney long-distance travel-demand model for the United States. The study found that AVs could shift travel from air to personal vehicles and reduce total long-distance passenger-miles by 6.7% under the base scenario while increasing car plus AV trips at longer distances.,Model subset only; AV parameters estimated; IIA issue from adding AV as separate mode; field validation unavailable,Study details verified,Kept / merged unique record,Route/network,Travel-demand modeling,Regional/national network,AV,Induced demand / mode shift,PMT; mode share; trip distance; airline revenue,present,Verified from the published study. DOI and bibliographic metadata confirmed. Cites page 1 abstract and pages 7-10 results and conclusions.
Perplexity table P21,Perplexity selected table,Zhao and Kockelman 2018,2018,Anticipating the Regional Impacts of Connected and Automated Vehicle Travel in Austin Texas,Yong Zhao; Kara M. Kockelman,Journal of Urban Planning and Development,https://doi.org/10.1061/(ASCE)UP.1943-5444.0000463,,Modeling,Austin Texas regional travel-demand network,CAV; SAV,Negative or mixed effects,Negative or mixed effects; Network/routing,Tier 2,Travel-demand modeling,Induced VKT; congestion delay; average speed; empty travel,No,Yes,Zhao and Kockelman 2018 modified the Austin CAMPO travel-demand model to test CAV and SAV scenarios. The study found that AV modes could raise regional VKT by roughly 10% or more and increase delay while lowering average speed unless ridesharing pricing or traffic-flow improvements offset demand growth.,Conventional trip-based model; simplified MNL mode choice; empty-vehicle travel not directly simulated; results sensitive to VOTT parking cost and operating cost assumptions,Bibliographic details verified,Kept / merged unique record,Route/network,Travel-demand modeling,Regional road network,CAV; SAV,Induced demand / VKT,VKT; delay; average speed; mode share,present,Regional base cases and sensitivity references verified.
Perplexity table P22,Perplexity selected table,Li 2025,2025,Highway capacity of mixed traffic flow with autonomous vehicles: A review,Yuxuan Li; Jinzi Zheng; Lingqiao Qin; Haijian Li,Physica A: Statistical Mechanics and its Applications,https://doi.org/10.1016/j.physa.2025.130653,,Review/survey,Highways and other road types with mixed AV and HDV traffic,AV; CAV,Review/survey,Review/survey; Longitudinal control; Cooperative merging/platooning,Tier 2,Review of capacity models and simulation methods,Highway capacity; penetration rate; platoon size; dedicated lanes; road type effects,Sometimes,Sometimes,Li et al. 2025 reviewed highway capacity studies for mixed AV and HDV traffic across urban roads freeways intersections and networks. The review found that AV effects on capacity depend strongly on penetration rate platooning communication capability dedicated lanes and road type with some studies reporting negative or unclear effects for lower-level AVs.,Review only; underlying studies use inconsistent factors and capacity definitions; limited empirical evidence; future publication status should be checked if citing before final issue,Study details verified,Kept / merged unique record,Multiple,Review/survey,Highways with mixed AV/HDV,AV; CAV,Capacity change / mixed traffic,throughput/capacity; penetration rate; platoon size,present,Verified from the published study. DOI and metadata confirmed. Recent 2025 paper. Cites page 1 abstract and pages 14-17 discussion and conclusion.
Perplexity table P23; Perplexity bibliography,Perplexity selected table; Perplexity bibliography,Yuchen Pan 2024,2024,The impacts of connected autonomous vehicles on mixed traffic flow: A comprehensive review,Yuchen Pan; Yu Wu; Lu Xu; Chengyi Xia; David L. Olson,Physica A: Statistical Mechanics and its Applications,https://doi.org/10.1016/j.physa.2023.129454,,Review/survey,Mixed traffic flow; urban road transit; connected traffic environments,CAV; AV,Direct bottleneck/congestion mitigation,Direct bottleneck/congestion mitigation; Longitudinal control; Lateral/lane-changing control; RL/MARL; Review/survey,Tier 1,Comprehensive review of CAV impacts; longitudinal and lateral control; dedicated lanes; policy factors,Phantom congestion; traffic efficiency; stability; capacity; throughput; stop-and-go fluctuations,Sometimes,Sometimes,Pan et al. 2024 reviewed CAV impacts on mixed traffic flow with emphasis on traffic efficiency and congestion. The review reports that CAV connectivity and coordinated control can reduce phantom congestion and traffic fluctuations while improving capacity speed flow stability and emissions but evidence is synthesized from prior modeling and simulation studies rather than new experiments.,Review-only evidence; heterogeneous source studies; long-term net impacts on fuel consumption and emissions remain uncertain; policy and deployment effects depend on penetration rate and implementation context.,Study details verified; DOI verified in the published study,Retained after duplicate merge,Longitudinal; Lateral; Cooperative; Route/network,Review/survey; ACC/CACC; RL/MARL; Traffic-flow modeling,Mixed-traffic networks; Urban road network,CAV; AV,Stop-and-go waves / flow stability; Bottleneck activation/throughput; Capacity drop; Network congestion distribution,throughput/capacity; speed/stability; delay/travel time/queue; emissions/fuel; safety/conflicts,present,verified against published study; merged duplicate metadata
﻿Perplexity table P24,Perplexity selected table,Jinjue Li 2023,2023,A survey on urban traffic control under mixed traffic environment with connected automated vehicles,Jinjue Li; Chunhui Yu; Zilin Shen; Zicheng Su; Wanjing Ma,Transportation Research Part C: Emerging Technologies,https://doi.org/10.1016/j.trc.2023.104258,,Review/survey,Urban intersections; arterial corridors; urban networks; mixed RV CV CAV traffic,CAV; CV; AV,Network/routing,Network/routing; Signal control; Trajectory planning; Cooperative signal-trajectory control; Review/survey,Tier 2,Survey of signal control; CAV trajectory and route planning; cooperative signal-trajectory control; CAV-dedicated facilities,Urban congestion; vehicle delay; queue length; travel time; throughput; fuel consumption; safety conflicts; coordination,Sometimes,Yes,Li et al. 2023 surveyed urban traffic control under mixed RV CV CAV environments across signal timing trajectory planning route planning cooperative control and CAV-dedicated facilities. The review shows that CAV trajectory and route planning can influence spatial-temporal traffic distribution and improve delay throughput fuel and safety metrics but most studies remain intersection-focused and face RV uncertainty compliance and computational scalability issues.,Review-only evidence; limited network-level studies; many methods rely on simplified assumptions about RV behavior CV compliance CAV controllability or known trajectory planning strategies.,Study details verified; DOI verified in the published study,Kept / merged unique record,Route/network/lane-use; Cooperative; Longitudinal; Lateral,Optimization/optimal control; MPC; RL/MARL; Review/survey; Traffic signal control,Urban networks; Intersections; Arterial corridors; Mixed traffic,CAV; CV; AV,Network congestion distribution; Bottleneck activation/throughput; Queue formation/discharge; Lane-changing friction / gaps,delay/travel time/queue; throughput/capacity; stops; fuel/emissions; safety/conflicts,present,verified against published study
Perplexity bibliography,Perplexity bibliography,Treiber 2006,2006,Delays inaccuracies and anticipation in microscopic traffic models,Martin Treiber; Arne Kesting; Dirk Helbing,Physica A: Statistical Mechanics and its Applications,https://doi.org/10.1016/j.physa.2005.05.001,,Analytical/modeling; simulation,single-lane longitudinal traffic; platoon; open freeway bottleneck,N/A contextual comparison to ACC,Foundational theory,Foundational theory; Longitudinal control; Stop-and-go waves,Tier 3,Human driver meta-model with reaction time; estimation error; temporal anticipation; spatial multi-anticipation,string stability; stop-and-go waves; congestion patterns; reaction-time destabilization,No,No,Treiber et al. 2006 generalized microscopic car-following models to include reaction times estimation errors and spatial/temporal anticipation in platoon and bottleneck simulations. The study found that anticipation can compensate for destabilizing reaction times and estimation errors and can increase stop-and-go wave scales in agreement with empirical traffic data but it is foundational human-driver modeling rather than an AV control experiment.,Simulation-only evidence; single-lane longitudinal dynamics; identical driver-vehicle units; lane-changing and heterogeneous driving styles were not included.,Study details verified,Kept / merged unique record,Longitudinal,Traffic-flow modeling,Freeway bottleneck; platoon,N/A contextual ACC,Stop-and-go waves / flow stability; bottleneck congestion,string stability/wave damping; congestion pattern; wave period; propagation speed,present,Study details verified; corrected authors venue and study type; DOI verified from the published study
Perplexity bibliography,Perplexity bibliography,Lee 2025,2025,String stability analysis and design guidelines for PD controllers in ACC systems,Kangjun Lee; Chanhwa Lee,Sensors,https://doi.org/10.3390/s25113518,,Analytical controller design; simulation,homogeneous ACC vehicle-following platoon,ACC,Longitudinal control,Longitudinal control; ACC; string stability; platooning,Tier 2,PD controller under constant time-gap policy; frequency-domain string-stability analysis,individual vehicle stability; string stability; spacing error propagation,No,No,Lee and Lee 2025 developed practical gain-selection guidelines for PD controllers in ACC platoons under a constant time-gap policy. The study showed through transfer-function analysis and simulations that selected gains can ensure individual stability and string stability measured by spacing-error attenuation and H-infinity string-stability conditions but it assumes homogeneous vehicle dynamics and simplified longitudinal models.,Homogeneous platoon assumption; simplified longitudinal dynamics; simulation validation only; future work needed for heterogeneous vehicles sensor delays model uncertainty and CACC feedforward control.,Study details verified,Kept / merged unique record,Longitudinal,Feedback/control-theoretic; ACC/CACC,Vehicle-following platoon,ACC,Stop-and-go waves / flow stability,string stability/wave damping; spacing error; individual stability,present,Study details verified; corrected authors to Kangjun Lee and Chanhwa Lee; publication date and DOI verified from the published study
Perplexity bibliography,Perplexity bibliography,Daganzo 2002,2002,Ten strategies for freeway congestion mitigation with advanced technologies,Carlos F. Daganzo; Jorge Laval; Juan Carlos Muñoz,California PATH Research Report UCB-ITS-PRR-2002-3,https://escholarship.org/uc/item/4kd6v6qf,,Conceptual strategy report,freeway corridors; bottlenecks; ramps; HOV lanes; shoulders,N/A advanced traffic-control technologies,Direct bottleneck/congestion mitigation,Direct bottleneck/congestion mitigation; freeway control; lane management; ramp metering,Tier 3,Advanced freeway control strategies including dynamic lane assignment ramp metering dynamic HOV designation speed limits diversion and shoulder use,FIFO queues; non-FIFO queues; bottleneck capacity; lane-changing friction; delay,Yes conceptual,Yes conceptual,Daganzo et al. 2002 proposed ten technology-enabled freeway congestion mitigation strategies targeting bottleneck capacity and total delay. The report argued that dynamic lane assignments ramp metering HOV management speed limits diversion and shoulder-lane use can be field-tested with direct performance measures but it is not an AV/CAV control paper.,Conceptual report; strategies require field testing; benefits are argued from traffic-flow reasoning and prior observations rather than evaluated with a unified simulation or field experiment in this report.,Study details verified,Kept / merged unique record,Network/control; Lateral/merging,Traffic management; ramp metering; VSL/speed control,Freeway bottleneck; freeway corridor,N/A,Bottleneck activation/throughput; lane-changing friction / gaps; queueing/delay,throughput/capacity; delay/travel time/queue; speed/flow,present stable URL,Study details verified; corrected title authors venue and relevance from generic Tier 4 to foundational freeway-control Tier 3
Perplexity bibliography,Perplexity bibliography,Marczak 2015,2015,A macroscopic model for freeway weaving sections,"Marczak, F.; Leclercq, L.; Buisson, C.",Computer-Aided Civil and Infrastructure Engineering,https://doi.org/10.1111/mice.12119,,Analytical/modeling,weaving/diverge; freeway segment/corridor,N/A,Foundational theory,Foundational theory; Lateral/lane-changing control,Tier 3,Macroscopic weaving model; merge-diverge analytical capacity model,capacity drop; effective capacity; relative capacity drop; weaving lane changes; acceleration-deceleration voids,Yes,No,Marczak et al. 2015 developed a parsimonious macroscopic model for freeway weaving sections by representing weaving as two merges and two diverges. The study found that weaving lane changes endogenously reduce effective capacity through acceleration-deceleration voids and that acceleration and relaxation parameters strongly influence capacity drop measured using effective capacity and relative capacity drop.,Analytical and simulation-supported evidence only for a simplified one-main-lane and one-auxiliary-lane weaving section. Validation used one Grenoble data set and the authors note the need to extend the model to multilane non-FIFO configurations and additional field sites.,Study details verified,Retained after duplicate merge,Lateral/merging,Traffic-flow modeling,weaving/diverge; freeway segment/corridor,N/A,Lane-changing friction / gaps; Capacity drop,effective capacity; capacity drop; relative capacity drop,present,Study details verified and corrected authors venue AV/CAV technology tier and metrics
Perplexity bibliography,Perplexity bibliography,Zhou 2022,2022,Multi-agent reinforcement learning for cooperative lane changing of connected and autonomous vehicles in mixed traffic,"Zhou, W.; Chen, D.; Yan, J.; Li, Z.; Yin, H.; Ge, W.",Autonomous Intelligent Systems,https://doi.org/10.1007/s43684-022-00023-5,,RL simulation/benchmark,mixed traffic two-lane one-way highway simulation,CAV; AV,Lateral/lane-changing control,Lateral/lane-changing control; Cooperative merging/platooning; RL/MARL,Tier 2,MARL; multi-agent advantage actor-critic; cooperative lane-changing control,lane-changing friction; mixed-traffic efficiency; safety; comfort; reward; speed; headway; acceleration deviation,Yes,No,Zhou et al. 2022 formulated cooperative lane changing by multiple AVs in mixed highway traffic as a MARL problem using MA2C with local rewards and parameter sharing. The study reported better safety efficiency and comfort than several MARL benchmarks measured by episode reward speed headway collision and acceleration-comfort indicators but did not directly measure bottleneck throughput or capacity drop.,Simulation-only evidence in a simplified highway-env setting with IDM and MOBIL human-driver models. The study evaluates lane-change performance and comfort rather than field congestion outcomes such as queue discharge capacity drop or bottleneck throughput.,Study details verified,Kept / merged unique record,Lateral; Cooperative,RL/MARL,mixed traffic two-lane highway,CAV; AV,Lane-changing friction / gaps,reward; speed; headway; collisions; acceleration comfort,present,Study details verified and corrected year venue authors study setting and limitations
Perplexity bibliography,Perplexity bibliography,Rios-Torres and Malikopoulos 2017,2017,Automated and cooperative vehicle merging at highway on-ramps,"Rios-Torres, J.; Malikopoulos, A. A.",IEEE Transactions on Intelligent Transportation Systems,https://doi.org/10.1109/TITS.2016.2587582,,Analytical/modeling; simulation,on-ramp merge; merge/merging area; highway segment/corridor,CAV,Direct bottleneck/congestion mitigation,Direct bottleneck/congestion mitigation; Cooperative merging/platooning,Tier 1,Centralized optimal control; closed-form Hamiltonian solution; cooperative merging control,stop-and-go driving at merge; travel time; fuel consumption; collision avoidance; smooth merging,Yes,No,Rios-Torres and Malikopoulos 2017 studied centralized optimal coordination of CAVs at highway merging roadways using an analytical closed-form Hamiltonian control solution. The simulation showed collision-free merging without stop-and-go driving and reported fuel-consumption reductions of 52.7% and 48.1% plus travel-time reductions of 7.1% and 13.5% relative to a baseline yielding case.,Simulation-only study with simplified point-mass vehicle dynamics and an unconstrained optimal-control formulation for most cases. The high-speed case required an unrealistically long 1200 m control zone and the authors note future work is needed for active constraints richer traffic simulation vehicle diversity and trade-offs between fuel use and congestion.,Study details verified,Kept / merged unique record,Lateral/merging; Cooperative,Optimization/optimal control,on-ramp merge; merge/merging area; highway segment/corridor,CAV,Bottleneck activation/throughput; Stop-and-go waves / flow stability,delay/travel time/queue; fuel consumption; collision avoidance,present,Study details verified and corrected authors venue technology control method metrics and limitations
Perplexity bibliography,Perplexity bibliography,Abbas Hesabi Hesari,2024,Connected and Autonomous Vehicles Trajectory Optimization for an On-Ramp Freeway Merging Segment in a Mixed Vehicular Traffic Environment,Abbas Hesabi Hesari,University of Calgary MSc thesis,https://hdl.handle.net/1880/118195,,Simulation/modeling,on-ramp merge; multilane freeway merging segment,CAV; AV,Direct bottleneck/congestion mitigation,Direct bottleneck/congestion mitigation; Longitudinal control; Lateral/lane-changing control; Cooperative merging/platooning,Tier 1,MPC trajectory optimization; PI/PID tracking control; hierarchical hybrid control,stop-and-go during merging; gap creation; smooth and safe merging; robustness; fuel efficiency; passenger comfort,Yes,No,Hesari 2024 developed hierarchical hybrid and centralized CAV trajectory optimization controllers for a multilane on-ramp merging segment in mixed traffic. The study reported that the hybrid approach improved computational efficiency and robustness while the centralized controller showed stronger stability and control performance with better fuel efficiency and passenger comfort.,Simulation-only MATLAB evidence; selected quintuplet scenarios; assumes top-level controller and communication availability; HDV behavior simplified with car-following and lane-change assumptions,Study details verified; MSc thesis not doctoral dissertation; bibliographic fields verified from title page and abstract,Kept / merged unique record,Longitudinal; Lateral/merging,Optimization/optimal control; MPC; Feedback/control-theoretic,on-ramp merge; merge/merging area,CAV; AV,Bottleneck activation/throughput; Stop-and-go waves / flow stability; Lane-changing friction / gaps,gap/spacing; speed; acceleration; fuel/energy; comfort; robustness,present,Study details verified from thesis. Title page identifies this as an MSc thesis at University of Calgary in February 2024 and the abstract states the hybrid MPC plus PI/PID approach and centralized comparison.
Perplexity bibliography,Perplexity bibliography,Vinitsky 2018,2018,Benchmarks for reinforcement learning in mixed-autonomy traffic,"Vinitsky, E., Kreidieh, A., Le Flem, L., Kheterpal, N., Jang, K., Wu, C., Wu, F., Liaw, R., Liang, E., & Bayen, A. M.",Proceedings of the 2nd Conference on Robot Learning PMLR,https://proceedings.mlr.press/v87/vinitsky18a.html,,RL simulation/benchmark,figure-eight intersection; grid network; on-ramp merge; freeway bottleneck,CAV; AV,RL/MARL,Direct bottleneck/congestion mitigation; RL/MARL; Longitudinal control; Network/control benchmarks,Tier 1,Deep RL benchmark control; PPO; TRPO; ES; ARS,shockwave minimization; inflow management; efficient merging; capacity drop avoidance; average speed; delay; outflow,Yes,No/unclear,Vinitsky et al. 2018 introduced four Flow/SUMO mixed-autonomy RL benchmarks covering shockwave minimization inflow management efficient merging and bottleneck throughput. Preliminary RL controllers improved average speed in merge tasks and outflow in bottleneck tasks relative to human-driver baselines but several scenarios remained unsolved or suboptimal.,Simulation benchmark evidence only; not field validated; centralized controllers; sample inefficiency; scalability and fairness issues; optimality not proven,Study details verified; author list verified; PMLR CoRL 2018 verified,Kept / merged unique record,Longitudinal; Route/network; Cooperative,RL/MARL,Mixed-traffic networks; on-ramp merge; freeway bottleneck; intersection/grid network,CAV; AV,Stop-and-go waves / flow stability; Bottleneck activation/throughput; Capacity drop,average speed; delay; outflow/throughput; reward; cumulative return,present,Study details verified from published CoRL paper. The paper states four benchmark problems and reports learned policies outperforming human-level dynamics while noting unresolved optimality and scalability questions.
Perplexity bibliography,Perplexity bibliography,Liu 2024,2024,Deep Reinforcement Learning Method for Control of Mixed Autonomy Traffic Systems,"Liu, X., Apriaskar, E., & Mihaylova, L.",2024 IEEE International Conference on Multisensor Fusion and Integration for Intelligent Systems,https://doi.org/10.1109/MFI62651.2024.10705775,,RL simulation/benchmark,single-lane ring road mixed-autonomy traffic,AV,Longitudinal control,Longitudinal control; RL/MARL; Direct bottleneck/congestion mitigation,Tier 1,PPO deep reinforcement learning with maximum entropy exploration,stop-and-go wave mitigation; average speed; energy consumption; fuel consumption,No,No,Liu et al. 2024 trained a PPO-based DRL controller for one AV in a SUMO single-lane mixed-autonomy ring road. The study reported suppression of unstable stop-and-go waves with a 67.7 percent average-speed increase and a 19.3 percent average energy-consumption reduction versus an IDM baseline.,Simulation-only evidence; closed ring-road setting; one AV; no lane changing; Sim2Real not addressed; on-policy DRL convergence and data-efficiency limitations,Study details verified; DOI and IEEE MFI venue verified,Kept / merged unique record,Longitudinal,RL/MARL,Ring road / single-link traffic smoothing,AV,Stop-and-go waves / flow stability,average speed; fuel/energy; wave damping,present,Study details verified from published IEEE paper. The abstract and conclusion report PPO control in SUMO with stop-and-go mitigation and stated speed and energy improvements.
Perplexity bibliography,Perplexity bibliography,Mu 2026,2026,Multi-agent DRL-based Lane Change Decision Model for Cooperative Planning in Mixed Traffic,"Mu, Z., Zhang, S., and Park, B. B.",arXiv preprint,https://doi.org/10.48550/arXiv.2601.11809,,RL simulation/benchmark,three-lane 1200 m highway segment,CAV,Lateral/lane-changing control,Lateral/lane-changing control; Cooperative merging/platooning; RL/MARL,Tier 2,CNN-QMIX multi-agent DRL lane-change decision with trajectory planner and MPC execution,cooperative platooning rate; maximum platoon length; time to form platoon; lane changes; mean speed; energy consumption; collision avoidance,Yes,No/unclear,Mu et al. 2026 proposed a CNN-QMIX multi-agent DRL lane-change model for CAV cooperative platooning in mixed highway traffic. The study reported higher platoon rates and longer platoons than MOBIL and greedy baselines with improvements up to 26.2 percent over greedy at moderate CAV penetration and energy savings up to 16.1 percent relative to MOBIL but the evidence is limited to microsimulation.,Simulation-only evidence on a simplified three-lane highway segment; model parameters and reward weights were manually configured; urban intersections and broader traffic settings were left for future work,authors corrected from the published study; arXiv preprint; DOI present,Kept / merged unique record,Lateral,RL/MARL; MPC; Trajectory planning,highway segment/corridor,CAV,Lane-changing friction / gaps; Cooperative platoon formation,platoon rate; platoon length; lane changes; mean speed; energy consumption; collision rate,present,Study details verified; corrected authors and expanded methods metrics findings and caveats from preprint
Perplexity bibliography,Perplexity bibliography,Yang 2018,2018,Multi-scale perimeter control approach in a connected-vehicle environment,"Yang, K., Zheng, N., and Menendez, M.",Transportation Research Part C,https://doi.org/10.1016/j.trc.2017.08.014,,Analytical/modeling and simulation,urban two-region network with perimeter intersections,CV,Network/routing,Network/routing; Traffic signal/perimeter control,Tier 2,MFD-based multi-scale MPC and stochastic MPC perimeter signal control,network accumulation; total travel cost; intersection delay; queue length; robustness to CV measurement noise,Varies/unclear,Yes,Yang et al. 2018 developed a multi-scale MPC perimeter-control method using connected vehicles as the traffic-state data source in an urban network. The study showed that the controller kept the protected region near the MFD critical accumulation and reduced intersection delay compared with PID and bang-bang controls but performance degraded under strong CV measurement noise.,Macroscopic simulation only; assumes known MFD structure and simplified two-region network; low CV penetration introduces noisy state estimates; not an AV trajectory-control paper,authors and venue verified from the published study; DOI present,Kept / merged unique record,Route/network/lane-use; Cooperative,MPC/optimal control; Perimeter control; Stochastic control,Urban/freeway network,CV,Network congestion distribution; Perimeter congestion control,total travel cost; intersection delay; queue length; network accumulation,present,Study details verified; corrected authors year venue technology and expanded congestion mechanism metrics and caveats
Perplexity bibliography,Perplexity bibliography,Li 2017,2017,Cooperative Adaptive Cruise Control for String Stable Mixed Traffic: Benchmark and Human-Centered Design,"Li, F., and Wang, Y.",IEEE Transactions on Intelligent Transportation Systems,https://doi.org/10.1109/TITS.2017.2760805,,Analytical/modeling and simulation,single-lane mixed traffic platoon,CACC; ACC; human-driven vehicles,Longitudinal control,Longitudinal control; Cooperative merging/platooning; Human-centered control,Tier 2,CACC benchmark feedback-feedforward controller and MPC-like time-headway blending controller,mixed-traffic string stability; velocity and acceleration fluctuation norms; safety spacing; driver comfort; jerk; throughput proxy; fuel proxy,No/unclear,No/unclear,Li and Wang 2017 developed mixed-traffic string-stability criteria and CACC controllers for platoons with automated and manual vehicles. The study showed that suitable CACC headway design or added CACC vehicles can maintain bounded upstream fluctuations and that a human-centered MPC-like headway controller improves comfort while preserving string-stability constraints but evidence is limited to analytical proof and a seven-car simulation.,Analytical and simulation-only evidence; assumes linearized vehicle dynamics and car-following models; focuses on platoon cruising from equilibrium; no field validation and no lane-changing or network routing,authors corrected from the published study; DOI present,Kept / merged unique record,Longitudinal; Cooperative,ACC/CACC; Feedback/feedforward control; MPC/optimal control,ring road / single-link traffic smoothing,CACC; ACC,Stop-and-go waves / flow stability; String instability,string stability/wave damping; safety spacing; jerk/comfort; throughput proxy; fuel proxy,present,Study details verified; corrected author spelling and expanded methods metrics finding and limitations from published IEEE paper
Perplexity bibliography; Perplexity bibliography,Perplexity bibliography,Mohammed 2023,2023,Vehicle automation impact on traffic flow and stability: A review of literature,"Mohammed, D.; Horváth, B.",Acta Polytechnica Hungarica,https://www.researchgate.net/profile/Dilshad-Mohammed-5/publication/370786174_Vehicle_Automation_Impact_on_Traffic_Flow_and_Stability_A_Review_of_Literature/links/646aa5d1c9802f2f72eead33/Vehicle-Automation-Impact-on-Traffic-Flow-and-Stability-A-Review-of-Literature.pdf,,Review/survey,Mixed traffic road networks; freeway and urban facilities; intersections; platoons,AV; CV; ACC; CACC,Review/survey,Review/survey; Longitudinal control; Lateral/lane-changing control; Cooperative merging/platooning; Network/traffic-flow impacts,Tier 2,Review of car-following models and simulation frameworks,Capacity; travel time; delay; congestion; traffic stability; throughput; energy use,Yes,No/unclear,Mohammed and Horváth reviewed vehicle automation impacts on traffic flow across longitudinal and lateral behavior platooning travel time congestion and intersection control. The review found that benefits generally grow with penetration rate and cooperation with higher capacity smoother interactions lower delay and improved stability while low penetration can be neutral or negative.,"""Review evidence is mostly based on prior simulation and modeling studies with heterogeneous assumptions and the authors state that findings are not yet sufficiently reliable for direct policy use.""",full author and venue verified from the published study; no DOI found in the published study; ResearchGate PDF URL retained,Kept / merged unique record,Longitudinal; Lateral/merging; Cooperative; Network,Review/survey,Mixed traffic road networks,AV; CV; ACC/CACC,Stop-and-go waves / flow stability; Capacity and throughput; Congestion delay; Lane-changing friction,capacity/throughput; delay/travel time/queue; speed/stability; string stability/wave damping; fuel/energy,missing DOI,Study details verified
Perplexity bibliography,Perplexity bibliography,Ambrosi 2026,2026,"Autonomous Vehicles in the Traffic Ecosystem: A Comprehensive Review of Integration, Impacts, and Policy Implications","Butilă, E. V.; Voinea, G.-D.; Boboc, R. G.; Ambrosi, G.",Vehicles,https://doi.org/10.3390/vehicles8020041,,Systematic review,Mixed traffic ecosystems; urban networks; arterials; freeways; intersections; network-level systems,AV; CAV,Network/routing,Network/routing; Review/survey; Mixed traffic; Policy/governance; Negative or mixed effects,Tier 2,System-level review of AV/CAV integration and policy interventions,Capacity; delay; travel time; throughput; conflicts; TTC; PET; VKT/VMT; equity; emissions,Varies/unclear,Yes,Butilă et al. systematically reviewed 51 peer-reviewed studies from 2016 to 2025 on AV and CAV integration in mixed traffic ecosystems. The review found non-linear and penetration-dependent effects where high automation and connectivity can improve capacity stability safety and traffic flow but early deployment may increase delays conflicts and VKT without coordinated control and policy measures.,"""Evidence is a review of heterogeneous studies dominated by simulation with limited longitudinal field validation and the authors note sensitivity to model calibration scenario selection and data availability from commercial pilots.""",full author list and DOI verified from the published study; article attributed to first author rather than Ambrosi only,Kept / merged unique record,Route/network; Cooperative; Longitudinal,Review/survey; Policy/governance,Mixed traffic networks,AV; CAV,Network congestion distribution; Stop-and-go waves / flow stability; Induced demand / VMT; Bottleneck activation/throughput,capacity/throughput; delay/travel time/queue; TTC/PET/conflicts; VKT/VMT; emissions; equity,present,Study details verified
Perplexity bibliography,Perplexity bibliography,Majstorovic 2023,2023,Urban Traffic Signal Control under Mixed Traffic Flows: Literature Review,Željko Majstorović; Leo Tišljarić; Edouard Ivanjko; Tonči Carić,Applied Sciences,https://doi.org/10.3390/app13074484,,Review/survey,Urban signalized intersections and small urban networks,CV; CAV; HDV mixed traffic,Network/routing,Network/routing; Review/survey; Traffic signal control; Mixed traffic,Tier 1,Traffic signal control review; CV/CAV sensing and actuation,Urban intersection congestion; queue length; delay; throughput; capacity; CV penetration rate,Varies/unclear,Yes,Majstorović et al. 2023 reviewed urban traffic signal control under mixed CV CAV and HDV flows. The review reports that CVs and CAVs can support intersection state estimation and adaptive signal control as mobile sensors and actuators with congestion benefits measured using queue length delay throughput capacity and penetration rate but most evidence comes from reviewed simulation and modeling studies.,Review only; limited direct empirical validation; mixed flows containing CVs CAVs and HDVs are rarely studied together; required CV penetration rate and data sampling rate remain open questions.,bibliographic metadata verified from the published study,Kept / merged unique record,Route/network/lane-use,Review/survey; Adaptive traffic signal control; CV/CAV sensing,Urban signalized intersections and small urban networks,CV; CAV; HDV mixed traffic,Urban intersection congestion; queue formation; capacity and throughput loss,queue length; delay/travel time; throughput/capacity; penetration rate; emissions,present,Study details verified
Perplexity bibliography,Perplexity bibliography,Michailidis 2025,2025,Traffic Signal Control via Reinforcement Learning: A Review on Applications and Innovations,Panagiotis Michailidis; Iakovos Michailidis; Charalampos Rafail Lazaridis; Elias Kosmatopoulos,Infrastructures,https://doi.org/10.3390/infrastructures10050114,,Review/survey,Urban signalized intersections and urban networks,N/A or needs verification,Network/routing,Network/routing; Review/survey; RL/MARL; Traffic signal control,Tier 2,RL-based adaptive traffic signal control review; value-based policy-based actor-critic and hybrid RL,Urban network congestion; queue length; waiting time; delay; throughput; emissions; safety conflicts,Varies/unclear,Yes,Michailidis et al. 2025 reviewed high-impact RL-based traffic signal control studies from 2015 to 2025. The review found that value-based RL and MARL dominate and that studies commonly report congestion improvements using delay queue length waiting time throughput emissions and safety metrics but deployment remains mostly simulation based.,Review only; no direct field deployment of MARL traffic signal control identified; major caveats include sample inefficiency reward design difficulty limited safety validation computational complexity sim-to-real transfer and interpretability.,bibliographic metadata verified from the published study,Kept / merged unique record,Route/network/lane-use,RL/MARL; Review/survey; Adaptive traffic signal control,Urban/freeway network,N/A or needs verification,Network congestion distribution; queue formation; delay; stop-and-go at intersections,delay/travel time/queue; throughput/capacity; emissions; safety conflicts; scalability,present,Study details verified
Final update #1,Author final literature update — publisher/ASCE record,Jiang et al. 2024,2024,Evaluation of Connected and Autonomous Vehicles for Congestion Mitigation: An Approach Based on the Congestion Patterns of Road Networks,"Zhuo Jiang, Yin Wang, Jianwei Wang, Xin Fu","Journal of Transportation Engineering, Part A: Systems, 150(4)",https://doi.org/10.1061/JTEPBS.TEENG-8121,,Network routing/control simulation,Road network; mixed CAV/HDV network,CAV; CACC; HDV,Network-level routing / congestion mitigation,Routing/DTA; Network congestion; CAV penetration; Mixed traffic,Tier 1,Congestion-pattern-based CAV route optimization,Average delay; travel time; network congestion state; shifted/redistributed congestion,No,Yes,Proposes congestion-pattern-based routing control for CAVs. Publisher abstract reports up to 46.7% lower average delay and 28.2% lower travel time in the all-CAV case; benefits rise with penetration and weaken as inflow increases.,Simulation-only network evidence; centralized routing and congestion-pattern assumptions; no field validation.,Publisher abstract and practical-applications summary reviewed,Kept / merged unique record,Routing / network control,Other / not clearly specified; centralized routing,Road network; mixed CAV/HDV traffic,CAV; CACC; HDV,Shifted/redistributed congestion; network congestion,Average delay; travel time; network congestion state,present,New unique record screened and retained in final literature update.
Final update #2,Author final literature update — published study,Kim et al. 2023,2023,Lane-changing control with balancing lane flow at freeway merge bottlenecks in a connected vehicle environment: Application of a PID controller,"Yongju Kim, Dongju Ka, Chungwon Lee","IET Intelligent Transport Systems, 17(11), 2313-2332",https://doi.org/10.1049/itr2.12412,,Microscopic simulation with calibrated real-world network case,Freeway merge bottleneck; hypothetical and calibrated real-world network,CV; CHV; CAV,Direct bottleneck/congestion mitigation,Lane-use/lane-changing control; Capacity drop; Queue/discharge; Connected mixed traffic,Tier 1,PID feedback lane-changing control / lane-flow balancing,Lane-flow imbalance; discharge flow; capacity drop; travel time; queue/cumulative counts,Yes,No,"PID feedback balances lane flow before a freeway merge; simulations reduce imbalance and travel time and improve discharge, with stronger capacity-drop relief under high demand than non-feedback lane-changing control.",Simulation-only; connected-vehicle execution/compliance assumptions; no field deployment.,Study details verified,Kept / merged unique record,Lateral / lane-use control,Rule-based/control law; PID feedback,Freeway merge bottleneck; connected mixed traffic,CV; CHV; CAV,Congestion onset/breakdown; Capacity drop; Queue formation/discharge; Lane-changing friction,Lane-flow imbalance; discharge flow; capacity drop; travel time; cumulative counts,present,New unique record screened and retained in final literature update.
Final update #3,Author final literature update — published study,Ma and He 2024,2024,Providing real-time en-route suggestions to CAVs for congestion mitigation: A two-way deep reinforcement learning approach,"Xiaoyu Ma, Xiaozheng He","Transportation Research Part B: Methodological, 189, 103014",https://doi.org/10.1016/j.trb.2024.103014,,Analytical/game-theoretic modeling + numerical network simulation,Road network; en-route CAV routing,CAV,Network-level routing / congestion mitigation,Routing/DTA; RL/MARL; correlated equilibrium; system travel time,Tier 1,Two-way deep RL with information-provider route suggestions,Total system travel time; individual travel time; route-loading/redistribution,No,Yes,CAVs learn en-route choices while an information provider learns route suggestions. The framework reduces total system travel time in numerical experiments while targeting correlated-equilibrium coordination between user and system objectives.,Numerical/theoretical network evidence; CAV-centric information assumptions; no field validation or heterogeneous human response in core formulation.,Bibliographic details verified,Kept / merged unique record,Routing / network control,RL/MARL; Game-theoretic control,Road network; CAV system,CAV,Shifted/redistributed congestion; route-loading inefficiency,Total system travel time; individual travel time,present,Routing reference cases and network setting verified.
Final update #4,Author final literature update — Wiley publisher article,Daiquan Xiao 2022,2022,Reinforcement learning based mainline dynamic speed limit adjustment of expressway off-ramp upstream under connected and autonomous vehicles environment,"Daiquan Xiao, Shengyang Kang, Xuecai Xu, Zhenwu Shen","IET Intelligent Transport Systems, 16(12), 1809-1819",https://doi.org/10.1049/itr2.12225,,RL control + microscopic simulation,Expressway off-ramp bottleneck and upstream mainline,CAV; connected-vehicle environment,Direct bottleneck/congestion mitigation,RL/MARL; variable speed control; off-ramp queue; spillback,Tier 1,Q-learning mainline dynamic speed limit,Total travel time; delay; speed; service volume; queue length; off-ramp spillover,No,No,"Q-learning VSL reduced total travel time by 32.75% versus no control, shortened/delayed off-ramp queues, and reduced mainline impacts of queue spillover in VISSIM.",Simplified VISSIM scenario; no field validation; CAV execution/communication assumptions idealized; slow Q-learning convergence.,Publisher Study details verified,Kept / merged unique record,Longitudinal / speed control,RL/MARL; Q-learning; rule-based VSL comparator,Expressway off-ramp bottleneck; CAV environment,CAV,Queue formation/discharge; physical spillback,Travel time; delay; speed; service volume; queue length; spillover,present,New unique record screened and retained in final literature update; reward values not used as congestion metrics.
Final update #5,Author final literature update — technical report,Cummings et al. 2023,2023,Smart Connected and Automated Vehicle Fleet Management: Developing Regional Dispatch Decision Support for Congestion Mitigation,"M. L. Cummings, N. M. Rouphail, R. Srinivasan, S. Samandar, T. Das, T. Saleem, N. R. Shah","North Carolina Department of Transportation Final Report, FHWA/NC/TCE2020-02 (P2)",https://rosap.ntl.bts.gov/view/dot/78872,,Technical report; decision-support simulation + field platoon/model-assessment components,Regional dispatch planning; highway mixed-traffic platoons,AV; CV,Contextual deployment / dispatcher decision support,Fleet management; decision support; AV model calibration; safety/conflict context,Tier 3,Dispatcher decision support / scenario analysis,Congestion/throughput indicators; traffic conflicts; response time; AV model calibration,No / not central,Scenario/dispatch planning only,"Develops a dispatcher-facing congestion decision-support tool and evaluates AV platoon conflict/modeling issues. The AV-specific analysis is mainly planning, safety, and model-calibration context rather than an AV/CAV-executed congestion-control intervention.",Does not directly evaluate an AV/CAV-executed or coordinated congestion-control action; technical report broadens publication-type scope without adding a necessary mechanism/control result.,Full technical report reviewed,Kept / merged unique record,Network/system context,Other / not clearly specified,Regional/network planning; highway mixed traffic,AV; CV,Contextual congestion management only,Throughput/congestion indicators; conflict surrogates; response time,stable URL,New unique record screened during final update but excluded from retained manuscript corpus: dispatcher decision support and AV safety/model-calibration context do not add a direct or necessary supporting congestion-control result.
Comments 7-10 update #1,"Targeted closest-comparator review check, 2026-09-15",Wu et al. 2026,2026,A survey on dedicated lane management for connected autonomous vehicles in mixed traffic flow,Yunxia Wu; Jinrun Wang; Zhihong Yao,"Physica A: Statistical Mechanics and its Applications, 696, 131660",https://doi.org/10.1016/j.physa.2026.131660,,Review/survey,Multiple facility contexts; review scope,CAV; HDV,Dedicated / managed-lane system context,Mixed traffic; dedicated lanes; traffic-flow modeling; lane management; network optimization,Tier 2,Not applicable (review),Traffic efficiency; capacity; congestion; lane interactions (review scope),Not applicable (review),Not applicable (review),"Reviews 160 peer-reviewed publications from 2016-2025 on traffic-flow modeling, dedicated-lane management, intersection control and network optimization.",Secondary review evidence; not an original AV/CAV congestion-control experiment.,Bibliographic details and review scope verified,Kept / merged unique record,System context / review,Not applicable,Multiple contexts (review),CAV; HDV,Lane interactions; capacity; congestion; network traffic efficiency,Not applicable (review),present,New contextual/system review; no operational Figure 2 marker or S5 row.
